PDB	Alpha_identity	Alpha_ChainID	Beta_UniProt	Beta_ChainID	Gamma_UniProt	Gamma_ChainID	Note	Alpha_label_asym_id	Beta_label_asym_id	Gamma_label_asym_id	Alpha_alpha5_identity	Alpha_backbone
20ZX	gnaq_human	A	gbb1_rat	B	gbg2_bovin	G	Gα chimera based on a mini-Gαs scaffold (gnas2_human) with N-terminal residues from Gαi1 (gnai1_human) and the C-terminal α5 helix from Gαq (gnaq_human). Contains G203A and A326S stabilizing mutations.	D	A	B	gnaq_human	unknown
21DU	gnas2_human	A	gbb1_human	B	gbg2_human	C	Engineered miniGs protein.	A	B	C		gnas2_human
23SO	gnai1_human	A	gbb1_rat	B	gbg2_bovin	C	Heterotrimeric Gi protein complex consisting of human Gαi1, rat Gβ1, and bovine Gγ2 subunits.	F	A	B	gnai1_human	gnai1_human
24XY	gnaq_human	A	gbb1_rat	B	gbg2_bovin	G	Engineered chimeric mini-Gs/q protein (miniGsqi) based on the mini-Gs backbone (gnas2_human) with C-terminal modifications for Gq/Gi specificity, fused to the C-terminus of a Gng2 (gamma) subunit.	B	C	D		
25IK	gnaq_human	A	gbb1_human	B	gbg2_mouse	C	Gs-mini-Gq chimera (miniGsqiN). The protein is an engineered chimera consisting of a Gs scaffold with a Gq specificity tail (C-terminal α5 helix).	B	C	D		gnas2_human
25IL	gnaq_human	A	gbb1_human	B	gbg2_mouse	C	MiniGq protein: chimeric G protein with a mini-Gs scaffold (gnas2_human) and the C-terminal α5 helix from Gq (gnaq_human) for specificity. Note that the G-gamma subunit is described as fused to the alpha subunit in the paper, but modeled as separate chains in the PDB.	D	A	B		gnas2_human
25ST	gnat3_human	A	gbb3_human	B	gbg13_human	G	G alpha chimera of Gnat3 (gustducin) and Gnai1; Gnat3 residues used for the alpha 5 helix.	A	B	C	gnat3_human	gnai1_human
25SU	gnat3_human	A	gbb3_human	B	gbg13_human	G	Gα subunit is a chimera of Gαi1 (P63096) and Gαt3 (A8MTJ3); the C-terminal α5 helix is derived from Gαt3 (gustducin). The chain is modeled as a 239-residue fragment.	E	D	C	gnat3_human	gnai1_human
26XH	gnaq_human	A	gbb1_human	B	gbg2_human	G	Engineered chimeric G protein; miniGαs skeleton with the N-terminus replaced by Gαi1 for scFv16 binding. Gq specificity determinant is maintained.	A	E	B		
2X72	gnat1_bovin	B					Only the 11-residue C-terminal fragment (GalphaCT) of transducin alpha is present, containing an engineered Lys341Leu mutation to increase affinity.	B				unknown
3DQB	gnat1_bovin	B					Only the C-terminal/alpha5 fragment (residues 340-350, ILENLKDCGLF) of Gnat1 is modelled. It contains a K341L mutation which increases affinity for the active receptor.	B				unknown
3PQR	gnat1_bovin	B					Transducer-mimetic peptide (GαCT2) derived from the transducin Gα C terminus (residues 340-350) with K341L and C347V mutations. Only the C-terminal/α5 fragment is modelled.	B				unknown
3SN6	gnas2_bovin	A	gbb1_rat	B	gbg2_bovin	G	Nucleotide-free Gs heterotrimer. Subunits are from different species (Bovine alpha and gamma, Rat beta) but are not chimeras.	A	B	C		gnas2_bovin
4A4M	gnat1_bovin	B					Only the C-terminal/alpha5 fragment is modelled (residues 340-350). It includes the K341L mutation to increase binding affinity.	B				unknown
4BEY	gnat1_bovin	B					Only the C-terminal/alpha5 fragment (GaCT2 peptide, residues 340-350) is modeled.	B				unknown
4J4Q	gnat1_bovin	B					Engineered G protein-mimetic peptide (GaCT2) comprising the C-terminal 11 residues of Galpha-t (transducin) used to stabilize the active receptor state.	B				unknown
4X1H	gnat1_bovin	C					Only the C-terminal/α5 fragment (Gα-CT) is modelled. It is an engineered high-affinity peptide mimetic of transducin (Gt).	B				unknown
5EN0	gnat3_bovin	B					Only the C-terminal/alpha5 fragment (GaCT2 peptide) of the G protein alpha subunit is modeled.	B				unknown
5UZ7	gnas2_human	A	gbb1_human	B	gbg2_human	G	Heterotrimeric Gs protein (short isoform). The alpha-helical domain (AHD) was not modeled due to conformational flexibility.	A	B	C	gnas2_human	gnas2_human
5WKT	gnat1_bovin	B					Modelled as a C-terminal peptide fragment (GalphaCT2, residues 340-350) of the Transducin alpha-1 subunit (GNAT1). The peptide sequence is ILENLKDVGLF.	B				unknown
6CMO	gnai1_human	A	gbb1_rat	B	gbg2_bovin	G	Engineered dominant-negative Gαi1 containing G203A and A326S mutations (source: ref 26) to stabilize the nucleotide-free complex.	B	C	D	gnai1_human	gnai1_human
6E67	gnas2_human	A					Only the C-terminal α5 fragment (residues 381-394) is modelled as a fusion with the receptor and T4-lysozyme.	A			gnas2_human	gnas2_human
6K42	gnai1_bovin	A	gbb1_mouse	B	gbg2_human	G	The Gi1 heterotrimer consists of bovine Gai1, mouse Gb1 (metadata reported species), and human Gg2. The paper mentions Gb1 as rat, but the UniProt accession provided is mouse.	A	B	C		gnai1_bovin
6NBF	gnas2_bovin	A	gbb1_rat	B	gbg2_bovin	G	Engineered dominant-negative Gs protein (DNGs) with G226A and A366S mutations; the C-terminal alpha 5 helix is swapped with residues 348-354 from Gi1 to facilitate Nb35 binding.	C	D	E		
6NBH	gnas2_bovin	A	gbb1_rat	B	gbg2_bovin	G	Engineered Gs alpha subunit with dominant-negative mutations (likely G226A and A366S, as cited in Ref 13). Metadata identifies it as a chimera of bovine Gs (P04896) and bovine Gi1 (P63097).	C	D	E		
6NBI	gnas2_bovin	A	gbb1_rat	B	gbg2_bovin	G	Dominant-negative Gs alpha subunit (G226A mutation) engineered as a chimera with C-terminal segments from bovine Gi1 (P63097) to enable stabilization by Nb35.	C	D	E		
6NWE	gnat1_bovin	B					C-terminal alpha 5 fragment (CT2 peptide) of transducin alpha-1 subunit.	B				unknown
6OIJ	gna11_human	A	gbb1_human	B	gbg2_human	G	Chimeric Gα11 protein (G11iN) where the αN helix is replaced by that of Gαi1 to facilitate binding of the stabilizing scFv16.	A	D	E	gna11_human	gna11_human
6OY9	gnat1_bovin	A	gbb1_bovin	B	gbg1_bovin	G	Engineered Gt-alpha/Gi1-alpha chimera (rGaT) in which 18 residues were replaced with corresponding residues from Gai1 to facilitate purification; the complex is in a nucleotide-free state.	A	B	C		
6OYA	gnat1_bovin	A	gbb1_bovin	B	gbg1_bovin	G	Gt-alpha/Gi1-alpha chimera; 18 residues of Gnat1 were replaced with the corresponding residues from Gai1 (Gnai1) to facilitate purification.	A	B	C		
6PB0	gnas2_human	A	gbb1_human	B	gbg2_human	G	Engineered chimeric G protein (DNGs). The alpha subunit is a chimera constructed from Gs and Gi1 components, with the Gs alpha5 helix (tail) for receptor specificity.	C	D	E	gnas2_human	gnas2_human
6PEL	gnat1_bovin	B					Only the C-terminal fragment (11 residues, alpha 5 helix) of Transducin (Gnat1) is modeled.	B				unknown
6PGS	gnat2_bovin	B					Only the C-terminal/alpha5 fragment (G alpha CT2 peptide) is modelled.	B				unknown
6PH7	gnat2_bovin	B					Only the C-terminal/α5 fragment (CT2 peptide) of the G protein alpha subunit is modelled.	B				
6QNO	gnai1_human	A	gbb1_bovin	B	gbg1_bovin	G	Heterotrimeric Gi complex composed of human Gai1 and bovine Gbeta1gamma1.	A	B	C	gnai1_human	gnai1_human
6VMS	gnai1_rat	A	gbb1_human	B	gbg2_human	C	Engineered dominant-negative rat Gi1 alpha subunit with S47N, G203A, and E245A mutations.	A	B	C		gnai1_rat
6WHA	gnaq_human	B	gbb1_human	C	gbg2_human	D	Engineered mini-Gq protein (Gaq-i2 chimera). The N-terminal 35 amino acids of mini-Galpha-q were replaced by the corresponding sequence from Gai2 (gnai2_human) to facilitate scFv16 binding.	B	C	D	gnaq_human	gnas2_human
6XBL	gnai1_human	A	gbb1_human	B	gbg2_human	G	Engineered dominant-negative heterotrimeric Gi protein.	B	C	D	gnai1_human	gnai1_human
6XBM	gnai1_human	A	gbb1_human	B	gbg2_human	G	Heterotrimeric Gi1 protein complex.	B	C	D	gnai1_human	gnai1_human
6XOX	gnas2_human	A	gbb1_human	B	gbg2_human	G	Gαs/Gi chimera (GsiN18) with residues 1-18 of Gai at its N-terminus, replacing residues 1-25 of Gas, to allow scFv16 stabilization.	A	B	D	gnas2_human	gnas2_human
7AD3	gpa1_yeast	E	gbb_yeast	F	gbg_yeast	G	Engineered mini-Gpa1 based on the mini-G protein concept. Mutations include G50D, E51N, A345D, E348D, M450A, V453I; deletions include the alpha-helical domain (66-299) and switch III (350-359). Chain E is the full mini-Gpa1 subunit; Chain H is the C-terminal alpha5 helix fragment bound to the second receptor protomer.	F	E	G	gpa1_yeast	gpa1_yeast
7BW0	gnas2_human	A	gbb1_rat	B	gbg2_bovin	G	Engineered Gs protein used for complex stabilization.	B	C	D	gnas2_human	gnas2_human
7CFM	gnas2_human	A	gbb1_human	B	gbg2_human	G	Engineered dominant-negative Gs protein with S54N, G226A, E268A, N271K, K274D, R280K, T284D and I285T mutations.	A	B	C	gnas2_human	gnas2_human
7CFN	gnas2_human	A	gbb1_human	B	gbg2_human	G	Dominant negative Gs protein with mutations S54N, G226A, E268A, N271K, K274D, R280K, T284D, and I285T.	A	B	C	gnas2_human	gnas2_human
7CKZ	gnas2_human	A	gbb1_human	B	gbg2_human	G	Engineered dominant-negative Gs protein (DNGas).	A	B	C	gnas2_human	gnas2_human
7CZ5	gnas2_human	A	gbb1_rat	B	gbg2_bovin	G	Engineered dominant-negative Gs protein (DNGs) used to stabilize the complex.	B	D	E	gnas2_human	gnas2_human
7D68	gnas2_bovin	A	gbb1_bovin	B	gbg2_bovin	G	Gαs/Gαi1 chimera with G226A and A366S dominant-negative mutations. The metadata lists UniProt IDs for both Gs and Gi1 (P04896, P63097); while the paper identifies it as Gαs, it cites methodology (Ref 43) used for Gαi1 dominant-negative subunits, suggesting a Gi1 body with a Gs C-terminus.	A	B	C		gnas2_bovin
7D76	gnao_human	A	gbb1_human	B	gbg2_human	G	Engineered miniGalpha_o1 protein with H-domain deletion and G-protein GPS site mutation (H248A/T250A) in the receptor to facilitate complex formation.	A	B	C	gnao_human	gnao_human
7D77	gnao_human	A	gbb1_human	B	gbg2_human	G	Engineered human Galphao1 with H domain deletion (miniGalphao). Palmitoylation is observed at C351.	A	B	C	gnao_human	gnao_human
7DFL	gnaq_human	A	gbb1_human	B	gbg2_human	G	Gα chimera (GqiN) in which the N-terminus (residues 1-32) of Gq was replaced by the N-terminus (residues 1-28) of Gi1 to enable binding of scFv16.	D	B	C	gnaq_human	gnaq_human
7DTY	gnas2_bovin	A	gbb1_rat	B	gbg2_bovin	G	Dominant-negative bovine Gs protein with S54N, G226A, E268A, N271K, K274D, R280K, T284D, and I285T mutations.	C	D	E		gnas2_bovin
7E14	gnas2_human	A	gbb1_bovin	B	gbg2_human	G	Chimeric mini-Gs protein: Gαs Ras domain (P63092) fused with Gi1 (P63096) segments: N-terminus (residues 1-18) and alpha-helical domain (AHD, residues 60-180). Also contains 8 dominant-negative mutations: S54N, G226A, E268A, N271K, K274D, R280K, T284D, and I285T.	A	B	C		
7E2X	gnai1_human	A	gbb1_human	B	gbg2_human	G	Engineered dominant-negative G protein with S47N, G203A, A326S and E245A mutations.	A	B	C	gnai1_human	gnai1_human
7E2Y	gnai1_human	A	gbb1_human	B	gbg2_human	G	Engineered dominant-negative G protein with S47N, G203A, A326S, and E245A mutations.	A	B	C	gnai1_human	gnai1_human
7E2Z	gnai1_human	A	gbb1_human	B	gbg2_human	G	Dominant-negative human Gai1 with S47N, G203A, A326S, and E245A mutations to improve stability and coupling.	A	B	C	gnai1_human	gnai1_human
7EIB	gnaq_human	B	gbb1_rat	C	gbg2_bovin	E	Engineered Gαq chimera based on a mini-Gαs scaffold (Gnas2_human) with the N-terminus of Gαi1 and specificity determinants (α5 helix) from Gαq. Contains dominant-negative mutations G203A and A326S.	C	D	E		
7EQ1	gnas2_bovin	A	gbb1_rat	B	gbg2_bovin	Y	Engineered Gs alpha subunit with high thermal stability mutations (from reference 30) and N-terminal replacement (residues 1-18) with the corresponding residues from Gαi1 (gnai1_bovin) for stabilization.	A	E	D		
7EWP			gnb5_human	D					D			
7EWR			gnb5_human	D					F			
7EZM	gnaq_human	A	gbb1_human	B	gbg2_human	G	Galpha-q chimera with its N-terminal alpha-N helix (residues 1-29) replaced by the equivalent region of Galpha-i1 to facilitate scFv16 binding. The construct also includes dominant-negative mutations equivalent to G203A and A326S in Galpha-i1.	A	B	D	gnaq_human	gnaq_human
7F16	gnas2_human	A	gbb1_rat	B	gbg2_bovin	G	Engineered dominant-negative human Gs protein with eight mutations (S54N, G226A, E268A, N271K, K274D, R280K, T284D, and I285T).	C	D	E	gnas2_human	gnas2_human
7F2O	gnaq_human	A	gbb1_rat	B	gbg2_bovin	Y	Gαq chimera based on mini-Gαs/q71 scaffold with N-terminus from gnai1_human and dominant-negative mutations G203A and A326S.	A	B	F		
7F4D	gnas2_human	A	gbb1_human	B	gbg2_human	G	Gα chimera from gnas2_human and gnai1_human; the N-terminus (M1–K25) and α-helical domain (AHD) of Gαs were replaced by those of human Gαi; also contains dominant-negative mutations G226A and A366S.	B	D	A	gnas2_human	gnas2_human
7F4F	gnas2_human	A	gbb1_human	B	gbg2_human	G	Gαs chimera based on miniGs; the N-terminus (M1-K25) and alpha-helical domain (AHD, G67-L203) were replaced by the corresponding regions of Gαi1 to facilitate scFv16 binding.	C	E	D	gnas2_human	gnas2_human
7F4H	gnas2_human	A	gbb1_human	B	gbg2_human	G	Gαs-Gαi chimera: The N-terminus (M1–M18) and α-helical domain (AHD, G60–K180) of human Gαi were substituted into Gαs to bind scFv16. Contains dominant-negative mutations G226A and A366S.	B	D	A	gnas2_human	gnas2_human
7F4I	gnas2_human	A	gbb1_human	B	gbg2_human	G	Engineered miniGs protein with switch III deletion and multiple mutations (G49D, E50N, L63Y, A249D, S252D, L272D, I372A, V375I, G226A, A366S). Chimeric Gs/Gi: the N-terminus (M1-K25) and alpha-helical domain (G67-L203) of Gas were replaced by segments from human Gai1 (M1-M18 and G60-I180).	B	D	A	gnas2_human	gnas2_human
7F6G	gnaq_human	B	gbb1_human	C	gbg2_human	D	Engineered Gαq protein with dominant-negative mutations R183Q and Q209L to stabilize the complex.	C	D	E	gnaq_human	gnaq_human
7F6H	gnaq_human	B	gbb1_human	C	gbg2_human	D	Engineered Gq protein with dominant-negative mutations R183Q and Q209L to stabilize the complex and reduce GDP affinity.	C	D	E	gnaq_human	gnaq_human
7F8W	gnaq_human	A	gbb1_human	B	gbg2_human	C	A Gq chimera was generated by replacing the N-terminal 30 amino acids with the N-terminal 24 amino acids of Gi1 (P63096) to improve complex stability.	A	B	C	gnaq_human	gnaq_human
7F9Y	gnaq_human	A	gbb1_human	B	gbg2_human	G	Engineered multifunctional Gα chimera based on a mini-Gαs scaffold (P63092) with its N-terminus replaced by Gαi1 (P63096) sequences to facilitate NB35 binding, and specificity determinants (α5 helix) from Gαq (P50148).	A	B	D	gnaq_human	gnas2_human
7F9Z	gnaq_human	A	gbb1_human	B	gbg2_human	G	Engineered Gαq chimera based on a mini-Gαs skeleton with a Gαi1 N-terminus to facilitate Nb35/scFv16 binding; the C-terminal α5 helix provides Gq-coupling specificity.	A	B	E	gnaq_human	gnas2_human
7FIG	gnas2_bovin	A	gbb1_rat	B	gbg2_bovin	G	Engineered Gαs chimera based on a mini-Gs scaffold; the N-terminal 1-18 amino acids and the α-helical domain are from human Gαi1, while the remainder is from Bos taurus Gαs. It contains the dominant-negative mutations G226A, A366S, and L272D.	A	B	C	gnas2_human	gnas2_bovin
7FIH	gnas2_bovin	A	gbb1_rat	B	gbg2_bovin	G	Gαs chimera with segments from Bos taurus Gs and human Gi1 (N-terminus 1-18 and alpha-helical domain). Contains dominant-negative mutations G226A, A366S, and L272D.	A	B	C	gnas2_human	gnas2_bovin
7FII	gnas2_bovin	A	gbb1_rat	B	gbg2_bovin	G	Engineered Gs alpha chimera based on mini-Gs, with the N-terminal 1-18 amino acids and alpha-helical domain replaced by human Gi1; contains mutations G226A, A366S, and L272D.	A	B	C	gnas2_human	gnas2_bovin
7FIM	gnas2_bovin	A	gbb1_rat	B	gbg2_bovin	G	Engineered dominant-negative bovine Gs alpha subunit (DNGas) with 9 mutations: S54N, G226A, E268A, N271K, K274D, R280K, T284D, I285T, and A366S.	C	B	E		gnas2_bovin
7FIN	gnas2_bovin	A	gbb1_rat	B	gbg2_bovin	G	Engineered dominant-negative Gs protein with 8 mutations (S54N, G226A, E268A, N271K, K274D, R280K, T284D and I285T) to help stabilize the complex.	C	D	E		gnas2_bovin
7FIY	gnas2_bovin	A	gbb1_rat	B	gbg2_bovin	G	Engineered dominant-negative bovine Gs alpha subunit (DNGas) with 9 mutations (S54N, G226A, E268A, N271K, K274D, R280K, T284D, I285T and A366S).	C	D	E		gnas2_bovin
7JJO	gnas2_bovin	A	gbb1_bovin	B	gbg2_bovin	G	The Gs protein is a heterotrimer of bovine Galpha-s, Gbeta1, and Ggamma2 with a C68S mutation in Ggamma2.	C	A	D		gnas2_bovin
7KI0	gnas2_human	A	gbb1_human	B	gbg2_human	G	Engineered dominant-negative Gas (DNGas) containing point mutations S54N, G226A, E268A, N271K, K274D, R280K, T284D, I285T, and A366S.	A	B	C	gnas2_human	gnas2_human
7L1U	gnaq_human	A	gbb1_human	B	gbg2_human	C	Mini-Gsqi: an engineered chimeric G protein alpha subunit containing the N-terminal alpha-helix of human Gnai1 fused to a mini-Gs/q71 scaffold.	A	B	C		gnas2_human
7L1V	gnaq_human	A	gbb1_human	B	gbg2_human	C	Mini-Gsqi chimera: an engineered G protein alpha subunit based on the mini-Gsq71 construct (derived from Gs, gnas2_human) with residues 4-18 of human Gnai1 (alphaN helix) at the N-terminus to enable scFv16 binding.	A	B	C		gnas2_human
7LJC	gnas2_human	A	gbb1_rat	B	gbg2_bovin	G	Engineered human Gs alpha subunit (miniGs_DN).	B	C	D		
7LJD	gnas2_human	A	gbb1_rat	B	gbg2_bovin	G	Engineered miniGs protein (miniGalpha_DN). The 'DN' suffix denotes a dominant-negative mutation (S252N) to stabilize the complex.	B	C	D		
7MBY	gnaq_human	A	gbb1_rat	B	gbg2_human	G	mGsqi chimera. Engineered based on a mini-Gs (gnas2_human) scaffold with the C-terminal alpha 5 helix (αH5) substituted with residues from Gq and the N-terminal alpha N helix (αN) from Gi1 (gnai1_human).	E	A	B		gnas2_human
7P00	gnaq_human	A	gbb1_human	B	gbg2_human	G	Gq chimera (mGsqi). Engineered mini-Gsq70 protein based on a mini-Gs (gnas2_human) scaffold with the N-terminal 18 residues replaced by those of Gai1 (gnai1_human).	D	B	C		gnas2_human
7QVM	gnaq_human	A	gbb1_human	B	gbg2_human	G	Engineered mini-Go chimera with the alpha 5 helix substituted with residues from Gq (H5.16-H5.26) and the N-terminus replaced with Gi1 residues (N-terminal 18 amino acids).	A	B	C		gnao_human
7RAN	gnaq_human	B	gbb1_human	C	gbg2_human	D	Engineered mini-Gq protein (Gi2-mini-Gq chimera).	B	C	D	gnaq_human	gnas2_human
7RKF	gna11_human	A	gbb1_human	B	gbg2_human	C	Engineered Galpha11 chimera (Galpha11iN18) where the N-terminal residues (1-18) are replaced by the scFv16 binding epitope from Galphai1. Only the C-terminal/alpha5 fragment of the transducer is modeled in its atypical loop conformation.	A	B	C	gna11_human	gna11_human
7RKM	gnai1_human	A	gbb1_human	B	gbg2_human	C	Wild-type human Gi heterotrimer.	A	B	C	gnai1_human	gnai1_human
7RMG	gnaq_human	A	gbb1_human	B	gbg2_human	G	Engineered chimeric miniGs/q70 protein; the scaffold is derived from Gs (gnas2_human) while the C-terminal alpha 5 helix (the GPCR-interacting region) contains mutations to match the Gq sequence.	A	D	E		gnas2_human
7RMI	gnaq_human	A	gbb1_human	B	gbg2_human	G	Chimeric miniGs/q70 protein; the main body is derived from Gs (gnas2_human) and the C-terminal α5 helix is derived from Gq (gnaq_human) to facilitate coupling.	A	D	E		gnas2_human
7RYC	gnaq_human	D	gbb1_human	C	gbg2_human	D	Engineered miniGq/i chimera; it contains a miniGs backbone with mutations and specificity determinants from Gαq and Gαi. Chain D appears to be a fusion of the miniG-alpha and G-gamma-2 subunits.	C	D	C		gnas2_human
7S0F	gnai1_rat	A	gbb1_bovin	B	gbg2_bovin	G	Engineered dominant-negative Galpha-i1 protein with G203A mutation to stabilize the complex.	C	B	D		gnai1_rat
7S0G	gnas2_bovin	A	gbb1_bovin	B	gbg2_bovin	G	Gi/s chimera: rat Galpha-i1 backbone (with G203A mutation) and the C-terminal 11 amino acids replaced by those of bovine Galpha-s.	C	B	D		gnai1_rat
7S3I	gnas2_human	A	gbb1_human	B	gbg2_human	G	Engineered dominant-negative Gs protein (DNGs).	A	B	C	gnas2_human	gnas2_human
7S8L	gnaq_human	B	gbb1_human	C	gbg2_human	D	Engineered G protein. Gs-mini-Gq chimera (mini-GalphaqiN) based on a Gs (mini-Gs) body with a C-terminal alpha5 helix from Gq to confer Gq-coupling specificity.	C	D	E		gnas2_human
7S8N	gnaq_human	B	gbb1_human	C	gbg2_human	D	Gs-mini-Gq chimera; engineered mini-G protein with a Gs scaffold and Gq-specific C-terminal residues (alpha5 helix) to allow Gq-like coupling specificity.	A	B	C		gnas2_human
7S8P	gnaq_human	B	gbb1_human	C	gbg2_human	D	Gs-mini-Gq chimera (mini-GαqiN); an engineered mini-Gs protein where the C-terminal alpha 5 helix has been replaced with residues from Gq to define coupling specificity.	A	B	C		gnas2_human
7SHF			gnb5_mouse	D					B			
7SR8	gnaq_human	A	gbb1_human	B	gbg2_human	G	The G protein alpha subunit (mGsqiN) is an engineered chimera. It is based on a mini-Gs/q71 construct (Gs body with Gq alpha5 specificity tail), with the N-terminal residues 1-27 replaced by residues 1-30 from Gαi1.	A	B	C		gnas2_human
7SRR	gnaq_human	B	gbb1_human	C	gbg2_human	D	miniGq is an engineered chimera with a Gi2 scaffold and C-terminal specificity determinants (alpha5 helix) from Gq.	A	B	C	gnaq_human	gnas2_human
7T6T	gnai1_human	A	gbb1_rat	B	gbg2_bovin	C	Engineered dominant-negative G protein with G203A and A326S mutations to decrease nucleotide-binding and increase stability.	A	B	C	gnai1_human	gnai1_human
7T6U	gnai1_human	A	gbb1_rat	B	gbg2_bovin	C	Engineered dominant-negative version of human Gai1 with G203A and A326S mutations to decrease nucleotide-binding and increase complex stability.	A	B	C	gnai1_human	gnai1_human
7T9I	gnas2_human	X	gbb1_human	Y	gbg2_human	Z	Engineered miniGs399 protein; contains only the RAS-like GTPase domain and is thermostabilized. Only the C-terminal/alpha5 fragment is modelled.	E	F	G	gnas2_human	gnas2_human
7TD0	gnai1_mouse	A	gbb1_bovin	B	gbg2_bovin	G	Engineered dominant-negative G protein with G203A mutation.	C	B	D		gnai1_mouse
7TD1	gnai1_mouse	A	gbb1_bovin	B	gbg2_bovin	G	Engineered dominant-negative mouse Gαi1 with G203A mutation; Gγ2 contains a C68S mutation.	C	B	D		gnai1_mouse
7TD2	gnai1_mouse	A	gbb1_bovin	B	gbg2_bovin	G	Engineered dominant-negative G protein with G203A mutation.	C	B	D		gnai1_mouse
7TD3	gnai1_mouse	A	gbb1_bovin	B	gbg2_bovin	G	Engineered dominant-negative G protein with G203A mutation.	B	A	C		gnai1_mouse
7TD4	gnai1_mouse	A	gbb1_bovin	B	gbg2_bovin	G	Engineered mouse Gαi1 with a G203A dominant-negative mutation.	B	A	C		gnai1_mouse
7TRY	gna11_human	A	gbb1_rat	B	a0a9x9za26_rat	G	Gα11 chimera with Gαi1 N-terminus (residues 1-18 substituted for Gα11 residues 1-24) to facilitate scFv16 binding; also contains dominant-negative mutations equivalent to the bovine Gs DNGαs construct.	C	D	E	gna11_human	gna11_human
7TS0	gnao_human	A	gbb1_rat	B	gbg2_mouse	G	Chimeric dominant-negative Gαo (DNGαo) based on a Gαs template; the N-terminus (residues 1-29) and the α-helical domain (residues 59-175) are replaced with sequences from Gαi1 to enable scFv16 binding.	C	D	E		
7UTZ	gnas2_human	X	gbb1_human	Y	gbg2_human	Z	The G protein alpha subunit is miniGs399, an engineered and thermostabilized RAS-like GTPase domain of the Gs alpha subunit short isoform.	E	F	G	gnas2_human	gnas2_human
7V35	gnas2_human	A	gbb1_rat	B	gbg2_bovin	C	Engineered dominant-negative Gs protein (DNGs) with 8 mutations (S54N, G226A, E268A, N271K, K274D, R280K, T284D, and I285T).	A	B	C	gnas2_human	gnas2_human
7VKT	gnai1_human	B	gbb1_human	C	gbg2_human	D	Engineered dominant-negative Gai1 with S47N, G203A, A326S and E245A mutations to stabilize the complex.	B	C	D	gnai1_human	gnai1_human
7VQX	gnas2_bovin	A	gbb1_rat	B	gbg2_bovin	G	Engineered dominant-negative bovine Gs protein with mutations S54N, G226A, E268A, N271K, K274D, R280K, T284D, I285T, and A366S to increase complex stability.	A	B	C		gnas2_bovin
7VUH	gnaq_human	A	gbb1_human	B	gbg2_human	G	Engineered miniGs/q protein (Gs backbone with Gq-mimicking residues). Contains an I372A mutation in the alpha 5 helix to inhibit GTP-mediated dissociation.	A	B	C		gnas2_human
7VUI	gnaq_human	A	gbb1_human	B	gbg2_human	G	Engineered miniGs/q protein, a truncated and stabilized G protein chimera. An I372A mutation was introduced to the alpha5 helix to inhibit GTP-mediated dissociation.	A	B	C		gnas2_human
7VUJ	gnaq_human	A	gbb1_human	B	gbg2_human	G	miniGs/q protein; an engineered Gs scaffold with C-terminal residues from Gq to switch coupling specificity, also containing an I372A mutation to stabilize the complex.	A	B	C		gnas2_human
7VUY	gnai1_human	A	gbb1_human	B	gbg2_human	G	Engineered dominant-negative Gαi1 (DN-Gαi1) with S47N, G203A, E245A, and A326S mutations to stabilize the complex.	B	C	D	gnai1_human	gnai1_human
7VUZ	gnai1_human	A	gbb1_human	B	gbg2_human	G	Engineered dominant-negative Galpha-i1 protein with S47N, G203A, E245A, and A326S mutations to stabilize the complex.	B	C	D	gnai1_human	gnai1_human
7W3Z	gnaq_human	B	gbb1_human	C	gbg2_human	D	Gαq/i chimera: N-terminal 35 residues of Gαq (P50148) replaced with N-terminal 29 residues of Gαi (P63096) to facilitate scFv16 binding; contains stabilizing dominant-negative mutations R183Q and Q209L.	C	D	E	gnaq_human	gnaq_human
7W40	gnaq_human	B	gbb1_human	C	gbg2_human	D	Gαq/Gαi chimera where the N-terminal 35 residues of Gαq are replaced by the N-terminal 29 residues of Gαi to facilitate scFv16 binding; includes R183Q and Q209L mutations. Gβ1 subunit contains a C-terminal HiBiT fusion.	B	C	D	gnaq_human	gnaq_human
7W53	gnaq_human	A	gbb1_human	B	gbg2_human	G	Engineered Gα chimera (mGαs/q/iN) consisting of a mini-Gαs scaffold with the N-terminus from Gαi1 (to facilitate scFv16 binding) and the C-terminal α5 helix from Gαq to provide coupling specificity.	A	B	E		gnas2_human
7W55	gnaq_human	A	gbb1_human	B	gbg2_human	G	Engineered G protein chimera (mGαs/q/iN) with a mini-Gαs scaffold, Gαi1 N-terminus for scFv16 binding, and Gαq specificity determinants.	A	B	E		gnas2_human
7W56	gnaq_human	A	gbb1_human	B	gbg2_human	G	Engineered Gαq chimera (designated mGαs/q/iN) based on a mini-Gαs scaffold with the N-terminus replaced by sequences from Gαi1 to facilitate scFv16 binding.	A	B	E		gnas2_human
7W57	gnaq_human	A	gbb1_human	B	gbg2_human	G	Engineered Gα chimera (mGαs/q/iN) based on a mini-Gαs scaffold with Gi1 N-terminus for scFv16 binding and Gq C-terminal α5 helix for receptor specificity.	A	B	E		gnas2_human
7W7E	gnao_human	A	gbb1_human	B	gbg2_human	G	Heterotrimeric Go protein used for complex formation.	A	B	C	gnao_human	gnao_human
7WBJ	gnas2_bovin	A	gbb1_rat	B	gbg2_bovin	G	Engineered dominant-negative Gs heterotrimer; the Gα subunit contains S54N, G226A, E268A, N271K, K274D, R280K, T284D, I285T, and A366S mutations.	C	D	E		gnas2_bovin
7WKD	gnaq_human	A	gbb1_human	B	gbg2_human	G	Gα subunit is a chimera; metadata identifies Gs (gnas2_human) and Gi1 (gnai1_human) components, while the paper describes it as a 'modified version of Gq' utilizing the Gq alpha-5 helix for coupling specificity.	A	B	D		
7WQ4	gnaq_human	A	gbb1_rat	B	gbg2_bovin	G	Engineered Gq chimera originated from a mini-Galpha s scaffold with its N-terminus replaced by Galpha i1 sequences.	C	D	F		gnas2_human
7WU3	gnas2_human	A	gbb1_human	B	gbg2_human	C	Engineered dominant-negative miniGs protein (miniGalpha-s) containing mutations G49D, E50N, A249D, S252D, L272D, I372A, and V375I, and lacking the alpha-helical domain.	A	B	C	gnas2_human	gnas2_human
7WU5	gnai1_human	A	gbb1_human	B	gbg2_human	C	Engineered miniGi1 protein with truncated alpha-helical domain and multiple point mutations (G42D, E43N, G217D, T219A, A226D, P287Q, V332A and V335I) for stability.	A	B	C	gnai1_human	gnai1_human
7WUI	gnas2_human	A	gbb1_human	B	gbg2_human	G	Engineered human mini-Gs protein; a chimera where the Gs N-terminus is replaced by equivalent residues from Gi1 (gnai1_human) to facilitate the binding of Nb35 and scFv16.	A	B	C	gnas2_human	gnas2_human
7WV9	gnai2_human	A	gbb1_human	B	gbg2_human	C	Gai2 heterotrimer complex. Note: Paper text mentions Gai1, but PDB metadata specifies Gai2.	A	B	C	gnai2_human	gnai2_human
7WVY	gnai2_human	A	gbb1_human	B	gbg2_human	C	Engineered dominant-negative Gαi2 with four mutations: S47N, G204A, A327S, and E246A.	C	D	E	gnai2_human	gnai2_human
7WXU	gnaq_human	A	gbb1_human	B	gbg2_human	G	Engineered mini-Gαq subunit.	A	B	C	gnaq_human	gnas2_human
7WY5	gnaq_human	A	gbb1_human	B	gbg2_human	G	Engineered mini G alpha q subunit.	A	B	C	gnaq_human	gnas2_human
7X1T	gnaq_human	B	gbb1_bovin	C	gbg2_bovin	F	Engineered mini-G alpha q protein stabilized by the NanoBiT tethering strategy and ScFv16.	C	D	A	gnaq_human	gnas2_human
7X1U	gnaq_human	B	gbb1_bovin	C	gbg2_bovin	F	Engineered mini-G alpha q protein.	C	D	A	gnaq_human	gnas2_human
7X2C	gnas2_human	A	gbb1_human	B	gbg2_human	D	Engineered mini-Gs protein (truncated and mutated Gαs, mini-Gs399); initially expressed as a fusion with the receptor and then cleaved.	B	C	D	gnas2_human	gnas2_human
7X8R	gnas2_human	A	gbb1_rat	B	gbg2_human	G	Engineered dominant-negative Gs protein (DNGs) based on the mini-Gs construct G112.	A	B	C		gnas2_human
7X8S	gnas2_human	A	gbb1_rat	B	gbg2_human	G	Engineered Gs construct G112 (based on mini-Gs) and dominant-negative (DNGαs). Beta subunit linked to HiBiT.	A	B	C		gnas2_human
7XBD	gnaq_human	B	gbb1_human	C	gbg2_human	D	Engineered chimeric mini-G protein (mGαqiN) based on a mini-Gs backbone (gnas2_human) with the C-terminal α5 helix of Gq (gnaq_human) and N-terminus of Gi1 (gnai1_human).	B	C	D	gnaq_human	gnas2_human
7XBW	gnai1_human	C	gbb1_human	D	gbg2_human	E	Engineered dominant-negative human Galpha i1 with S47C, G202T, G203A, E245A, and A326S mutations.	A	B	C	gnai1_human	gnai1_human
7XBX	gnai1_human	C	gbb1_human	D	gbg2_human	E	Engineered dominant-negative Gαi1 protein with S47C, G202T, G203A, E245A, and A326S mutations.	A	B	C	gnai1_human	gnai1_human
7XJK	gnaq_human	B	gbb1_human	C	gbg2_human	D	Engineered thermostable mini-Gq protein (GTPase domain only). It is a chimera where the N-terminal alpha-N helix was replaced by residues from Galpha-i to facilitate scFv16 binding.	B	C	D	gnaq_human	gnas2_human
7XJL	gnaq_human	B	gbb1_human	C	gbg2_human	D	Engineered mini-Gq protein; the N-terminal residues of the alpha-N helix were replaced with equivalent residues from Gai to facilitate scFv16 binding.	B	C	D	gnaq_human	gnas2_human
7XOW	gnaq_human	A	gbb1_human	B	gbg2_human	C	Gq alpha chimera where the alpha-N helix was replaced with that of Gi to facilitate binding of scFv16.	E	B	C	gnaq_human	gnaq_human
7XP4	gnat3_human	A	gbb1_human	B	gbg2_human	G	Chimeric mini-Gs/gust protein. The main body is mini-Gs (derived from Gs, UniProt P63092) and the C-terminal alpha5 helix is replaced by that of G-alpha-gustducin (UniProt P50148).	A	B	C		gnas2_human
7XP5	gnat3_human	A	gbb1_human	B	gbg2_human	G	Chimeric G protein miniGs/gust, where the alpha 5 (a5) helix of miniGs was replaced with the a5 helix of gustducin (gnat3_human).	B	C	D		gnas2_human
7XP6	gnat3_human	A	gbb1_human	B	gbg2_human	G	Chimeric G protein mini-Gs/gustducin; the body is mini-Gs (based on gnas_human) and the C-terminal alpha5 helix was replaced with the alpha5 helix of G-alpha-gustducin (GNAT3_HUMAN, P63092).	A	B	C		gnas2_human
7XV3	gnas2_human	A	gbb1_human	B	gbg2_human	G	Engineered G protein subunit S (mini-Gs); contains deletions and mutations for stability but is derived from the Gs alpha subunit.	C	E	B	gnas2_human	unknown
7XW6	gnas2_human	A	gbb1_human	B	gbg2_human	G	Engineered dominant-negative mini-Gs protein with mutations G226A, A366S, and L272D to increase stability. The constructs used were bovine-derived Galpha and Ggamma and rat-derived Gbeta according to methods, although PDB metadata accessions are human.	A	B	C	gnas2_human	gnas2_human
7XW9	gnaq_human	A	gbb1_rat	B	gbg2_bovin	G	Engineered G protein alpha subunit chimera (GαsqiN) used to stabilize the Gq-coupled complex; the specificity determinant is from Gq. The receptor construct also features a C-terminal truncation at Y348.	B	C	D	gnaq_human	gnas2_human
7XWO	gnaq_human	F	gbb1_rat	C	gbg2_bovin	G	Engineered Gαq protein (G324).	D	B	E		
7XXH	gna11_human	A	gbb1_human	B	gbg2_human	G	Gα11-Gαi1 chimera; the presence of two UniProt IDs (P29992 and P63096) in the metadata for chain A and the use of scFv16 (which binds Gi/o) to stabilize a G11-coupled receptor complex indicates a chimeric alpha subunit.	B	C	D	gna11_human	gna11_human
7Y15	gnai1_human	A	gbb1_mouse	B	gbg2_mouse	C	Engineered dominant-negative Gi protein with G203A and A326S mutations.	A	B	C	gnai1_human	gnai1_human
7Y26	gnaq_human	B	gbb1_human	A	gbg2_human	F	Engineered mini-Gq protein. The N-terminal residues of mini-Gq were replaced with equivalent residues from Galpha-i1 (P63096) to facilitate scFv16 binding.	B	A	F	gnaq_human	gnas2_human
7Y27	gnaq_human	B	gbb1_human	A	gbg2_human	F	Engineered mini-Gq protein (truncated Gαq) with N-terminal residues (residues 1-18) replaced by equivalent residues of Gαi1 to facilitate binding of scFv16.	B	A	E	gnaq_human	gnas2_human
7YDM	gnaq_human	A	gbb1_human	B	gbg2_human	G	Engineered mini-G protein chimera. The metadata lists UniProt accessions for Gs (P63092) and Gi1 (P63096), while the paper identifies the protein as mini-Gas/q, a mini-Gs scaffold with specificity determinants modified for Gq coupling.	A	B	C		gnas2_human
7YFC	gnaq_human	A	gbb1_human	B	gbg2_human	G	G-alpha chimera based on a mini-Gs skeleton (gnas2_human) with the N-terminal (35 amino acids) replaced by G-alpha-i1 (gnai1_human) and two dominant-negative mutations. Note that while it contains Gs segments, it is used here to mimic a Gq complex.	A	B	D		gnas2_human
7YFD	gnaq_human	A	gbb1_human	B	gbg2_human	G	The G alpha subunit is an engineered chimeric protein termed 'miniGqiN' based on a mini-Gs (gnas2_human) skeleton with the N-terminal 35 amino acids replaced by the sequence from G alpha i1 (gnai1_human) and containing dominant-negative mutations (G203A, A326S).	A	B	E		gnas2_human
7YJ4	gnai2_human	I	gbb1_bovin	T	gbg2_bovin	G	Engineered dominant-negative Galpha-i2 with S47N, G204A, E246A, and A327S mutations.	D	G	C	gnai2_human	gnai2_human
7YM8	gnaq_human	B					Engineered chimeric G protein (miniGsq) consisting of a miniGs scaffold (Gnas_human) where the C-terminal alpha5 helix has been replaced with the corresponding sequence from Gq (Gnaq_human) to direct coupling specificity.	A			gnaq_human	gnas2_human
7YMH	gnaq_human	B					Engineered miniGsq chimera; core is human mini-Gs (gnas2_human) with the C-terminal 15 residues (alpha5 helix) replaced by the sequence from human Gq (gnaq_human) to confer Gq-coupling specificity. Only the engineered alpha subunit is present.	B			gnaq_human	gnas2_human
8DCR	gnas2_bovin	A	gbb1_bovin	B	gbg2_bovin	G	Wild-type bovine Gs heterotrimer; gamma subunit contains a C68S mutation.	C	A	D		gnas2_bovin
8DCS	gnas2_bovin	A	gbb1_bovin	B	gbg2_bovin	G	Heterotrimeric bovine Gs protein in a nucleotide-free state.	C	A	D		gnas2_bovin
8DPF	gnaq_human	B	gbb1_human	C	gbg2_human	D	Engineered mini-Gq protein chimeric with Gi2 sequences, specifically described as 'mini-GalphaqiN'.	B	C	D	gnaq_human	gnas2_human
8DPG	gnaq_human	B	gbb1_human	C	gbg2_human	D	Engineered mini-GaqiN chimera containing segments of Gai2 and Gaq; the specificity-determining alpha 5 helix is derived from Gaq (gnaq_human).	B	C	D	gnaq_human	gnas2_human
8DPH	gnaq_human	B	gbb1_human	C	gbg2_human	D	mini-GαqiN chimera; engineered Gi2-mini-Gq chimeric Gα protein.	B	C	D	gnaq_human	gnas2_human
8DPI	gnaq_human	B	gbb1_human	C	gbg2_human	D	Engineered mini-GαqiN chimera; the metadata describes it as a Gi2-mini-Gq chimera designed for structural stability.	B	C	D		gnas2_human
8DWC	gnaq_human	B	gbb1_human	C	gbg2_human	D	Mini-Gs backbone with modifications to mimic Gq specificity (mini-GαqiN construct).	F	B	C		gnas2_human
8DWG	gnaq_human	B	gbb1_human	C	gbg2_human	D	Engineered mini-Gq heterotrimer; the alpha subunit is a Gs-mini-Gq chimera (mini-GqiN construct) with specificity determinants from Gq.	B	C	D	gnaq_human	gnas2_human
8DWH	gnaq_human	B	gbb1_human	C	gbg2_human	D	Gs-mini-Gq chimera: an engineered mini-Gs protein scaffold with the Gq C-terminal tail (alpha 5 helix) to facilitate Gq-coupling.	A	B	C		gnas2_human
8DZR	gnat3_human	B	gbb1_human	C	gbg2_human	D	Gα gustducin/Gi2 chimera. The N-terminal sequence was replaced with the Gi2 sequence for better interaction with scFv16. Also contains dominant-negative mutations S47A, G203A, E245A, H248K, T261D, A326S and N251D.	B	C	D	gnat3_human	gnat3_human
8E9W	gnaq_human	B	gbb1_human	C	gbg2_human	D	miniGq protein; an engineered chimera with a miniGs backbone (based on P63092) and the C-terminal alpha 5 helix from Gq (P29992) to define coupling specificity.	B	C	D	gnaq_human	gnas2_human
8E9Y	gnaq_human	B	gbb1_human	C	gbg2_human	D	miniGq is an engineered Gαq/s chimera consisting of a miniGs scaffold (gnas_human) and the C-terminal α5 helix from Gαq (gnaq_human).	B	C	D	gnaq_human	gnas2_human
8E9Z	gnaq_human	B	gbb1_human	C	gbg2_human	D	miniGq (engineered Gs/Gq chimera based on a Gs backbone with specificity determinants from Gq).	B	C	D	gnaq_human	gnas2_human
8EFQ	gnai1_human	A	gbb1_rat	B	gbg2_bovin	G	Engineered dominant-negative Gai1 subunit with G203A and A326S mutations.	A	B	C	gnai1_human	gnai1_human
8EIT	gnaq_human	A	gbb1_human	B	gbg2_human	C	Engineered chimeric mini-Gα protein (mGsqiN) consisting of elements from Gs, Gq, and Gi, based on a mini-Gs scaffold.	A	B	C		gnas2_human
8EJC	gnaq_human	A	gbb1_human	B	gbg2_human	C	Engineered chimeric mini-G protein (mGsqiN) designed to mimic Gq coupling specificity. It is primarily based on a Gs backbone with residues from Gq and Gi.	A	B	C	gnaq_human	gnas2_human
8EJK	gnaq_human	A	gbb1_human	B	gbg2_human	C	Engineered chimeric mini-G protein mGsqiN, designed to mimic Gq coupling.	A	B	C	gnaq_human	gnas2_human
8F0J	gnas2_human	A	gbb1_human	B	gbg2_human	G	Engineered dominant-negative Gs protein (DNGs). Short isoform (gnas2_human) used.	C	D	E	gnas2_human	gnas2_human
8F2B	gnas2_human	A	gbb1_human	B	gbg2_human	G	Engineered dominant-negative Gs protein (DNGs).	A	B	C	gnas2_human	gnas2_human
8F7Q	gnai1_human	A	gbb1_rat	B	gbg2_bovin	C	Engineered dominant-negative Gs protein (Gai1_4M) with S47N, G203A, E245A, and A326S mutations.	C	D	E	gnai1_human	gnai1_human
8F7R	gnai1_human	A	gbb1_rat	B	gbg2_bovin	C	Engineered Gαi1 (Gai1_4M) with S47N, G203A, E245A, and A326S mutations.	C	D	E	gnai1_human	gnai1_human
8FMZ	gnaq_human	B	gbb1_human	C	gbg2_human	D	MiniGq (MiniGsq71) chimera. The specificity determinant (α5 helix) is from human Gαq (gnaq_human) and the structural backbone is from human Gαs (gnas_human).	A	B	C	gnaq_human	gnas2_human
8FX5	gnai1_mouse	A	gbb1_human	B	gbg2_human	G	Engineered dominant-negative G protein alpha subunit (DNGai1).	E	B	C		gnai1_mouse
8G2Y	gnaq_human	A	gbb1_human	B	gbg2_human	G	MiniG alpha s/q chimera; the bulk of the protein is derived from miniGαs, but six key residues in the C-terminal α5 helix (the specificity determinants) are from Gαq.	A	B	C		gnas2_human
8G59	gnaq_human	A	gbb1_human	B	gbg2_human	Y	Engineered Gαiq chimera based on Gαi1 (P63096) with the C-terminal α5 helix (last 26 residues) replaced by the corresponding sequence from Gαq (P50148).	D	A	B	gnaq_human	gnai1_human
8G94	gnai1_human	B	gbb1_human	C	gbg2_human	D	Heterotrimeric Gi protein.	B	C	D	gnai1_human	gnai1_human
8GY7	gnas2_human	A	gbb1_human	B	gbg2_human	G	Engineered Gs heterotrimer based on miniGs. The alpha subunit is a Gs/Gi chimera (accessions P08754 and Q5JWF2) containing eight mutations and two additional dominant-negative mutations (G226A and A366S).	A	B	C		gnas2_human
8H0P	gnaq_human	A	gbb1_human	B	gbg2_human	G	Engineered chimeric G protein. Chain A is a chimera of human Gs (P63092) and Gi1 (P63096), described in the paper as an engineered Gq-mimetic complex to facilitate coupling.	C	D	F		gnas2_human
8H0Q	gnaq_human	A	gbb1_human	B	gbg2_human	G	Engineered Gq protein (likely a Gs/Gi chimera with Gq C-terminus) designed for stabilization by scFv16. Metadata lists UniProt accessions for GNAS (P63092) and GNAI1 (P63096).	C	D	F		gnas2_human
8H4K	gnaq_human	A	gbb1_human	B	gbg2_human	G	Engineered miniGsq protein. The alpha-H5 (C-terminal) region is from Galpha-q (P50148) inserted into a miniGalpha-s body (P63092/P63096).	A	B	C		gnas2_human
8H4L	gnaq_human	A	gbb1_human	B	gbg2_human	G	Engineered miniGsq protein, a chimera consisting of a miniGs body with the C-terminal alpha 5 helix (αH5) of Gq inserted to confer coupling specificity.	A	B	C		gnas2_human
8H8J	gna13_human	A	gbb1_human	B	gbg2_human	G	Engineered Gα13/iN chimera: the N-terminus (residues 1-18) of human Gα13 was replaced by that of Gαi1 to facilitate scFv16 binding.	A	B	D	gna13_human	gna13_human
8HAF	gnas2_bovin	A	gbb1_rat	B	gbg2_bovin	G	Chimeric bovine Gs backbone with human Gi N-terminus and alpha-helical domain (mDNGs). Specifically, the bovine Gαs N-terminus (M1-K25) and alpha-helical domain (F68-L203) were replaced with human Gαi N-terminus (M1-M18) and AHD (Y61-K180). Contains dominant-negative mutations G226A and A366S.	A	B	C	gnas2_human	gnas2_bovin
8HAO	gnas2_bovin	A	gbb1_rat	B	gbg2_bovin	E	Modified bovine Gs alpha (DNGalpha_s) with G226A and A366S mutations, a deletion of residues 254-263, and the alpha-helical domain (AHD, residues 68-205) replaced by that of human Gi alpha (residues 61-182) to facilitate stabilization.	A	B	E	gnas2_human	gnas2_bovin
8HCQ	gnaq_human	A	gbb1_human	B	gbg2_human	G	Chimeric mini-Gq subunit with its N-terminal 35 residues replaced by the corresponding sequence in Gi2 to facilitate scFv16 binding. The Gbeta1 subunit is also fused to a HiBiT peptide.	A	B	D	gnaq_human	gnas2_human
8HCX	gnaq_human	A	gbb1_human	B	gbg2_human	G	Galpha-q chimera: mini-Galphaq GTPase domain with N-terminal 35 amino acids from Galpha-i2 to facilitate scFv16 binding.	A	B	F	gnaq_human	gnas2_human
8HDP	gnas2_human	A	gbb1_human	B	gbg2_human	G	Modified miniGs construct (truncated/engineered gnas2_human). Although the metadata description says 'Chimeric miniGs', only one UniProt accession is provided, so it is an engineered fragment rather than a fusion of different parent proteins.	A	B	C	gnas2_human	gnas2_human
8HJ5	gnaq_human	A	gbb1_human	B	gbg2_human	D	Engineered Gαq chimera based on a mini-Gαs/q71 backbone with human Gαi1 N-terminal (residues 1-18) and α-helical domain (AHD) segments.	A	B	C	gnaq_human	gnas2_human
8HTI	gnas2_human	A	gbb1_human	B	gbg2_human	G	G-alpha short isoform with C3S mutation.	A	B	C	gnas2_human	gnas2_human
8I2G	gnas2_bovin	A	gbb1_human	B	gbg2_human	G	Engineered Gs alpha based on a mini-Gs construct. Metadata lists organism as Cricetulus griseus.	A	B	C		gnas2_bovin
8I9A	gnaq_human	A	gbb1_human	B	gbg2_human	G	Engineered mini-Gq protein, which is a Gs/Gq chimera based on a mini-Gs scaffold with the C-terminal alpha 5 helix derived from Gq to provide subtype specificity.	A	B	C		gnas2_human
8IA7	gnaq_human	A	gbb1_human	B	gbg2_human	C	Gαq chimera where the αN helix was replaced with that of Gαi to facilitate binding of scFv16.	E	B	C	gnaq_human	gnaq_human
8IBU	gnaq_human	A	gbb1_human	B	gbg2_human	G	Engineered Gαq chimera (mGαs/q/iN) based on a mini-Gαs scaffold with Gαi1 N-terminal and Gαq C-terminal α5 helix specificity sequences.	A	B	D	gnaq_human	gnas2_human
8IBV	gnaq_human	A	gbb1_human	B	gbg2_human	G	Engineered Gαq chimera (designated mGαs/q/iN) based on a mini-Gs scaffold with a Gαi1 N-terminus to facilitate scFv16 binding, and Gq specificity-determining residues.	C	D	F		gnas2_human
8IQ4	gnaq_human	A	gbb1_human	B	gbg2_human	G	miniGs/q70iN chimera: miniGs with Gαi N-terminus and α5 helix specificity residues (7 mutations) from Gαq. The protein is fused to the C-terminus of the FP receptor.	B	C	D		gnas2_human
8IQ6	gnaq_human	A	gbb1_human	B	gbg2_human	G	Engineered miniGs/q70iN chimera: miniGs scaffold with N-terminus (residues 1-15) from Gi1 and 7 residues in the alpha-5 helix mutated to Gq equivalents (RH5.12K, QH5.16L, RH5.17Q, HH5.19N, QH5.22E, EH5.24N, and LH5.26V) to confer Gq coupling specificity.	A	B	C		gnas2_human
8IRU	gnai1_human	A	gbb1_human	B	gbg2_human	G	Gα chimera consisting of αN and α5 helices from human Gαi1 and the Ras domain from engineered human Gαs (DNGs).	A	B	D	gnai1_human	gnas2_human
8ITL	gnas2_bovin	A	gbb1_rat	B	gbg2_bovin	G	Engineered dominant-negative Gs protein with mutations S54N, G226A, E268A, N271K, K274D, R280K, T284D, and I285T.	B	C	D		gnas2_bovin
8ITM	gnas2_bovin	A	gbb1_rat	B	gbg2_bovin	G	Engineered Gs protein. Gαs (gnas2_bovin) contains eight point mutations (S54N, G226A, E268A, N271K, K274D, R280K, T284D, and I285T) to stabilize the complex (DNGαs). Gβ1 is fused to a C-terminal SmBiT peptide.	B	C	D		gnas2_bovin
8IUK	gnaq_human	A	gbb1_human	B	gbg2_human	G	G-alpha chimera (mGalpha s/q/iN) based on a mini-Gs scaffold, with the N-terminus (aa 1-18) from Gai1 and the C-terminal specificity-determining alpha-5 helix (aa 348-359) from Gaq.	A	B	D	gnaq_human	gnas2_human
8IUL	gnaq_human	A	gbb1_human	B	gbg2_human	G	Engineered Gα chimera (mGαs/q/iN) based on a mini-Gαs scaffold, with N-terminal residues 1-18 from Gαi1 and the C-terminal α5 helix specificity determinant (aa 348-359) and other key residues from Gαq.	A	B	D	gnaq_human	gnas2_human
8IUM	gnaq_human	A	gbb1_human	B	gbg2_human	G	Gαq chimera (designated mGαs/q/iN) engineered using a mini-Gαs scaffold with N-terminal sequences from Gαi1 and the C-terminal α5 helix (aa348-359) from Gαq.	A	B	D	gnaq_human	gnas2_human
8IW1	gnal_human	A	gbb1_human	B	gbg2_human	C	Engineered mini-Golf protein consisting of a chimeric G alpha subunit with the N-terminus of Gnai1 (P63096) and the body/alpha-5 helix of Gnal (P38405).	A	B	C	gnal_human	gnal_human
8IW9	gnas2_human	A	gbb1_human	B	gbg2_human	C	Gαs chimera (mini-Gs) with the N-terminus (residues 1-25) and helical domain linker replaced with human Gi1 equivalents to facilitate scFv16 binding.	A	B	C	gnas2_human	gnas2_human
8IZ4	gnai1_human	A	gbb1_human	B	gbg2_human	C	G protein heterotrimer (Gi1, beta1, gamma2).	A	B	C	gnai1_human	gnai1_human
8IZB	gnas2_human	A	gbb1_human	B	gbg2_human	C	Engineered mini-Gs protein (DN_miniGαs) with mutations and AH domain deletion to enhance stability.	A	B	C	gnas2_human	gnas2_human
8J9N	gnaq_human	C	gbb1_human	D	gbg2_human	E	Engineered mini-Gq chimera based on a mini-Gs (gnas2_human) scaffold with the C-terminal α5 helix (specificity determinants) from Gq (gnaq_human).	B	C	D	gnaq_human	gnas2_human
8JBF	gnaq_human	C	gbb1_rat	D	gbg2_bovin	G	Galpha chimera generated on the basis of a mini-Gs/q71 scaffold, with the N-terminus and alpha-helical domain replaced by Galpha-i1 sequences; also contains dominant-negative mutations G203A and A326S.	F	B	D	gnaq_human	gnas2_human
8JBG	gnaq_human	C	gbb1_rat	D	gbg2_bovin	G	Engineered Gα chimera based on a mini-Gαs/q71 scaffold, where the N-terminus was replaced by the corresponding Gαi1 sequence and the C-terminal specificity determinants are from Gq.	F	B	D	gnaq_human	gnas2_human
8JBH	gnaq_human	C	gbb1_rat	D	gbg2_bovin	G	Gα chimera based on a mini-Gαs/q7 scaffold; the N-terminal 1-18 residues and the alpha-helical domain were replaced with human Gαi1 sequences; contains dominant-negative mutations G203A and A326S.	F	B	D		gnas2_human
8JD3	gnai1_human	A	gbb1_human	B	gbg2_human	C	Dominant-negative Gai1 with S47N, G203A, E245A, and A326S mutations.	C	D	E	gnai1_human	gnai1_human
8JD5	gnai1_human	A	gbb1_human	B	gbg2_human	C	Engineered dominant-negative Gs protein (DNGαi1) with S47N, G203A, E245A, and A326S mutations.	C	D	E	gnai1_human	gnai1_human
8JGF	gnaq_human	A	gbb1_human	B	gbg2_human	G	Mini-Gs/Gq71 scaffold where the N-terminus was replaced by Gi1 sequences and includes G203A and A326S mutations.	A	B	D	gnaq_human	gnas2_human
8JHB	gnas2_human	A	gbb1_human	B	gbg2_human	C	Engineered mini-Gs protein (isoform XLas).	A	B	C		gnas1_human
8JHI	gnas2_human	A	gbb1_human	B	gbg2_human	C	Engineered mini-Gs protein.	A	B	C		gnas1_human
8JIP	gnas2_human	A	gbb1_rat	B	gbg2_bovin	G	Engineered mini-Gs protein. The metadata lists accessions for both gnas2_human (P63092) and gnai1_human (P63096) for Chain A, indicating a chimeric subunit.	B	D	E	gnas2_human	gnas2_human
8JIR	gnas2_human	A	gbb1_rat	B	gbg2_bovin	G	Engineered chimeric Gα protein (mini-Gs) based on gnas2_human with segments potentially from gnai1_human; the specificity-determining C-terminal alpha5 tail matches the Gs family.	A	C	D	gnas2_human	gnas2_human
8JIT	gnas2_human	A	gbb1_rat	B	gbg2_bovin	C	Engineered dominant-negative Gs protein (DNGs).	A	C	D	gnas2_human	gnas2_human
8JLJ	gnas2_human	A	gbb1_human	B	gbg2_human	Y	Mini-Gs (modGαs) chimera composed of human Gs (P63092) and Gi1 (P63096) segments to stabilize the complex.	A	B	E		
8JLK	gnas2_human	A	gbb1_human	B	gbg2_human	Y	Engineered chimeric Gs protein (modGαs) composed of human Gs (P63092) and human Gi1 (P63096) segments, often referred to as 'mini-Gs'.	A	B	E		
8JLN	gnas2_human	A	gbb1_human	B	gbg2_human	Y	Modified Gαs chimera (modGαs) containing segments from Gs (P63092) and Gi1 (P63096), engineered to facilitate ScFv16 binding.	A	B	E		
8JLP	gnas2_human	A	gbb1_human	B	gbg2_human	Y	Chimeric Gαs protein (modGαs) based on Ref 54; contains segments from Gαs (gnas2_human) and Gαi1 (gnai1_human). Gαs also contains several dominant-negative/stabilizing mutations.	A	B	D		
8JLQ	gnas2_human	A	gbb1_human	B	gbg2_human	Y	Modified Gαs chimera (modGαs) containing segments from human Gαs (gnas2_human) and Gαi1 (gnai1_human).	A	B	E		
8JLR	gnas2_human	A	gbb1_human	B	gbg2_human	Y	Engineered mini-Gs protein, which is a Gs/Gi chimera from human GNAS and human GNAI1.	A	B	D		
8JPB	gnaq_human	Q					Gαq/i1 chimera; the native N terminus (residues 1–28) of Gαq (P50148) was replaced with the corresponding sequence from Gαi1 (P63096) to facilitate expression.	C			gnaq_human	gnaq_human
8JPC	gnaq_human	Q					Gαq chimera with N-terminal residues 1–28 replaced by Gαi1 to facilitate expression; stabilized by GDP-AlF4-Mg2+ in its active state.	D			gnaq_human	gnaq_human
8JPP	gnaq_human	A	gbb1_human	B	gbg2_human	G	Engineered miniGs/q protein; a truncated mini-G protein based on a Gs scaffold (gnas2_human) with the C-terminal alpha-5 helix replaced by that of Gq.	A	B	C		gnas2_human
8JSO	gnas2_human	A	gbb1_human	B	gbg2_mouse	Y	Modified Gs protein (modGαs) chimera composed of gnas2_human and gnai1_human.	A	B	E		
8JSR	gnaq_human	A	gbb1_human	B	gbg2_human	G	MiniGq protein; constructed from a dominant-negative miniGs skeleton (gnas2_human) with the N-terminal helix from G-alpha-i1 (giai1_human).	B	C	E		gnas2_human
8K3Z	gnai1_human	C	gbb1_human	B	gbg2_human	G	Engineered dominant-negative G protein with G203A and A326S mutations.	C	B	E	gnai1_human	gnai1_human
8K4S	gnaq_human	A	gbb1_human	B	gbg2_human	C	Engineered Gs-mini-Gq chimera (mini-Gαq) used to stabilize the active state; the specific alpha 5 helix is derived from Gq to maintain coupling specificity with MRGPRX4.	B	C	D		gnas2_human
8K8J	gnaq_human	A	gbb1_human	B	gbg2_human	G	MiniGs/q chimera; an engineered Gs protein with the alpha5 helix specificity residues from Gq. (Note: Only the ras domain is modeled for the alpha subunit).	A	B	C		gnas2_human
8K9K	f6vl43_macmu	A	gbb1_human	B	gbg2_human	G	Wild-type Macaca mulatta Gai3 subunit; human Gb1 and wild-type human Gg2.	C	D	E		f6vl43_macmu
8PJK	gnai1_human	A	gbb1_human	B	gbg2_human	G	Dominant negative Gαi1 with S47N, G203A, E245A, and A326S mutations.	A	B	C	gnai1_human	gnai1_human
8RQL	gnat3_human	A	gbb1_human	B	gbg2_human	G	MiniGα-gustducin (miniGgus) construct; N-terminus (first 15 residues) replaced with corresponding residues of Gαi1 (iN15) for scFv16 binding. Contains 7 stabilizing mutations: G42D, E43N, G217D, A226D, A229D, V332A, V335I.	B	C	D	gnat3_human	gnat3_human
8SZG	gnaq_human	C	gbb1_human	D	gbg2_human	E	Gαq chimera with N-terminal 28 residues replaced by N-terminal 22 residues of human Gαi1 to improve expression. Engineered Gαq contains SmBiT fusion.	E	A	B	gnaq_human	gnaq_human
8SZH	gnai3_human	C	gbb1_human	D	gbg2_human	E	Wild-type human G protein heterotrimer (Gi3) used for complex formation.	C	D	E	gnai3_human	gnai3_human
8SZI	gnai3_human	C	gbb1_human	D	gbg2_human	E	Engineered dominant-negative G protein Gαi3.	A	B	C	gnai3_human	gnai3_human
8T3O	gnaq_human	A	gbb1_human	B	gbg2_human	G	Engineered miniGq protein. The miniGalphaq subunit (Chain A) is a chimera with its N-terminal 35 amino acids replaced by residues from Galpha-i to facilitate stabilization.	D	B	C	gnaq_human	gnas2_human
8T3Q	gnaq_human	A	gbb1_human	B	gbg2_human	G	Engineered miniGq protein where the alpha subunit (miniGalphaq) has the N-terminal 35 amino acids replaced by residues from Gai1 (P04898, gnai1_human).	A	B	D	gnaq_human	gnas2_human
8T3S	gnaq_human	A	gbb1_human	B	gbg2_human	G	Engineered miniGq protein; the alpha subunit is a chimera with the N-terminal 35 amino acids from Gai and the remainder from Gaq.	A	B	C	gnaq_human	gnas2_human
8T3V	gnaq_human	A	gbb1_human	B	gbg2_human	G	Engineered miniGq protein; the Gα subunit is a chimera (miniGαq) with the N-terminal 35 amino acids from Gαi1 (P63096) and the remainder from Gαq (P50148).	A	B	C	gnaq_human	gnas2_human
8TB0	gnas2_human	R	gbb1_human	B	gbg2_human	G	Galpha subunit is a chimeric Gs/Gi dominant-negative variant (N-terminal 18 residues from Galpha-i1, remainder from Galpha-s with G226A and A366S mutations) fused to the C-terminus of the receptor.	B	C	D	gnas2_human	gnas2_human
8THK	gnaq_human	A	gbb1_human	B	gbg2_human	G	Engineered mini-GαqiN protein, a chimeric Gα subunit containing segments from Gαi2, Gαq, and Gαs designed for structural stabilization and coupling specificity.	A	B	C	gnaq_human	gnas2_human
8THL	gnaq_human	A	gbb1_human	B	gbg2_human	G	Engineered mini-GαqiN chimera containing segments from Gαq, Gαi, and Gαs. The UniProt ID for Gαq is used as the primary identifier because it represents the signaling specificity of the complex.	A	B	C	gnaq_human	gnas2_human
8UHB	gnas2_rat	C	gbb1_human	B	gbg2_human	G	Engineered dominant-negative Gs protein with mutations N271K, K274D, R280K, T284D, I285T, G226A, and A366S. The alpha and gamma subunits were expressed as a fusion construct.	C	B	D		gnas2_rat
8UWL	gnaq_human	B	gbb1_human	C	gbg2_human	D	Engineered Gi2-mini-Gq chimera. This is a mini-Gq protein designed for stabilization of the active state.	B	C	D	gnaq_human	gnas2_human
8UXV	gnas2_human	X	gbb1_human	Y	gbg2_human	Z	Engineered mini-Gs399 protein.	B	C	D	gnas2_human	gnas2_human
8UXY	gnas2_human	X	gbb1_human	Y	gbg2_human	Z	Engineered mini-Gs399 protein.	C	B	A		
8UY0	gnas2_human	X	gbb1_human	Y	gbg2_human	Z	miniGs399; engineered truncated Gs protein.	C	D	E	gnas2_human	gnas2_human
8UYQ	gnas2_human	X	gbb1_human	Y	gbg2_human	Z	Engineered mini-Gs protein (mini-Gs399). The construct included the mini-Gs399 protein fused to the C-terminus of the receptor during expression.	C	D	E		
8V6U	gnaq_human	B	gbb1_human	C	gbg2_human	D	mini-GaqiN chimera (Gq backbone with Gi2-derived N-terminus to allow scFv16 binding).	B	C	D	gnaq_human	gnas2_human
8VVG	gnai1_human	B	gbb1_human	C	gbg2_human	D	Engineered dominant-negative Gαi1 protein (Gαi1DN) used to stabilize the complex.	D	B	C	gnai1_human	gnai1_human
8VY9	gnat3_human	A	gbb1_human	B	gbg2_human	C	Galpha-gustducin (gnat3_human) chimera with the alpha-N helix replaced by that of Galpha-i2; also contains stabilizing mutations C3S, S47A, G203A, E245A, H248K, N251D, T261D, and A326S.	A	B	C	gnat3_human	gnat3_human
8W8R	gnas2_human	A	gbb1_human	B	gbg2_human	Y	Gα chimera from gnas2_human and gnai1_human; the specificity determinants (α5 helix) are from gnas2_human to match the receptor's Gs-coupling, while the body likely includes Gi1 segments for scFv16 binding.	A	B	E	gnas2_human	gnas2_human
8W8X	gnas2_human	A	gbb1_rat	B	gbg2_bovin	G	G protein Gs heterotrimer.	D	A	B	gnas2_human	gnas2_human
8WA3	gnas2_bovin	A	gbb1_rat	B	gbg2_bovin	G	Engineered dominant-negative Gs protein (DNGs) with 9 mutations (S54N, G226A, E268A, N271K, K274D, R280K, T284D, I285T, and A366S) to stabilize the complex. The beta subunit (Chain B) also includes a C-terminal SmBiT tag.	B	C	D		gnas2_bovin
8WC9	gnaq_human	A	gbb1_human	B	gbg2_human	Y	Gα chimera (modGaq) consisting of a mini-Gs scaffold (P63092) with the N-terminus replaced by residues from Gai1 (P63096) and the C-terminal α5 helix from Gaq.	A	B	E		gnas2_human
8WCA	gnas2_human	C	gbb1_human	B	gbg2_human	Y	Mini-Gs chimera where the N-terminus (residues 1-25) is replaced by that of Gai1 (residues 1-18) to facilitate scFv16 binding.	B	A	E	gnas2_human	gnas2_human
8WCB	gnaq_human	A	gbb1_human	B	gbg2_human	Y	Engineered G-alpha-q subunit (modGaq) based on a mini-Gs scaffold with the N-terminus from Gai1 and the C-terminal (a5) helix from Gaq to facilitate complex formation and determine signaling specificity.	A	B	E		gnas2_human
8WG8	gnas2_human	A	gbb1_rat	B	gbg2_bovin	G	Engineered Gs subunit (G112) is a chimera containing N-terminal residues from gnai1_human; it also contains 9 dominant-negative mutations (S54N, G226A, E268A, N271K, K274D, R280K, T284D, I285T, A366S) to stabilize the complex.	A	B	C	gnas2_human	gnas2_human
8WGB	gnai3_human	C	gbb1_human	D	gbg2_human	E	Engineered dominant-negative Gi3 protein with S47N, G203A, E245A and A326S mutations.	D	A	B	gnai3_human	gnai3_human
8WJX	gnaq_human	A	gbb1_human	B	gbg2_human	G	Engineered miniGs/q protein; a truncated miniGs scaffold with Gq-specific mutations or C-terminal tail to mimic Gq coupling.	A	B	C		
8WPU	gnaq_human	G	gbb1_human	C	gbg2_human	D	Gi2-mini-Gq chimeric Gα subunit; engineered to include the C-terminal specificity of Gq on a Gi2 scaffold for structural stability. UniProt IDs P04899 and P63092 are associated with the construct in metadata.	C	D	E		gnas2_human
8WRB	gnai1_human	A	gbb1_human	B	gbg2_human	C	Engineered dominant-negative Gai1 protein with 4 mutations (DNGai).	A	B	C	gnai1_human	gnai1_human
8WST	gnaq_human	A	gbb1_human	B	gbg2_human	G	Engineered mini-Gq chimera with Ras domain from Gs and the N-terminal helix from Gi1; the specificity-determining C-terminal α5 helix is from Gq.	A	B	C	gnaq_human	gnas2_human
8WW2	gnas2_human	A	gbb1_human	B	gbg2_human	G	Engineered Gs protein with G226A and A366S dominant negative mutations.	A	B	C		gnas2_human
8WWH	gnai1_human	A	gbb1_human	B	gbg2_human	C	Standard Gi1 heterotrimer complex.	A	B	C	gnai1_human	gnai1_human
8WZ2	gnaq_human	A	gbb1_rat	B	gbg2_bovin	G	GαsqiN chimera engineered based on the mini-Gαs scaffold (P63092) with its N-terminus replaced by Gαi1 (P63096) sequences to facilitate scFv16 binding. This construct was used to stabilize the Gq-coupled QRFPR complex.	A	B	D		gnas2_human
8X16	gnai1_bovin	A	gbb1_rat	B	gbg2_bovin	C	Engineered dominant-negative bovine Gi protein with G203A and A326S mutations.	B	C	D		gnai1_bovin
8X17	gnai1_bovin	A	gbb1_rat	B	gbg2_bovin	C	Engineered dominant-negative mutant of bovine G alpha i containing G203A and A326S mutations. G beta subunit was fused with HiBiT at the C-terminus.	E	A	C		gnai1_bovin
8X8L	gnai1_human	A	gbb1_human	B	gbg2_human	G	The alpha subunit is an engineered chimera based on a mini-Gs/i143 skeleton, containing the Gi1 N-terminal (residues 1-18) and the GαAH domain.	A	B	E	gnai1_human	gnas2_human
8X8N	gnai1_human	A	gbb1_human	B	gbg2_human	G	Gα chimera based on the mini-Gs/i43 skeleton; contains Gi1 N-terminal 1-18 amino acids and the GαAH domain. Gβ1 is fused with a SmBiT subunit at its C-terminus.	A	B	D	gnai1_human	gnas2_human
8X9S	gnas2_bovin	A	gbb1_rat	B	gbg2_bovin	G	Engineered Gs protein with high thermal stability mutations.	D	A	B		
8X9T	gnas2_bovin	A	gbb1_rat	B	gbg2_bovin	G	Engineered human Gs protein with mutations for high thermal stability. Subunits are identified as bovine (alpha, gamma) and rat (beta) in the metadata.	A	B	C		
8X9U	gnas2_human	A	gbb1_rat	B	gbg2_bovin	G	Engineered Gs protein alpha subunit (mini-Gs) based on human sequence (per paper), although metadata lists organism as Bos taurus. The complex also includes Gbeta1 (rat) and Ggamma2 (bovine).	D	A	B		
8XGO	gnaq_human	E	gbb1_human	B	gbg2_human	C	Gαq chimera where the N-terminal 18 residues were replaced with those from Gαi1 to facilitate scFv16 binding.	E	B	C	gnaq_human	gnaq_human
8XGR	gnat1_bovin	G	gbb1_rat	B	gbg2_bovin	G	The G protein alpha subunit (eGt) is a chimera where the alpha-N domain of bovine Gt (gnat1_bovin) is replaced by that of human Gi1 (gnai1_human) to facilitate Nb35* binding. Additionally, the G-alpha subunit is fused to the C-terminus of the G-gamma subunit (gbg2_bovin) via a GSAGSAGSA linker.	A	B	A		gnat1_bovin
8XGS	gnaq_human	E	gbb1_human	B	gbg2_human	C	Gαq chimera where the N-terminal 18 residues were replaced by those of Gi1 to enable scFv16 binding.	E	B	C	gnaq_human	gnaq_human
8XIO	gnai1_human	B	gbb1_human	C	gbg2_human	G	Gα chimera (mini-Gs/i43) based on a mini-Gs scaffold where the αN and α5 helices were replaced with corresponding sequences from Gαi1 to confer coupling specificity.	B	C	E	gnai1_human	gnas2_human
8XIP	gnai1_human	B	gbb1_human	C	gbg2_human	G	Gα chimera based on a mini-Gs/i43 scaffold, where the N-terminal (residues 1-18) and the α-helical domain/α5 helix were replaced by sequences from Gαi1.	B	C	E	gnai1_human	gnas2_human
8XIQ	gnai1_human	B	gbb1_human	C	gbg2_human	G	Gαi chimera based on a mini-Gs scaffold where the αN and α5 helices were replaced with sequences from human Gαi1.	B	C	E		gnas2_human
8XIR	gnai1_human	B	gbb1_human	C	gbg2_human	G	Engineered G protein based on a mini-Gs/i43 scaffold where the N-terminal and alpha-helical domains (including alpha-5) were replaced with sequences from Galpha i1.	B	C	E	gnai1_human	gnas2_human
8XJK	gnaq_human	A	gbb1_human	B	gbg2_human	C	Mini-Gq protein, an engineered chimera based on a mini-Gas skeleton with a Gi1 N-terminus for scFv16 binding. Specificity determinants (alpha5 helix) are presumably from Gaq.	A	B	C		gnas2_human
8XJL	gnaq_human	A	gbb1_human	B	gbg2_human	C	Engineered miniGq chimera based on a Gas skeleton (P63092) with the N-terminal helix from Gi1 (P63096) and mutations for Gq specificity (P50148).	A	B	C	gnaq_human	gnas2_human
8XJM	gnaq_human	A	gbb1_human	B	gbg2_human	C	Engineered miniGq protein; chimera consisting of a mini-Gs skeleton with a Galpha i1 N-terminus (residues 1-29) and Galpha q functional specificity determinants.	A	B	C	gnaq_human	gnas2_human
8XJN	gnaq_human	A	gbb1_human	B	gbg2_human	C	Engineered miniGq chimera based on a mini-Gs skeleton with the N-terminus from Gi1 and two dominant-negative mutations (G203A and A326S).	A	B	C		gnas2_human
8XJO	gnaq_human	A	gbb1_human	B	gbg2_human	C	Engineered miniGq protein. According to the paper, the Gaq was designed into a multifunctional chimera based on a mini-Gs skeleton with a Gi1 N-terminus (miniGqiN) and two dominant-negative mutations (G203A and A326S).	A	B	C	gnaq_human	gnas2_human
8XOF	gnaq_human	A	gbb1_human	B	gbg2_human	G	Wild-type human Gq heterotrimer (Ga-q, Gb-1, Gg-2).	A	B	C		
8XOG	gnaq_human	A	gbb1_human	B	gbg2_human	G	The alpha subunit is an engineered chimera. While the paper describes the complex as Gq and highlights Galpha-q specific contacts, the metadata indicates a chimeric scaffold involving Gs (gnas2_human) and Gi (gnai1_human), likely used to allow stabilization by scFv16.	A	B	D		gnas2_human
8XOH	gnaq_human	A	gbb1_human	B	gbg2_human	G	Gαq/i1 chimera (P63092/P63096) engineered to enable scFv16 binding while maintaining Gq specificity.	A	B	D	gnaq_human	gnas2_human
8XOI	gnaq_human	A	gbb1_human	B	gbg2_human	G	The G protein alpha subunit is a chimera containing accessions for Gnas2 (P63092) and Gnai1 (P63096). The paper describes the complex as a Gq complex, indicating the C-terminal alpha5 helix was likely replaced with that of Gq to facilitate coupling.	A	B	D		gnas2_human
8XOJ	gnaq_human	A	gbb1_human	B	gbg2_human	G	Gα chimera described as Gαq in the paper; metadata accessions P63092 (gnas2_human) and P63096 (gnai1_human) indicate a chimeric Gs/Gi backbone modified to confer Gq specificity.	A	B	D		gnas2_human
8XOR	gnaq_human	A	gbb1_rat	B	gbg2_bovin	C	Gαi/q chimera; derived from mini-Gs/q with the N-terminal 1–18 and α-helical domain from Gi1 to accommodate scFv16 binding, and remainder from Gq for receptor specificity.	C	A	B		
8XQL	gnat3_human	A	gbb1_human	B	gbg2_human	C	Engineered G protein miniGs/gust; an engineered Gs chimera where the main body is from Galpha-s (P63092) and the C-terminal alpha-5 helix is replaced with the sequence of the Galpha-gustducin (P41143) subunit (residues 329–354).	A	B	C		gnas2_human
8XQN	gnai1_human	A	gbb1_human	B	gbg2_human	C	Dominant-negative Gi1 alpha subunit (DNGai1) with G203A and A326S mutations. The G-beta subunit is fused to SmBit.	A	B	C	gnai1_human	gnai1_human
8XQO	gnai1_human	A	gbb1_human	B	gbg2_human	C	Engineered dominant-negative Gs protein with G203A and A326S mutations. The G-beta subunit is fused to SmBit.	A	B	C	gnai1_human	gnai1_human
8XQP	gnat3_human	A	gbb1_human	B	gbg2_human	C	Engineered gustducin alpha subunit (GNAT3) with N-terminal sequence (residues 3-22) replaced by GNAI1 sequence to facilitate scFv16 binding, and a V265I mutation.	A	B	C	gnat3_human	gnat3_human
8XQR	gnat3_human	A	gbb1_human	B	gbg2_human	C	Gα chimera (miniGs/gust) consisting of the body of human miniGs (gnas2_human) and the C-terminal α5 helix of human gustducin (gnat3_human residues 329–354). Additionally includes stabilization/dominant-negative mutations.	A	B	C		gnas2_human
8XQS	gnai1_human	A	gbb1_human	B	gbg2_human	C	Engineered dominant-negative Gαi1 (DNGi) with G203A and A326S mutations. Gβ1 is fused with SmBit.	A	B	C	gnai1_human	gnai1_human
8XQT	gnai1_human	A	gbb1_human	B	gbg2_human	C	Dominant-negative G protein with G203A and A326S mutations.	A	B	C	gnai1_human	gnai1_human
8XVE	gnaq_human	A	gbb1_human	B	gbg2_human	G	Engineered miniGs/q protein, consisting of a Gs backbone with the C-terminal α5 helix from Gq to allow coupling to the receptor while retaining Gs structural stability.	A	B	C		gnas2_human
8XVH	gnaq_human	A	gbb1_human	B	gbg2_human	G	Engineered miniGs/q protein, a truncated and mutated Gs alpha subunit designed to mimic Gq coupling specificity. Only the C-terminal alpha-5 fragment is modeled.	A	B	C		gnas2_human
8XVI	gnaq_human	A	gbb1_human	B	gbg2_human	G	Engineered miniGαs/q chimera; the protein is a truncated Gs alpha subunit with the C-terminal specificity-determining α5 helix derived from Gq.	A	B	C		gnas2_human
8XXU	gnai1_human	B	gbb1_human	C	gbg2_human	D	Engineered dominant-negative Gi1 heterotrimer. The Gαi1 subunit (chain B) contains four mutations (S47N, G203A, E245A, A326S) to reduce nucleotide binding. Rat Gβ1 and bovine Gγ2 sequences were used in the construct according to the paper, though UniProt IDs match human proteins.	B	C	D	gnai1_human	gnai1_human
8Y52	gnaq_human	A	gbb1_human	B	gbg2_human	G	Engineered G protein chimera based on mini-Gs/q71, with N-terminal 1–18 amino acids and alpha-helical domain substituted with sequences from human Gai1.	A	B	C	gnaq_human	gnas2_human
8Y53	gnaq_human	A	gbb1_human	B	gbg2_human	G	Engineered mini-Gs/q71 chimera with N-terminal and alpha-helical domain sequences from gnai1_human to facilitate scFv16 binding, and containing dominant-negative mutations G203A and A326S.	A	B	D	gnaq_human	gnas2_human
8YFS	gnaq_mouse	A	gbb1_rat	B	gbg2_bovin	G		A	B	C		
8YH0	gnai1_human	A	gbb1_bovin	B	gbg2_human	G	The G protein is an engineered fusion where human Gαi1 is fused to the C-terminus of bovine Gγ2 via a GSAGSAGSA linker.	B	C	D	gnai1_human	gnai1_human
8YH2	gnai1_human	A	gbb1_bovin	B	gbg2_human	G	Engineered G protein fusion: Human Gαi1 is fused to the C-terminus of bovine Gγ2 with a GSAGSAGSA linker. Gβ1 is from rat.	D	A	B	gnai1_human	gnai1_human
8YH3	gnai1_bovin	A	gbb1_bovin	B	gbg2_human	G	Engineered Gai1-Gg2 fusion protein; the human Gi1 subunit is fused to the C-terminus of bovine Gg2.	C	A	E		gnai1_bovin
8YH5	gnai1_bovin	A	gbb1_bovin	B	gbg2_human	G	The complex uses the Fusion-G system, where the Gαi1 subunit is fused to the C-terminus of the Gγ2 subunit to form a single polypeptide. Gαi1 is human (metadata says bovine P63097), Gγ2 is human (P59768), and Gβ1 is rat (metadata says bovine P62871).	D	A	B		gnai1_bovin
8YH6	gnai1_bovin	A	gbb1_bovin	B	gbg2_human	G	Galpha and Ggamma are fused as a single polypeptide following a GSAGSAGSA linker. Galpha corresponds to bovine Gi1 and Ggamma to human Ggamma2. Rat Gbeta1 includes a C-terminal HiBiT tag.	E	A	B		gnai1_bovin
8YK0	gnai3_human	C	gbb1_rat	D	gbg2_bovin	G	Engineered dominant-negative Gi3 protein with S47N, G203A, E245A, and A326S mutations.	D	B	C	gnai3_human	gnai3_human
8YKD	gnas2_human	A	gbb1_bovin	B	a0a7j7xnr4_rhife	G	Engineered Gs heterotrimer (mini-Gs) used for complex stabilization.	A	B	C		gnas2_human
8YKY	gnat3_human	A	gbb1_human	B	gbg2_human	C	Gαg/i chimera; N-terminal residues 3-22 replaced by Gαi1 sequence to bind scFv16; contains V265I mutation. Gβ1 is fused to SmBit at the C-terminus.	A	B	C	gnat3_human	gnat3_human
8YN2	gnaq_human	A	gbb1_human	B	gbg2_human	C	Engineered miniGq protein (miniGalphaq50).	A	B	C	gnaq_human	gnas2_human
8YN4	gnaq_human	A	gbb1_human	B	gbg2_human	C	Engineered miniGq protein (miniGq50).	A	B	C	gnaq_human	gnas2_human
8YRG	gnaq_human	B	gbb1_human	C	gbg2_human	D	Gs-mini-Gq chimera (mini-GαqiN) engineered for stabilization and Gq-coupling specificity.	A	B	C		gnas2_human
8YRQ	gnaq_human	A	gbb1_human	B	gbg2_human	G	Gα subunit is a mini-G protein chimera of Go and Gq sequences.	B	C	D	gnaq_human	gnao_human
8YUU	gnai1_human	A	gbb1_human	B	gbg2_human	G	Engineered dominant-negative G protein alpha i1 (DNGnai1) with stabilization mutations.	B	C	D	gnai1_human	gnai1_human
8YY8	gnas2_human	A	gbb1_human	B	gbg2_human	C	Engineered mini-Gs (mGs) protein.	A	B	C		
8YYW	gnaq_human	F	gbb1_human	C	gbg2_human	D	G-alpha chimera (G-alpha q/i1) based on a G-alpha-i1 (P63096) backbone (residues 1-326) with the C-terminal alpha-5 helix (residues 332-359) from G-alpha-q (P50148) to provide coupling specificity. Contains dominant-negative mutations G203A and A326S.	E	B	C		gnai1_human
8YYX	gnaq_human	C	gbb1_human	B	gbg2_human	D	Chimeric and engineered G alpha subunit with a Gi1 backbone (residues 1-326) and a Gq C-terminal tail (residues 332-359). It also contains dominant-negative mutations G203A and A326S.	C	B	D		gnai1_human
8Z3M	gnaq_human	A	gbb1_human	B	gbg2_human	G	Engineered G-alpha-q subunit; specifically a mini-Gq or similar engineered construct for stabilization.	A	B	C	gnaq_human	gnas2_human
8Z9O	gnas2_human	C	gbb1_rat	B	gbg2_bovin	G	Engineered dominant-negative Gs protein with site-directed mutations to reduce nucleotide affinity and stabilize the complex.	B	A	C	gnas2_human	gnas2_human
8Z9P	gnai1_human	C	gbb1_rat	B	gbg2_bovin	G	Engineered dominant-negative G protein with site-directed mutations.	D	A	B	gnai1_human	gnai1_human
8ZBE	gnai1_human	B	gbb1_rat	C	a0a9x9za26_rat	D	Dominant-negative human Galpha-i1 (DNGi1) with G203A and A326S mutations. Rat Gbeta-1 contains a C-terminal HiBit fusion. Ggamma subunit is identified as GNG2.	B	F	C	gnai1_human	gnai1_human
8ZFA	gnas2_human	A	gbb1_human	B	gbg2_human	G	Engineered Gs alpha subunit (modGas). The alpha5 tail analysis confirms it matches the Gs family.	A	B	C	gnas2_human	gnas2_human
8ZH8	gnaq_human	A	gbb1_rat	B	gbg2_bovin	G	Engineered mini-Galpha-s protein (mini-Gsqi) where the N-terminal residues are replaced by Galpha-i1 and the C-terminal residues (alpha-5 helix) are replaced by Galpha-q to impart Gq coupling specificity.	E	C	D		gnas2_human
8ZJD	gnaq_human	A	gbb1_human	B	gbg2_human	G	Gαq/i1 chimera with the αN helix from Gai1 (gnai1_human) for scFv16 binding and the remainder from Gαq (gnaq_human). Contains dominant-negative mutations G208A and A331S. Gβ1 is fused at the C-terminus to HiBiT.	F	C	E	gnaq_human	gnaq_human
8ZJE	gnaq_human	A	gbb1_human	B	gbg2_human	G	Galpha q/i1 chimera with the Galpha q backbone and the alphaN helix from Galpha i1 to facilitate scFv16 binding. Includes dominant-negative mutations G208A and A331S. Gbeta1 is fused to a HiBiT peptide.	A	B	C	gnaq_human	gnaq_human
8ZMD	gnaq_human	A	gbb1_human	B	gbg2_human	G	miniGs/q chimera; a Gs-based mini-G protein construct containing the C-terminal alpha5 helix of Gq (gnaq_human) to facilitate receptor coupling, and a truncated alpha-helical domain for stabilization.	A	B	C		gnas2_human
8ZPS	gnai1_human	A	gbb1_human	B	gbg2_human	G	The Gα subunit is a mini-Gs/i143 chimera, featuring a Gs skeleton with Gi1 specificity determinants (N-terminal 1–18 and GαAH domain) replaced to facilitate stabilization by scFv16.	A	B	D		gnas2_human
8ZPT	gnaq_human	A	gbb1_human	B	gbg2_human	G	Engineered Gαq chimera based on the mini-Gαs/q71 skeleton (gnas2_human) with N-terminal (residues 1-18) and αAH domain segments from gnai1_human to facilitate scFv16 binding.	A	B	D		gnas2_human
9ARY	gnaq_human	B	gbb1_human	C	gbg2_human	D	Mini-GaqiN chimera containing the N-terminus of Gi2 to facilitate binding of scFv16.	B	C	D	gnaq_human	gnas2_human
9AS0	gnaq_human	B	gbb1_human	C	gbg2_human	D	Engineered mini-Gq protein (mini-GaqiN) composed of segments from Gi2 and Gq, acting as a Gq mimic for stabilization.	B	C	D	gnaq_human	gnas2_human
9AS2	gnaq_human	B	gbb1_human	C	gbg2_human	D	Engineered mini-GαqiN protein; a chimeric G protein consisting of a Gi2 scaffold with the C-terminal α5 helix of Gq to direct signaling specificity.	B	C	D	gnaq_human	gnas2_human
9AS4	gnaq_human	B	gbb1_human	C	gbg2_human	D	Engineered chimeric G protein (mini-GαqiN) consisting of a mini-Gq scaffold with the N-terminal helix of Gi2.	B	C	D	gnaq_human	gnas2_human
9AS6	gnaq_human	B	gbb1_human	C	gbg2_human	D	Chimeric G protein (mini-GalphaqiN) designed with a Galpha i2 backbone and Galpha q-derived specificity determinants.	D	A	B	gnaq_human	gnas2_human
9AS8	gnaq_human	B	gbb1_human	C	gbg2_human	D	Mini-Gq protein (mini-GαqiN) chimeric construct; engineered for stability and G protein coupling specificity.	B	C	D	gnaq_human	gnas2_human
9ASA	gnaq_human	B	gbb1_human	C	gbg2_human	D	Gi2-mini-Gq chimeric protein. The alpha subunit is an engineered mini-Gq with Gi2 segments to allow stabilization by scFv16.	B	C	D	gnaq_human	gnas2_human
9ASB	gnaq_human	A	gbb1_human	B	gbg2_human	G	Chimeric miniGisq protein; the alpha subunit is a mini-G protein chimera based on the Gs skeleton (miniGis/q) with Gq substitutions in the C-terminal H5 helix to specify Gq coupling. Note: Chain G is a gamma subunit (gbg2_human) despite the 'alpha' label in PDB description.	C	D	E	gnaq_human	gnas2_human
9AST	gnai1_human	A	gbb1_human	B	gbg2_human	G	Engineered dominant-negative Gαi1 with mutations S47N, G203A, E245A, and A326S.	A	D	E	gnai1_human	gnai1_human
9AU0	gnas2_human	A	gbb1_human	B	gbg2_human	C	Engineered dominant-negative Gs protein (DNGs).	A	B	C	gnas2_human	gnas2_human
9AVG	gnas2_human	A	gbb1_human	B	gbg2_human	G	Chimeric miniGαis protein: miniGαs (gnas2_human) core with N-terminal residues 1-25 replaced by residues 1-18 of Gαi1 (gnai1_human). The H5 helix is from Gs. Contains additional thermostabilizing mutations.	C	D	E	gnas2_human	gnas2_human
9AVL	gnai3_human	A	gbb2_human	B	gbg2_human	G	Engineered dominant-negative G protein with S47N, G203A, E245A, and A326S mutations to stabilize the nucleotide-free state.	C	D	E	gnai3_human	gnai3_human
9AXF	gnaq_human	A	gbb1_human	B	gbg2_human	G	Chimeric miniGisq protein based on miniGαs skeleton (P63092) with the specificity-determining C-terminal H5 helix from Gαq (P50148) and the N-terminus from Gαi1 (P63096).	C	D	E		gnas2_human
9AYF	gnai1_human	A	gbb1_human	B	gbg2_human	G	Engineered miniG protein; chimeric miniGαi1 variant with the N-terminal residues from Gi1 substituted into a miniGs skeleton to enable scFv16 binding.	D	E	F	gnai1_human	gnai1_human
9B5Y	gnaq_human	A	gbb1_human	B	gbg2_human	G	Engineered chimeric Gαq protein (GαqiN) with N-terminal 35 residues from Gαi to facilitate scFv16 binding; the receptor and Gβ subunit also contain nanoluciferase-derived fusions.	B	D	F		gnaq_human
9BI6	gnaq_human	A	gbb1_human	B	gbg2_human	G	Engineered chimeric G protein construct (miniGsq) with the body derived from miniGs and the C-terminal alpha-5 helix specificity determinants from Gaq.	A	B	C	gnaq_human	gnas2_human
9BKJ	gnaq_human	A	gbb1_human	B	gbg2_human	G	Gα chimera (mGsqi) with a Gs backbone (gnas2_human) and Gi1 C-terminal specificity determinants (gnai1_human).	E	A	B		gnas2_human
9BKK	gnaq_human	A	gbb1_human	B	gbg2_human	G	Mini-Gsqi protein chimera, an engineered mini-Gs subunit with Gq-mimetic C-terminal modifications to facilitate receptor coupling.	A	B	C		gnas2_human
9BP3	gnas2_human	A	gbb1_human	B	gbg2_human	G	Engineered dominant-negative Gs protein (DNGs).	D	E	F	gnas2_human	gnas2_human
9BQ3	gnas2_human	A	gbb1_human	B	gbg2_human	G	Engineered dominant-negative Gs protein (DNGs).	D	E	F	gnas2_human	gnas2_human
9BUB	gnas2_human	A	gbb1_human	B	gbg2_human	G	Engineered dominant-negative Gs protein (DNGs) used for stabilization of the active complex.	C	D	E	gnas2_human	gnas2_human
9CBL	gnai1_rat	A	gbb1_bovin	B	gbg2_bovin	G	Engineered dominant-negative rat Gαi1 with G203A mutation.	A	B	C		gnai1_rat
9CBM	gnai1_rat	A	gbb1_bovin	B	gbg2_bovin	G	Engineered Gαi1 protein with a G203A dominant-negative mutation to stabilize the complex.	A	B	C		gnai1_rat
9CLW	gnaq_human	A	gbb1_human	B	gbg2_human	G	Engineered chimeric G protein mGαi/s/q; constructed from a miniGαs scaffold (gnas2_human) with N-terminal residues from Gi1 (gnai1_human) and the C-terminal α5 helix (residues 345-359) from Gq (gnaq_human).	A	B	E		gnas2_human
9CM3	gnaq_human	A	gbb1_human	B	gbg2_human	G	Gα chimera mGαi/s/q based on miniGαq/s with Gαq C-terminal specificity (last 15 residues) and Gαi N-terminal (first 35 residues).	A	B	E	gnaq_human	gnas2_human
9D0A	gnaq_human	A	gbb1_human	B	gbg2_human	G	Gαq/Gαs chimera (GqiN); the N-terminus was replaced with the Gs/Gi N-terminus to facilitate scFv16 binding. The metadata identifies the Gs component as gnas2_human.	E	A	B	gnaq_human	gnas2_human
9D4Z	gnaq_human	A	gbb1_human	B	gbg2_human	G	Galpha-q chimera (GqiN) in which the N-terminal helix (residues 1-32) of Galpha-q was replaced by the corresponding region (residues 1-28) of Galpha-i1 to increase scFv16 binding affinity.	E	A	B	gnaq_human	gnas2_human
9DQH	gnaq_human	B	gbb1_human	C	gbg2_human	D	Mini-GaqiN heterotrimer, a chimera of Gs and Gq. The Gs-derived mini-G protein template has its C-terminal specificity determinants replaced by the Gq sequence.	B	C	D		gnas2_human
9DQJ	gnaq_human	B	gbb1_human	C	gbg2_human	D	Engineered miniGq chimera (miniGaqiN) composed of segments from Gs and Gi/q specificity determinants.	B	C	D		gnas2_human
9DYD	gnao_human	A	gbb1_human	B	gbg2_human	G	Goa protein heterotrimer. Includes stabilization mutations S47N, G203A, E245A, and A326S as per the general construct design described in the paper.	A	B	C	gnao_human	gnao_human
9E7R	gnaq_human	A	gbb1_human	B	gbg2_human	G	Engineered Gαq protein (GqiN) chimera where the N-terminus (residues 1-32) is replaced with the N-terminus (residues 1-28) of Gαi to enhance scFv16 affinity.	C	D	A	gnaq_human	gnas2_human
9EBI	gnai1_human	A	gbb1_human	B	gbg2_human	G	mini-Gsi chimera (mini-Gs/i148) engineered with a mini-Gs backbone and the C-terminal alpha 5 helix from Gi1.	B	C	D		gnas2_human
9EBQ	gnas2_human	A	gbb1_human	B	gbg2_human	G	Engineered dominant-negative Gs protein.	A	B	C	gnas2_human	gnas2_human
9EJZ	gnaq_human	A	gbb1_rat	B	gbg2_human	G	mini-GαsqiN chimeric construct: mini-Gαs substituted with Gαq residues at the receptor interface and the αN of Gαi.	D	B	C		gnas2_human
9EK0	gnaq_human	A	gbb1_rat	B	gbg2_human	G	Engineered mini-GαsqiN chimera consisting of a mini-Gs backbone substituted with Gq interface residues and the αN helix of Gi.	C	B	D		gnas2_human
9EPP	gnai1_human	A	gbb1_human	B	gbg2_human	G	Gαi1/Gq1 chimera (jsGiq). Residues 337-354 of human Gαi1 were replaced with the corresponding C-terminal tail residues (CAVKDTILQNNLKECNLV) from jumping spider Gαq1 to match its specificity. It also contains point mutations A31R, D193S, and L194I.	B	C	D		gnai1_human
9EPQ	gnai1_human	A	gbb1_human	B	gbg2_human	G	jsGiq chimera: human Gαi1 (gnai1_human) engineered with jumping spider Gαq1 residues at the interface, including mutations A31R, D193S, L194I and the replacement of the C-terminal α5 helix (residues 337-354).	B	C	D		gnai1_human
9GE2	gna13_human	A	gbb1_human	B	gbg2_human	G	Engineered mini-Galpha13 chimera where the initial 30 N-terminal residues were replaced by amino acids of Galpha i2 to enable ScFv16 binding. The mini-Galpha13 is also reported as fused to Ggamma2 in the expression vector.	A	B	D	gna13_human	gna13_human
9GG5	gnaq_human	A	gbb1_human	B	gbg2_human	C	Engineered mini-Gs/q/i chimera: mini-Gas scaffold (P63092) with specificity determinants (alpha-5 helix) from Gaq (P50148) and N-terminus residues 1-36 replaced by Gai2 (P04899) residues 1-30.	B	C	D	gnaq_human	gnas2_human
9GGG	gnaq_human	A	gbb1_human	B	gbg2_human	C	Engineered mini-Gαs/q chimera: specificity determinants of the α5 helix of Gαq were grafted onto mini-Gαs, and the first 36 residues were replaced by the 30 N-terminal amino acids of Gαi2.	B	C	D		gnas2_human
9GL2	gnas2_human	A	gbb1_human	B	gbg2_human	G	Engineered dominant-negative Gs protein (dnGs) with mutations N54S, A226G, A268E, K271N, D274K, K280R, D284T, and T285I.	A	B	C	gnas2_human	gnas2_human
9GYO	gnas2_human	A	gbb1_human	B	gbg2_human	G	Engineered Gs alpha subunit with N-terminal residues 1-15 replaced by residues 1-18 of Galpha-i to enhance stability and coupling.	A	B	C	gnas2_human	gnas2_human
9IIX	gnat3_human	D	gbb1_human	B	gbg2_human	C	Chimeric G protein miniGalpha-s/gust; includes engineered miniGs mutations and the specificity-determining alpha-5 helix from Galpha-gust (gnat3_human).	A	C	B		gnas2_human
9IJD	gnas2_bovin	A	gbb1_rat	B	gbg2_bovin	C	"The G-alpha subunit is an engineered ""miniGsalpha iN"" chimera, consisting of a truncated Gs (miniGs) with its N-terminal helix replaced by that of Gi1 to facilitate binding of scFv16 for stabilization."	E	A	F		gnas2_bovin
9IJE	gnas2_bovin	A	gbb1_rat	B	gbg2_bovin	C	Engineered miniGs protein (miniGsαiN); contains the N-terminal helix of Gi1 substituted into Gs to allow stabilization by Nb35.	E	A	F		gnas2_bovin
9IQT	gnai1_human	A	gbb1_human	B	gbg2_human	C	Wild-type human Gi heterotrimer.	B	C	D		gnai1_human
9ITB	gnaq_human	A	gbb1_human	B	gbg2_human	G	Engineered miniGαs/q protein, a chimera featuring a miniGαs backbone and the C-terminal α5 helix of Gαq (GNAQ). Point mutations for stability (miniG protein) are also present.	A	B	E		gnas2_human
9ITE	gna13_human	A	gbb1_human	B	gbg2_human	G	The mini-G13 protein is a complex chimera consisting of a mini-Gs backbone, the C-terminal alpha5 helix from Gα13 (residues 352-377), and the N-terminal helix from Gαi1 (residues 1-17) to facilitate scFv16 binding.	A	B	D	gna13_human	unknown
9IV2	gnas2_human	A	gbb1_human	B	gbg2_human	G	Engineered human Gs protein with high thermal stability.	C	A	B		
9IXX	gnaq_human	A	gbb1_human	B	gbg2_human	G	Engineered mini-G protein chimera based on the mini-Gαs/q71 scaffold (Gs backbone and Gq alpha5 helix) with the N-terminus replaced by Gαi1 sequence.	A	B	D		gnas2_human
9IYB	gnai1_human	B	gbb1_human	C	gbg2_human	D	Engineered Gαi1 with four dominant-negative mutations (S47N, G203A, E245A, A326S) to reduce nucleotide binding. Gβ1 is fused to HiBiT at the C-terminus.	B	C	D	gnai1_human	gnai1_human
9IZG	gnaq_human	A	gbb1_human	B	gbg2_mouse	C	Engineered Gs-mini-Gq chimera. It consists of a mini-Gs scaffold (a0a590ujy2_human) with the specificity-determining C-terminal alpha 5 helix and other interface residues substituted from Gq.	D	A	B		gnas2_human
9J31	gnas2_human	A	gbb1_human	B	gbg2_human	G	Engineered mini-Gs protein (mini-GasIN) with its alphaN helix replaced by the equivalent region from Gai1 (gnai1_human) to facilitate scFv16 binding.	C	A	E	gnas2_human	gnas2_human
9J5V	gnai1_bovin	A	gbb1_rat	B	gbg2_human	G	The complex is an engineered LPAR1-Gi1 heterotrimer stabilized by scFv16, featuring LgBiT and HiBiT fusions.	C	A	B		gnai1_bovin
9J87	gnaq_human	B	gbb1_human	C	gbg2_human	D	Gi2-mini-Gq chimera. The specificity determinants (alpha5 tail) are from Gq/11 (LQMNLREYNLV).	B	C	D	gnaq_human	gnas2_human
9JCL	gnaq_human	A	gbb1_human	B	gbg2_human	G	The G alpha subunit is an engineered miniGs/q chimera, likely composed of a miniGs body with the C-terminal alpha5 helix of Gq to stabilize the P2Y1-G protein complex.	A	B	C		
9JCO	gnas2_human	A	gbb1_human	B	gbg2_human	G	Engineered G protein heterotrimer: Gα is a mini-Gαs chimera based on a teleost backbone but modified with a human Gαi1 N-terminus for scFv16/Nb35 coupling; Gβ1 is fused with a polypeptide linker and HiBiT.	A	B	C		gnas2_human
9JCP	gnaq_human	A	gbb1_human	B	gbg2_human	G	Galphaq subunit with N-terminal sequence (residues 1-18) replaced by corresponding sequences of Galpha-i1 (MGCTLSAEDKAAVERSKM) to facilitate stabilizer binding. Engineered for stability.	E	A	B	gnaq_human	gnas2_human
9JFK	gnaq_human	B	gbb1_human	A	gbg2_human	D	gi2-mini-gq chimeric protein based on a miniGαs scaffold with the N-terminal 1-18 residues from Gαi and the specificity-determining α5 helix from Gαq.	B	A	C	gnaq_human	gnas2_human
9JFT	gnas2_human	A	gbb1_human	B	gbg2_human	G	Engineered miniGs protein (miniGαs399) with 8 mutations (I285T, T284D, R280K, K274D, N271K, E268A, G226A, and S54N) and the helical domain replaced by a linker.	A	B	C	gnas2_human	gnas2_human
9JFV	gnaq_human	A	gbb1_human	B	gbg2_human	C	Engineered chimeric G protein miniGs/q. The backbone is miniGs (gnas2_human) and it is engineered for Gq specificity. The paper states: 'For clarity, Galphaq and Galpha13 denote their respective chimeric constructs throughout this report.'	A	B	C		gnas2_human
9JFX	gnaq_human	A	gbb1_human	B	gbg2_human	C	Chimeric miniGs/q protein consisting of a miniGs backbone with Gq-derived C-terminal mutations (the alpha 5 helix specificity determinants) to confer Gq coupling functionality.	A	B	C		gnas2_human
9JFZ	gnaq_human	A	gbb1_human	B	gbg2_human	C	Engineered chimeric G protein 'miniGs/q'. The main body is miniGs (gnas2_human) and the C-terminal alpha-5 helix is replaced with the sequence from Gq (gnaq_human) to facilitate Gq-coupling; also contains 7 stabilizing mutations.	A	B	C		gnas2_human
9JH5	gnaq_human	A	gbb1_human	B	gbg2_human	C	Engineered G protein chimera (mGαsq) used for complex stabilization; metadata identifies the scaffold as human Gαi1.	D	E	B		gnas2_human
9JH6	gnaq_human	A	gbb1_human	B	gbg2_human	C	Engineered mini-G protein (mGαsq) based on a Gαi1 scaffold, featuring deletions of the alpha-helical domain and specific mutations for stabilization and coupling.	D	E	B		gnas2_human
9JHP	gna13_human	A	gbb1_human	B	gbg2_human	C	Engineered miniG13 protein containing 7 stabilizing mutations (G57D, E58N, S248D, E251D, I271D, I355A, and V358I) and the replacement of the alpha-helical domain with a GGSGGSGG linker. Only the engineered core of the alpha subunit is modeled.	A	B	D	gna13_human	gna13_human
9JMC	gnaq_human	A	gbb1_human	B	gbg2_human	G	Engineered mini-Gsq/i protein; Gq alpha subunit engineered on a mini-Gs scaffold with its N-terminus replaced by the Gai1 sequence for scFv16 binding.	A	B	D	gnaq_human	gnas2_human
9JMD	gnaq_human	A	gbb1_human	B	gbg2_human	G	Engineered Gα chimera consisting of a mini-Gs scaffold (P63092) with its N-terminus replaced by the sequence of Gai1 (P04899) to enable scFv16 binding, and likely engineered with Gq (P50148) α5 determinants to mimic Gq coupling.	A	B	D	gnaq_human	gnas2_human
9JR2	gnaq_human	A	gbb1_rat	B	gbg2_bovin	G	Engineered miniGq protein (miniGαs/q71). It is a chimera containing a miniGαs backbone, receptor-interacting residues from Gαq (alpha 5 helix), and an N-terminal replacement from Gαi1 to enable scFv16 binding.	A	B	C		gnas2_human
9JR3	gnaq_human	A	gbb1_rat	B	gbg2_bovin	G	Chimeric miniGq protein constructed on a miniGs (gnas2_human) backbone, with the N-terminus from Gi1 (gnai1_human) and receptor-interacting residues from Gq (gnaq_human).	C	D	E		gnas2_human
9JVG	gnas2_human	A	gbb1_human	B	gbg2_human	G	Engineered Gs short alpha subunit (modGas) with an N-terminal Gi1 chimera (residues 1-17 of Gai1 replacing 1-18 of Gas) to facilitate scFv16 binding and dominant-negative mutations (G226A, A366S).	A	C	D	gnas2_human	gnas2_human
9K07	gnaq_human	A	gbb1_rat	B	gbg2_bovin	G	Engineered G protein chimera (mini-Gs/q71) with G203A and A326S mutations; contains N-terminal (1-18) and alpha-helical domain segments from Gai1 (P63096) or Gai2 to facilitate scFv16 binding.	B	D	E		gnas2_human
9K0K	gnaq_human	A	gbb1_human	B	gbg2_human	G	Engineered mini-Gs/q protein; a truncated mini-Gs scaffold with the C-terminal alpha5 helix from Gq to determine specificity. It also incorporates an N-terminal sequence from Gi1 to facilitate nanobody binding.	A	B	C		gnas2_human
9K0X	gnaq_human	A	gbb1_human	B	gbg2_human	G	Engineered mini-Gs/q protein, containing the Gs backbone with specificity-determining residues from Gq.	A	B	C		gnas2_human
9K1D	gnai1_human	A	gbb1_human	B	gbg2_human	C	Dominant-negative engineered mutant of Gαi1 with S47C, G202T, G203A, E245A, and A326S mutations.	B	C	D	gnai1_human	gnai1_human
9K25	gnaq_human	A	gbb1_human	B	gbg2_human	G	Engineered mini-Gs/q protein, a chimeric G protein based on the mini-Gs/q70 design to stabilize the active state of Gq-coupled receptors. Only the GTPase domain of the alpha subunit is modeled.	A	B	C		gnas2_human
9KPD	gnat3_human	A	gbb1_human	B	gbg2_human	G	The G-alpha subunit is an engineered miniGs/gust chimera where the body is miniGs and the C-terminal alpha5 helix is replaced by the sequence from gustducin (Gnat3).	A	B	C		gnas2_human
9KPE	gnat3_human	A	gbb1_human	B	gbg2_human	G	Gαi1 chimera where the C-terminal α5 helix is replaced with the corresponding sequence from gustducin (GNAT3) to mimic gustducin signaling.	A	B	C	gnat3_human	gnai1_human
9KZK	gnao_human	A	gbb1_human	B	gbg2_human	G	Engineered mini-Go protein with deletion of the alpha-helical (AH) domain and an ScFv16 binding sequence incorporated at the N-terminus.	A	B	E	gnao_human	gnao_human
9L42	gnai1_human	B	gbb1_human	C	gbg2_human	D	Engineered dominant-negative Gi protein (DNGαi) with S47N, G203A, E245A, and A326S mutations to improve complex stability.	B	C	D	gnai1_human	gnai1_human
9L74	gnaq_human	A	gbb1_human	B	gbg2_human	G	Gα chimera (mini-GsqiN) consisting of a mini-Gαs backbone, Gαi1 αN-helix, and the C-terminal 36 residues of Gαq.	A	B	D	gnaq_human	gnas2_human
9L84	gnas2_bovin	A	gbb1_rat	B	gbg2_bovin	G	Gs heterotrimer stabilized by NB35.	A	B	C		gnas2_bovin
9L8L	gnas2_bovin	A	gbb1_rat	B	gbg2_bovin	G	Heterotrimeric Gs protein. G alpha is bovine, G beta is rat, and G gamma is bovine.	A	B	D		gnas2_bovin
9LDV	gnal_human	A	gbb1_human	B	gbg2_human	C	Mini-Golf chimera: mini-Golf scaffold with N-terminal residues (1-27) replaced by the corresponding residues (1-18) of Gai1 (P63096) to facilitate scFv16 binding.	A	B	C	gnal_human	gnal_human
9LDW	gnal_human	A	gbb1_human	B	gbg2_human	C	Mini-Golf protein alpha subunit is a chimera where the N-terminal residues 1-27 of Galpha_olf are replaced with residues 1-18 of Galpha_i1 to facilitate scFv16 binding.	A	B	C	gnal_human	gnal_human
9LDX	gnal_human	A	gbb1_human	B	gbg2_human	C	Engineered mini-Galphaolf chimera where the N-terminus (residues 1-27) is replaced by the N-terminal region of Galpha-i1 (residues 1-18) to facilitate scFv16 binding.	A	B	C	gnal_human	gnal_human
9LDZ	gnas2_human	A	gbb1_human	B	gbg2_human	C	Engineered mini-Gs alpha protein (mini-Galpha s) chimera where the N-terminal region (residues 1-25) was replaced with residues 1-18 from human Galpha i1 (gai1_human) to facilitate scFv16 binding.	A	B	C	gnas2_human	unknown
9LE0	gnal_human	A	gbb1_human	B	gbg2_human	C	Engineered mini-G-olf chimera; N-terminal residues 1-27 replaced with G-alpha-i1 residues 1-18; substitutions in the alpha-helical domain (AHD) with G-alpha-i1 residues (V65-L203) to enhance stability and binding to scFv16.	A	B	C	gnal_human	gnal_human
9LE1	gnal_human	A	gbb1_human	B	gbg2_human	C	Engineered mini-Gαolf scaffold; the N-terminus (residues 1-27) was replaced with the N-terminal region of Gαi1 (residues 1-18) to facilitate scFv16 binding.	D	A	B	gnal_human	gnal_human
9LE2	gnal_human	A	gbb1_human	B	gbg2_human	C	Engineered mini-Golf alpha subunit (Golf/Gai1 chimera) with N-terminus (residues 1-27) replaced by Gai1 (residues 1-18) to facilitate scFv16 binding.	D	A	B	gnal_human	gnal_human
9LL9	gnaq_human	A	gbb1_human	B	gbg2_human	C	Engineered Gαq chimera (modGαq) with N-terminal segments from Gαi1 and other modifications for stability, as described in Shang et al. (2023). UniProt accessions in metadata include P50148 (Gαq), P63092 (Gαs), and P63096 (Gαi1).	C	A	B	gnaq_human	gnas2_human
9LLA	gnaq_human	A	gbb1_human	B	gbg2_human	C	Engineered modGαq chimera containing segments from Gαq (P50148), Gαi1 (P63096), and Gαs (P63092) for stabilization and universal coupling (ref 44).	C	A	B	gnaq_human	gnas2_human
9LLB	gnaq_human	A	gbb1_human	B	gbg2_human	C	Engineered chimeric G alpha q protein (modG alpha q) based on human GNAQ (P50148) with stabilization segments likely derived from GNAS2 (P63092) and GNAI1 (P63096), as indicated by multiple accessions in metadata and referenced constructs.	C	A	B	gnaq_human	gnas2_human
9LLJ	gnas2_human	A	gbb1_human	B	gbg2_human	C	Engineered Gs heterotrimer with short alpha isoform.	E	B	C	gnas2_human	gnas2_human
9LR1	gnai1_human	A	gbb1_human	B	gbg2_human	G		A	B	C	gnai1_human	gnai1_human
9LRS	gnaq_human	B	gbb1_human	C	gbg2_human	D	Gs-mini-Gq chimera. The alpha subunit is an engineered Gs protein with the C-terminal alpha 5 helix from Gq (LQMNLREYNLV) to alter coupling specificity.	B	C	D	gnaq_human	gnas2_human
9LWC	gnas2_human	A	gbb1_human	B	gbg2_human	G	The alpha subunit is an engineered 'miniGs' construct, which is a truncated and mutated version of Gs short (P63092).	A	B	C		gnas2_human
9LWP	gnaq_human	A	gbb1_rat	B	gbg2_bovin	G	Engineered G protein alpha subunit based on a mini-Gs backbone (mini-Gs/q71) with the N-terminal residues (1-18) and the alpha-helical domain substituted with sequences from human Galpha-i1. It also contains dominant-negative mutations G203A and A326S.	B	C	D		gnas2_human
9M0J	gnaq_human	A	gbb1_human	B	gbg2_human	G		A	B	C	gnaq_human	gnas2_human
9M0X	gnas2_human	A	gbb1_human	B	gbg2_human	C	G protein Gs alpha subunit (short isoform).	E	B	C	gnas2_human	unknown
9M1H	gnaq_human	B	gbb1_human	C	gbg2_human	G	Gα chimera derived from a mini-Gαs skeleton, with the N-terminus from Gαi1 and the C-terminal specificity determinants (α5 helix) from Gαq.	B	C	D	gnaq_human	gnas2_human
9M1R	gnaq_human	A	gbb1_human	B	gbg2_human	G	Chimeric Gα subunit fused from Gnai1 (N-terminus for scFv16 binding) and Gnaq (main body for receptor coupling), designed based on a miniGs skeleton. Engineering also includes the Gi1-derived N-terminal fragment.	B	A	D	gnaq_human	gnas2_human
9M1S	gnaq_human	A	gbb1_human	B	gbg2_human	G	Gα chimera composed of fragments from Gαi1 (N-terminus for scFv16 binding) and Gαq, designed on a miniGαs skeleton for structural stabilization.	A	B	C	gnaq_human	gnas2_human
9M1U	gnaq_human	A	gbb1_human	B	gbg2_human	G	Gαq chimera; paper describes it as a miniGαs skeleton with the N-terminus replaced by Gαi1, while metadata identifies it as a Gαi1-Gαq fusion.	A	B	C	gnaq_human	gnas2_human
9M42	gnaq_human	A	gbb1_human	B	gbg2_human	G	Engineered mini-Gs/q protein; an engineered Gs alpha subunit where the C-terminus was replaced with Gq residues to facilitate coupling.	A	B	C		gnas2_human
9M54	gnai1_bovin	A	gbb1_rat	B	gbg2_bovin	G	Engineered dominant-negative Gαi1 protein with G203A and A326S mutations. The Gβ1 subunit is fused to a HiBiT tag at its C-terminus. NanoBiT tethering was used to stabilize the complex.	E	C	D		gnai1_bovin
9M55	gnas2_human	A	gbb1_human	B	gbg2_human	G	Gαs chimera from Ixodes scapularis and Homo sapiens; the N-terminal 1–25 residues were replaced with residues 1–18 of human Gαi1 for scFv16 stabilization. Contains dominant negative mutations (S54N, G211A, E253A, D256K, K259D, R265K, T269D, I270T, and A351S).	A	B	C	gnas2_human	gnas2_human
9M57	gnas2_human	A	gbb1_human	B	gbg2_human	G	Gαs chimera with N-terminal residues 1-25 replaced by human Gαi1 residues 1-18 for stabilization. Also contains dominant-negative mutations (S54N, G211A, E253A, D256K, K259D, R265K, T269D, I270T, and A351S).	A	B	C	gnas2_human	gnas2_human
9MD1	gnaz_human	A	gbb1_human	B	gbg2_human	G	Galpha and Ggamma were expressed as a fusion protein with a GSAGSAGSA linker.	A	B	D	gnaz_human	gnaz_human
9MXU	gnas2_human	A	gbb1_human	B	gbg2_human	G	Heterotrimeric Gs protein.	C	D	E	gnas2_human	gnas2_human
9N09	gnai1_human	A	gbb1_human	B	gbg2_human	G	mini-Gs/i chimera designed to stabilize the Gi-coupled state; the C-terminal α5 tail is derived from Gi1 (IKMNLRDCGLF).	A	B	C	gnai1_human	gnas2_human
9N29	gnai1_human	A	gbb1_rat	B	gbg2_human	G	Miniature G protein Gi chimera (mGsI) derived from Gαi1, used to stabilize the active-state complex.	D	A	B	gnai1_human	gnas2_human
9NOX	gnat3_human	B	gbb1_human	C	gbg2_human	D	The G protein alpha subunit (miniGs/gust25) is a chimera consisting of a miniGs backbone with the C-terminal alpha-5 helix (last 25 residues) from human gustducin (GNAT3). It is expressed as a fusion protein at the C-terminus of the TAS1R3 subunit (Chain B).	A	B	C	gnat3_human	gnas2_human
9O38	gnat3_human	B	gbb1_human	C	gbg2_human	D	Engineered miniGs/gust chimera: a miniature Gs alpha subunit (GNAS) where the C-terminal alpha-5 helix (last 25 residues) is replaced by the corresponding sequence from human gustducin (GNAT3). The receptor is fused to this G protein subunit.	A	B	C		gnas2_human
9ODG	gnai1_human	A	gbb1_human	B	gbg2_human	C	Wild-type Gi1 heterotrimer.	A	B	C	gnai1_human	gnai1_human
9ODJ	gnai1_human	A	gbb1_human	B	gbg2_human	C	Wild-type Gi heterotrimer was used without antibody fragments.	D	A	B	gnai1_human	gnai1_human
9OXB	gnat3_human	A	gbb1_human	B	gbg2_human	C	Engineered dominant-negative gustducin (Gnat3) protein.	A	B	C	gnat3_human	gnat3_human
9P85	gnai1_human	A	gbb1_human	B	gbg2_human	C	Wild-type Gi1 heterotrimer bound to GTP; AHD is in the closed conformation.	E	C	D	gnai1_human	gnai1_human
9PU5	gnai1_human	A	gbb1_human	C	gbg2_human	E	Human G(i) subunit alpha-1.	A	G	H	gnai1_human	gnai1_human
9PUD	gnai1_human	A	gbb1_human	B	gbg2_human	E	Human Gi1 heterotrimer.	A	B	H	gnai1_human	gnai1_human
9PY2	gnai1_human	A	gbb1_human	B	gbg2_human	C		B	C	D	gnai1_human	gnai1_human
9QXL	gnaq_human	B	gbb1_human	C	gbg2_human	E	Engineered mini-Gq protein (mini-Gs/q version 70). It is a chimera consisting of a Gs backbone (gnas2_human) with residues contacting the receptor mutated to match Gq (gnaq_human). The Gα helical domain is deleted (mini-G).	B	C	D		gnas2_human
9U4W	gnaq_human	A	gbb1_human	B	gbg2_human	G	Engineered mini-Gαq chimera based on a mini-Gαs scaffold, with its N-terminus replaced by Gαi1 sequences to facilitate scFv16 binding.	A	B	D	gnaq_human	gnas2_human
9U4Y	gnaq_human	A	gbb1_human	B	gbg2_human	G	Engineered Gαq chimera based on a mini-Gαs scaffold, with the N-terminus replaced by Gαi1 sequences to facilitate scFv16 binding.	D	A	B	gnaq_human	gnas2_human
9UAM	gnaq_human	B	gbb1_human	C	gbg2_human	D	miniGq engineered protein (truncated Gαq); G protein alpha subunit UniProt based on family and a5 tail sequence LQMNLREYNLV.	B	C	D	gnaq_human	gnas2_human
9UAN	gnaq_human	B	gbb1_human	C	gbg2_human	D	Engineered 'miniGq' protein, a truncated and mutated version of Gαq designed for stabilization. The C-terminal alpha5 helix matches human Gnaq.	B	C	D	gnaq_human	gnas2_human
9UAP	gna11_human	B					Only the C-terminal alpha5 helix fragment (residues 335-359) of Gna11 is present.	B			gna11_human	gna11_human
9UCP	gna11_human	B					Only the C-terminal/alpha5 helix (residues 335-359) of human Galpha11 is modelled.	B			gna11_human	gna11_human
9UK2	gnaq_human	B	gbb1_human	C	gbg2_human	D	mini Gq protein used for complex stabilization.	B	C	D		
9UST	gnaq_rat	A	gbb1_rat	B	gbg2_bovin	G	Gq heterotrimer complex.	A	B	C		
9UWM	gnas2_bovin	A	gbb1_human	B	gbg2_human	G	Engineered chimeric Gs alpha protein (mDN-Gαs) based on bovine Gαs. The N-terminal region (M1-K25) and α-helical domain (F68-L203) were replaced with corresponding regions from human Gαi (M1-M18 and Y61-K180). It also includes a deletion (N254-T263) and eight stability-enhancing mutations (G49D, E50N, L63Y, A249D, S252D, L272D, I372A, and V375I).	A	B	D		gnas2_bovin
9UWQ	gnas2_bovin	A	gbb1_human	C	gbg2_human	G	Modified dominant-negative Gs protein (mDN-Gs). This is a Gs/Gi1 chimera where the N-terminus (residues 1-25) and alpha-helical domain (residues 68-203) are replaced with the corresponding regions from human Gi1. It also contains 8 stability mutations (G49D, E50N, L63Y, A249D, S252D, L272D, I372A, V375I) and a deletion of residues 254-263.	A	B	E		gnas2_bovin
9UXU	gnai1_human	B	gbb1_rat	A	gbg2_bovin	D		G	A	B	gnai1_human	gnai1_human
9UY3	gnaq_human	A	gbb1_human	B	gbg2_human	G	Multi-functional Gαq chimera incorporating a mini-Gαs skeleton with a Gi1 N-terminus.	A	B	C	gnaq_human	gnas2_human
9V0X	gnaq_human	A	gbb1_human	B	gbg2_human	G	Chimeric Gα protein based on the mini-Gαs skeleton (gnas2_human) with sequences from Gαq (gnaq_human) to facilitate coupling; also contains G203A and A326S mutations.	A	B	D		gnas2_human
9V1H	gnai1_human	A	gbb1_human	B	gbg2_human	G	Engineered G protein chimera based on a mini-Gαs skeleton with Gαi specificity determinants and mutations G203A and A326S to stabilize the complex.	A	B	D	gnai1_human	gnas2_human
9V2N	gnaq_human	A	gbb1_human	B	gbg2_human	G	Galphaq chimera incorporating a mini-Galpha-s skeleton and a Gi1 N-terminus for stabilization and recruitment of scFv16 and NB35.	A	B	C	gnaq_human	gnas2_human
9V81	gnaq_human	B	gbb1_human	C	gbg2_human	D	Gs-mini-Gq chimera; an engineered mini-Gs protein with the C-terminal specificity determinants from Gq.	A	B	C		gnas2_human
9VAW	gnaq_human	A	gbb1_human	B	gbg2_human	C	Gαq subunit is a chimera with the N-terminal 18 residues replaced by those of Gαi1 to enable scFv16 binding. It also contains a C3S mutation to prevent lipidation. The Gβ1 subunit contains an accidental T159I mutation.	C	D	E	gnaq_human	gnaq_human
9VB6	gnai1_human	A	gbb1_human	B	gbg2_human	C	Wild-type human G protein alpha-i1.	A	B	C	gnai1_human	gnai1_human
9VJ6	gnai3_human	B	gbb1_human	C	gbg2_human	D	Engineered dominant-negative Gi3 protein with S47N, G203A, E245A, and A326S mutations.	A	B	C	gnai3_human	gnai3_human
9VMG	gnas2_human	A	gbb1_human	B	gbg2_human	C	Human Gs heterotrimer (alpha short isoform). No chimeric modifications reported.	B	C	D		gnas2_human
9VMN	gnaq_human	A	gbb1_human	B	gbg2_human	G	The modGalphaq protein was designed using a mini-Gs (gnas2_human) scaffold, with its C-terminal specificity determinant (alpha 5 helix) replaced by Galphaq (gnaq_human) and its N-terminal domain (residues 1-18) substituted with Galphai1 (gnai1_human).	A	B	C	gnaq_human	gnas2_human
9VMO	gnaq_human	A	gbb1_human	B	gbg2_human	G	Engineered modGαq subunit based on mini-Gs scaffold, with the C-terminal α5 helix from Gαq and N-terminal residues 1-18 from Gαi1.	A	B	C	gnaq_human	gnas2_human
9VMP	gnaq_human	A	gbb1_human	B	gbg2_human	G	Chimeric modGalphaq protein: mini-Gs scaffold (gnas2_human) with the C-terminal alpha5 helix from Galphaq (gnaq_human) and N-terminal residues 1-18 from Galphai1 (gnai1_human).	A	B	C	gnaq_human	gnas2_human
9VO2	gnaq_human	A	gbb1_human	B	gbg2_human	G	Engineered modGαq chimera: mini-Gs scaffold (based on gnas2_human) with the C-terminal α5 helix from Gq (gnaq_human) and N-terminal residues 1-18 from Gi1 (gnai1_human) for stabilization.	A	B	C	gnaq_human	gnas2_human
9VPM	gnai1_human	A	gbb1_human	B	gbg2_human	G	Heterotrimeric Gi protein complex.	B	C	A	gnai1_human	gnai1_human
9VUS	gnaq_human	B	gbb1_human	D	gbg2_human	C	Gq heterotrimer (Gaq, Gbeta1, Ggamma2).	A	C	B		
9VV6	gnaq_human	B	gbb1_human	D	gbg2_human	C	Human Gq heterotrimer.	D	C	B		
9W1J	gnaq_human	A	gbb1_human	B	gbg2_human	G	MiniGs/q70 chimera. The Gs alpha subunit was modified with Gq C-terminal residues (LQMNLREYNLV) for coupling specificity.	A	F	B		gnas2_human
9W2G	gnaq_human	A	gbb1_human	B	gbg2_human	G	miniGs/q70 chimera; contains the Gq C-terminal tail (a5) 'LQMNLREYNLV' for Gq-coupling specificity.	B	E	A		gnas2_human
9W2H	gnaq_human	A	gbb1_human	B	gbg2_human	G	Mini-Gs/q70 chimera. The Galpha subunit is a mini-Gs protein with the C-terminal alpha5 helix replaced by the Gq sequence (LQMNLREYNLV) to mimic Gq coupling.	C	E	A		gnas2_human
9W2I	gnaq_human	A	gbb1_human	B	gbg2_human	G	miniGs/q70 chimera; the alpha subunit is a mini-Gs protein with the C-terminal alpha 5 helix from Gq (LQMNLREYNLV).	A	E	B		gnas2_human
9W2J	gnaq_human	A	gbb1_human	B	gbg2_human	G	MiniGs/q70 chimera. The Gs alpha subunit was engineered with the C-terminal alpha 5 helix (last 13 residues) replaced by the Gq sequence (LQMNLREYNLV) to facilitate NK2R coupling.	A	E	B		gnas2_human
9W45	gnas2_human	A	gbb1_human	B	gbg2_human	G	Engineered miniGαs protein. Only the GTPase domain is modeled (residues 11-308 in full numbering, but truncated to 250 residues in this construct).	A	B	C		gnas2_human
9WEY	gnas2_human	A	gbb1_human	B	gbg2_human	C	Engineered dominant-negative Gs protein with S54N, G226A, E268A, N271K, K274D, R280K, T284D, I285T, and A366S mutations.	C	D	A	gnas2_human	gnas2_human
9WG4	gnas2_human	X	gbb1_human	Y	gbg2_human	Z	Mini-Gs alpha subunit used for complex stabilization.	C	D	E	gnas2_human	unknown
9WP9	gnaq_human	A	gbb1_human	B	gbg2_human	G	The Gα subunit is an engineered mini-G protein chimera (mini-GsqiN) featuring a mini-Gαs backbone, a Gαi αN helix, and the C-terminal 36 amino acids of Gαq to determine coupling specificity.	A	B	D	gnaq_human	gnas2_human
9WPM	gnas2_human	C	gbb1_human	B	gbg2_human	Y	Engineered mini-Gs399 protein used to stabilize the active-state complex.	B	D	E	gnas2_human	unknown
9WQL	gnaq_human	A	gbb1_human	B	gbg2_human	G	Engineered miniGq protein used to stabilize the active state complex.	C	D	E		gnas2_human
9WQM	gnai1_human	A	gbb1_human	B	gbg2_human	G	Native human Gi protein heterotrimer.	A	B	C	gnai1_human	gnai1_human
9WQN	gnaq_human	A	gbb1_human	B	gbg2_human	G	Engineered miniGq protein.	C	D	E	gnaq_human	gnas2_human
9X22	gnaq_human	A	gbb1_human	B	gbg2_human	G	Engineered Gi2-mini-Gq chimera. The Gα subunit is a fusion of Gi2 and the mini-Gq scaffold to facilitate Gq-specific coupling and stabilization.	C	D	E	gnaq_human	gnas2_human
9X3Z	gnai1_human	A	gbb1_human	B	gbg2_human	G	Chimeric G protein based on a mini-Gs/i143 skeleton; the N-terminal (1-18) and αH domain were replaced with segments from Gαi1 to facilitate scFv16 binding.	B	C	E		
9X40	gnai1_human	A	gbb1_human	B	gbg2_human	G	Engineered Gαi chimera based on a mini-Gs/i143 skeleton, with the N-terminus and AH domain replaced by Gi1 sequences to facilitate scFv16 binding.	A	B	C		
9XC6	gnai1_bovin	A	gbb1_human	B	gbg2_human	C	Engineered dominant-negative Gαi1 with S47N, G203A, E245A, and A326S mutations.	A	B	C		gnai1_bovin
9XDR	gnai1_bovin	A	gbb1_human	B	gbg2_human	C	Dominant-negative Gi protein with S47N, G203A, E245A, A326S mutations.	A	B	C		gnai1_bovin
9XF4	gnai2_human	D	gbb1_human	B	gbg2_human	C	Dominant-negative Gi2 (DNGαi2) with mutations S47N, G204A, E246A, and A327S; Gβ1 is fused with a C-terminal HiBiT subunit.	D	B	C	gnai2_human	gnai2_human
9XHH	gnai1_human	A	gbb1_human	B	gbg2_human	A	The Gi complex is modeled as a single-chain Ggamma-Galpha fusion. The Galpha subunit contains dominant negative mutations (S47N, G203A, E245A, A326S).	E	C	E		gnai1_human
9XHI	gnai1_human	A	gbb1_human	B	gbg2_human	A	G-gamma-2/G-alpha-i1 fusion protein with dominant negative mutations (S47N, G203A, E245A, A326S) in the G-alpha subunit. The G-beta subunit is fused with a C-terminal HiBiT tag.	C	D	C		gnai1_human
9XQC	gnaq_human	A	gbb1_human	C	gbg2_human	G	Chimeric Gαq construct based on the mini-Gαs scaffold (P63092), with residues 1-18 from Gαi1 (P63096) and residues 348-359 from Gαq (P50148) to determine Gq specificity.	A	B	D	gnaq_human	gnas2_human
9YDA	gnas2_human	A	gbb1_human	B	gbg2_human	G	Engineered chimeric miniG protein (miniGαist) containing segments from Gi and Gt subunits, fused to a Venus fluorescent protein.	E	B	C		unknown
9YDP	gnai1_human	A	gbb1_human	B	gbg2_human	G	Engineered chimeric miniature G protein (mGsi) composed of a mini-Gs skeleton with the C-terminal specificity determinants (α5 helix) from Gi.	A	B	C		gnas2_human
9YDQ	gnai1_human	A	gbb1_human	B	gbg2_human	G	Engineered chimeric miniature G protein (mini-Gsi) based on Gs (gnas2_human) with Gi1 (gnai1_human) specificity residues (the alpha 5 helix). The G alpha subunit was originally fused to the receptor C-terminus but is modelled as a separate chain.	A	B	C		gnas2_human
9YDR	gnai1_human	A	gbb1_human	B	gbg2_human	G	Engineered chimeric miniature G protein (mGsi) containing specificity determinants from Gi. Only the C-terminal/alpha5 fragment of the alpha subunit is modeled.	A	B	C		gnas2_human
9YGZ	gnas2_human	A	gbb1_human	B	gbg2_human	G	miniGist chimera: engineered mini-Gs (gnas1_human) base with the C-terminal alpha 5 helix (Galpha-CT) from transducin (gnat1_human).	E	B	C		unknown
12IZ	gnai1_human	A	gbb1_human	B	gbg2_human	C	Engineered dominant-negative Gαi1 with S47N, G203A, E245A, and A326S mutations; Gβ1 with N-terminal 8xHis tag.	A	B	C	gnai1_human	gnai1_human
12JA	gnai1_human	A	gbb1_human	B	gbg2_human	C	Engineered dominant-negative Gαi1 with S47N, G203A, E245A, and A326S mutations.	A	B	C	gnai1_human	gnai1_human
20YC	gnai1_human	A	gbb1_human	B	gbg2_human	C	Heterotrimeric Gi protein complex.	A	C	D	gnai1_human	gnai1_human
20ZC	gnai1_human	A	gbb1_human	B	gbg2_human	C	Wild-type human Gi1 heterotrimer; the G-beta subunit contains an accidental T159I mutation as noted in the methods.	A	B	C	gnai1_human	gnai1_human
20ZD	gnai1_human	A	gbb1_human	B	gbg2_human	C	Human native wild-type Gαi1 subunit.	A	B	C	gnai1_human	gnai1_human
20ZG	gnai1_human	A	gbb1_human	B	gbg2_human	C	Wild-type human Gi1 heterotrimer subunits.	A	B	C	gnai1_human	gnai1_human
20ZH	gnai1_human	A	gbb1_human	B	gbg2_human	C	Wild-type human Gi1 heterotrimer. While the paper describes chimeric Gq constructs, the Gi1 subunits in this structure are native sequences.	A	B	C	gnai1_human	gnai1_human
20ZI	gnai1_human	A	gbb1_human	B	gbg2_human	C	Native human Gi1 heterotrimer. While the title mentions 'GTP-bound', the coordinate inventory and the data availability statement for this specific entry (20ZI) confirm it represents the nucleotide-free NC1 state.	A	B	C	gnai1_human	gnai1_human
20ZJ	gnai1_human	A	gbb1_human	B	gbg2_human	C	Native human Gi1 heterotrimer.	A	B	C	gnai1_human	gnai1_human
20ZK	gnai1_human	A	gbb1_human	B	gbg2_human	C	Nucleotide-free non-canonical intermediate state (NC3) captured during GTP-induced dissociation. The beta subunit contains an N-terminal 6xHis tag.	A	B	C	gnai1_human	gnai1_human
20ZL	gnai1_human	A	gbb1_human	B	gbg2_human	C	Wild-type human Gi1 heterotrimer.	C	D	E	gnai1_human	gnai1_human
21AG	gnao_human	C	gbb1_human	B	gbg2_human	G	Engineered miniGαoA protein. The paper notes miniGαoA was fused to Gγ2 for expression.	B	A	C	gnao_human	gnao_human
22EM	gnai1_human	B	gbb1_mouse	C	gbg2_bovin	D		A	B	C	gnai1_human	gnai1_human
22ES	gnai1_human	D	gbb1_rat	B	gbg2_bovin	C		D	A	B	gnai1_human	gnai1_human
23IV	gnai1_human	A	gbb1_human	B	gbg2_human	G	Engineered dominant-negative (DN) Gαi1 mutant.	A	B	C	gnai1_human	gnai1_human
23IW	gnai1_human	A	gbb1_human	B	gbg2_human	G	Engineered dominant-negative Gαi1 (DNGαi1) with point mutations to increase complex stability and decrease nucleotide-binding affinity.	B	C	D	gnai1_human	gnai1_human
23OI	gnai1_human	A	gbb1_rat	B	gbg2_bovin	C		D	A	B	gnai1_human	gnai1_human
24QH	gnai1_human	C	gbb1_human	B	gbg2_human	G		A	B	C	gnai1_human	gnai1_human
24TB	gnas2_human	A	gbb1_rat	B	gbg2_bovin	G	Gs heterotrimer short isoform.	A	B	C	gnas2_human	gnas2_human
24TI	gnas2_human	A	gbb1_rat	B	gbg2_bovin	G	Engineered Gs protein heterotrimer.	B	C	D	gnas2_human	gnas2_human
24XB	gnaq_human	E	gbb1_human	B	gbg2_human	C	Gq heterotrimer (Gαq/β1/γ2).	D	A	B	gnaq_human	gnaq_human
24XZ	gnai1_human	A	gbb1_bovin	B	gbg2_bovin	A	Human Gαi1 is fused to the C-terminus of bovine Gγ2 via a GSAGSAGSA linker. Rat Gβ1 was constructed with a C-terminal HiBiT tag.	D	A	D	gnai1_human	gnai1_human
25NV	gnas2_human	A	gbb1_human	B	gbg2_human	G	Engineered dominant-negative Gs protein (DNGs).	A	B	C	gnas2_human	gnas2_human
25NX	gnas2_human	A	gbb1_human	B	gbg2_human	G	Engineered dominant-negative Gs (DNGs).	A	B	C	gnas2_human	gnas2_human
27XK	gnas2_human	A	gbb1_rat	B	gbg2_bovin	G	The alpha5 tail sequence QRMHLRQYELL is characteristic of Gs alpha (GNAS).	A	B	D	gnas2_human	unknown
5G53	gnas2_human	C					Engineered mini-Gs protein; a truncated and stabilized version of the Gs alpha subunit GTPase domain containing eight point mutations.	C			gnas2_human	gnas2_human
5VAI	gnas2_human	A	gbb1_rat	B	gbg2_bovin	G	Purified Gs heterotrimer; alpha subunit is human Gnas isoform short, beta subunit is rat, and gamma subunit is bovine.	C	D	E	gnas2_human	gnas2_human
6B3J	gnas2_human	A	gbb1_human	B	gbg2_human	G	Engineered dominant-negative Gs protein with S54N, G226A, E268A mutations and specific substitutions from Gai2 (N271K, K274D, R280K, T284D, I285T) to improve complex stability.	C	D	E	gnas2_human	gnas2_human
6D9H	gnai2_human	A	gbb1_human	B	gbg2_human	G	Dominant-negative Gi2 with S47N, G204A, A327S, and E246A mutations.	A	B	C	gnai2_human	gnai2_human
6DDE	gnai1_human	A	gbb1_human	B	gbg2_human	C	Wild-type Gi heterotrimer. Apyrase was used during purification to create a nucleotide-free complex.	A	B	C	gnai1_human	gnai1_human
6DDF	gnai1_human	A	gbb1_human	B	gbg2_human	C	Nucleotide-free Gi protein complex. Gαi subunit is wild-type human.	A	B	C	gnai1_human	gnai1_human
6E3Y	gnas2_human	A	gbb1_human	B	gbg2_human	G	Engineered dominant-negative Gs protein (DNGs) used for stabilization of the signaling complex.	C	D	E	gnas2_human	gnas2_human
6FUF	gnao_human	B					Engineered mini-Go protein, consisting of the truncated GTPase domain of the Gαo subunit.	B			gnao_human	gnao_human
6G79	gnao_human	A	gbb1_human	B	gbg2_human	G	Engineered mini-Go protein (variant of Gαo) forming a heterotrimer with Gβ1 and Gγ2. Only the core of the α subunit is modelled (mini-Go).	C	A	B	gnao_human	gnao_human
6GDG	gnas2_human	D	gbb1_human	B	gbg2_human	C	Engineered mini-Gs heterotrimer; the alpha subunit contains eight point mutations and three deletions (including the alpha-helical domain) for stabilization.	D	B	C	gnas2_human	gnas2_human
6K41	gnao_human	A	gbb1_mouse	B	gbg2_human	G	Human GoA, mouse G-beta-1, and human G-gamma-2 heterotrimer.	A	B	C	gnao_human	gnao_human
6KPF	gnai1_human	A	gbb1_human	B	gbg2_human	C	Native human Gi heterotrimer.	A	B	C	gnai1_human	gnai1_human
6KPG	gnai1_human	A	gbb1_human	B	gbg2_human	C	Heterotrimeric Gi1 protein.	A	B	C	gnai1_human	gnai1_human
6LFM	gnai1_human	A	gbb1_human	B	gbg2_human	C	Heterotrimeric Gi protein complex.	A	B	C	gnai1_human	gnai1_human
6LFO	gnai1_human	A	gbb1_human	B	gbg2_human	C	Heterotrimeric Gi1 protein.	A	B	C	gnai1_human	gnai1_human
6LI3	gnas2_human	A	gbb1_human	B	gbg2_human	G	Engineered mini-Gs protein (truncated Galpha-s used for stability).	B	C	D	gnas2_human	gnas2_human
6LMK	gnas2_human	A	gbb1_human	B	gbg2_human	C	Native human Gs heterotrimer.	A	B	C	gnas2_human	gnas2_human
6LML	gnai1_human	A	gbb1_human	B	gbg2_human	C	Human heterotrimeric Gi1 protein.	A	B	C	gnai1_human	gnai1_human
6LPB	gnas2_human	A	gbb1_rat	B	gbg2_bovin	G	Engineered mini-Gs protein.	D	C	F	gnas2_human	gnas2_human
6M1H	gnas2_human	F	gbb1_human	E	gbg2_human	D	Engineered dominant-negative Gs protein with multiple mutations (S54N, G226A, E268A, N271K, K274D, R280K, T284D, and I285T) to improve complex stability.	F	E	D	gnas2_human	gnas2_human
6M1I	gnas2_human	F	gbb1_human	E	gbg2_human	D	Engineered dominant-negative Gs protein (DNGs) with S54N, G226A, E268A, N271K, K274D, R280K, T284D, and I285T mutations to improve complex stability.	F	E	D	gnas2_human	gnas2_human
6N4B	gnai1_human	A	gbb1_human	B	gbg2_human	C	Wild-type human Gi heterotrimer.	A	B	C	gnai1_human	gnai1_human
6NI3	gnas2_human	A	gbb1_human	B	gbg2_human	G	Human Gs heterotrimer.	A	B	C	gnas2_human	gnas2_human
6NIY	gnas2_human	A	gbb1_human	B	gbg2_human	G	Heterotrimeric Gs protein complex.	A	D	E	gnas2_human	gnas2_human
6OIK	gnao_human	A	gbb1_human	B	gbg2_human	G	Engineered GoA subunit (GoAiN) with four mutations in the alphaN helix (homologous to Gi1) to facilitate scFv16 binding.	B	C	D	gnao_human	gnao_human
6OMM	gnai1_human	A	gbb1_human	B	gbg2_human	C	Dominant-negative G protein with G203A and A326S mutations in Gαi1. While metadata specifies all human subunits, the paper mentions bovine Gαi1 and Gγ2 and rat Gβ1.	C	D	E	gnai1_human	gnai1_human
6ORV	gnas2_human	A	gbb1_human	B	gbg2_human	G	Engineered dominant-negative Gs protein with mutations to alter nucleotide handling and stabilize the G protein complex.	A	B	C	gnas2_human	gnas2_human
6OS9	gnai1_human	A	gbb1_human	B	gbg2_human	C	The G protein is a nucleotide-free human Gi1 heterotrimer in the canonical active conformation (C state). No mutations or chimeras are reported for the G protein subunits.	C	D	E	gnai1_human	gnai1_human
6OSA	gnai1_human	A	gbb1_human	B	gbg2_human	C	Wild-type human G protein heterotrimer.	C	D	E	gnai1_human	gnai1_human
6OT0	gnai1_human	A	gbb1_human	B	gbg2_human	G	Engineered dominant-negative Gαi1 mutant with S47N, G204A, E246A, and A327S mutations.	B	C	D	gnai1_human	gnai1_human
6P9X	gnas2_human	A	gbb1_human	B	gbg2_human	G	Dominant-negative Gs alpha (DNGs) with mutations S54N, G226A, and E268A to alter nucleotide handling and stabilize the complex; also includes several residues substituted to match Gai2 (N271K, K274D, R280K, T284D, and I285T).	A	B	C	gnas2_human	gnas2_human
6P9Y	gnas2_human	A	gbb1_human	B	gbg2_human	G	Engineered dominant-negative Gs protein with S54N, G226A, and E268A mutations, and N271K, K274D, R280K, T284D, I285T substitutions from Gi2 for stabilization.	A	B	C	gnas2_human	gnas2_human
6PB1	gnas2_human	A	gbb1_human	B	gbg2_human	G	Engineered Gs alpha subunit (GsDN) containing human Gs (gnas2_human) and human Gi1 (gnai1_human) sequences; Gi1 residues are included to facilitate binding of Nanobody 35.	C	D	E	gnas2_human	gnas2_human
6PT0	gnai1_human	A	gbb1_human	B	gbg2_human	C	Engineered dominant-negative G protein with S47N, G203A, E245A and A326S mutations.	B	C	D	gnai1_human	gnai1_human
6UUN	gnas2_human	A	gbb1_human	B	gbg2_human	G	Engineered dominant-negative Gs protein (DNGs).	A	B	D	gnas2_human	gnas2_human
6UUS	gnas2_human	A	gbb1_human	B	gbg2_human	G	Dominant-negative Gs protein (DNGs) containing the A366S mutation.	A	B	C	gnas2_human	gnas2_human
6UVA	gnas2_human	A	gbb1_human	B	gbg2_human	G	Engineered dominant-negative Gs protein (DNGs) with mutations (including A366S) to stabilize the active complex.	A	B	C	gnas2_human	gnas2_human
6VCB	gnas2_human	A	gbb1_human	B	gbg2_human	G	Heterotrimeric Gs protein.	C	D	E	gnas2_human	gnas2_human
6VN7	gnas2_human	A	gbb1_human	B	gbg2_human	G	Engineered dominant-negative Gs protein with mutations S54N, G226A, E268A, N271K, K274D, R280K, T284D, and I285T to increase stability. Stabilized by C-terminal HiBiT fusion.	C	D	E	gnas2_human	gnas2_human
6WHC	gnas2_human	A	gbb1_human	B	gbg2_human	C	Engineered dominant-negative Gs protein with eight mutations (S54N, G226A, E268A, N271K, K274D, R280K, T284D, and I285T) for stabilization.	A	B	C	gnas2_human	gnas2_human
6WI9	gnas2_human	A	gbb1_human	B	gbg2_human	G	Engineered dominant-negative Gs protein (DNGαsv2) with A366S mutation.	A	B	C	gnas2_human	gnas2_human
6WPW	gnas2_human	C	gbb1_human	D	gbg2_human	G	Human Gas short splice variant.	A	B	C	gnas2_human	gnas2_human
6WWZ	gnao_human	A	gbb1_rat	B	gbg2_human	Y	Engineered miniGo protein.	D	A	C	gnao_human	gnao_human
6WZG	gnas2_human	A	gbb1_human	B	gbg2_human	G	Engineered dominant-negative Gs alpha protein (DNGasv2) with an A366S mutation.	C	D	E	gnas2_human	gnas2_human
6X18	gnas2_human	A	gbb1_human	B	gbg2_human	G	Engineered dominant-negative Gs protein (DNGas) used to stabilize the receptor-G protein complex.	A	B	C	gnas2_human	gnas2_human
6X19	gnas2_human	A	gbb1_human	B	gbg2_human	G	Dominant-negative Gas (DNGas) with multiple stabilizing point mutations.	A	B	C	gnas2_human	gnas2_human
6X1A	gnas2_human	A	gbb1_human	B	gbg2_human	G	Engineered dominant-negative Gs protein (DNGas) with mutations to enhance complex stability.	A	B	C	gnas2_human	gnas2_human
6XBJ	gnai1_human	A	gbb1_human	B	gbg2_human	G	Human Gi heterotrimer.	B	C	D	gnai1_human	gnai1_human
6XBK	gnai1_human	A	gbb1_human	B	gbg2_human	G	Wild-type human Gi heterotrimer.	B	C	D	gnai1_human	gnai1_human
7AUE	gnas2_human	A	gbb1_human	B	gbg2_human	G	Engineered Gs-iN chimera: the alpha-N helix of G-alpha-s (residues 1-38) was replaced with that of G-alpha-i1 (residues 1-31).	B	C	D	gnas2_human	gnas2_human
7BB6	gnas2_human	E	gbb1_human	C	gbg2_human	F	Physiological human Gs protein heterotrimer.	C	B	D	gnas2_human	gnas2_human
7BB7	gnas2_human	E	gbb1_human	C	gbg2_human	F	Physiological Gs short isoform; the paper emphasizes the use of a non-chimeric G protein to study complex dynamics.	C	B	D	gnas2_human	gnas2_human
7BZ2	gnas2_human	A	gbb1_bovin	B	gbg2_bovin	G	Human Galpha s (short isoform) coupled with bovine Gbeta1 and Ggamma2.	A	B	C	gnas2_human	gnas2_human
7C2E	gnas2_human	A	gbb1_human	B	gbg2_human	G	The flexible alpha-helical domain (AHD) of Galpha is not modeled.	A	B	C	gnas2_human	gnas2_human
7CKW	gnas2_human	A	gbb1_human	B	gbg2_human	G	Engineered dominant-negative Gs protein (DNGs).	A	B	C	gnas2_human	gnas2_human
7CKX	gnas2_human	A	gbb1_human	B	gbg2_human	G	Engineered dominant-negative Gs protein (DNGas). Metadata indicates it is the short isoform of Gs alpha (gnas2_human).	A	B	C	gnas2_human	gnas2_human
7CKY	gnas2_human	A	gbb1_human	B	gbg2_human	G	Dominant-negative Gs protein with mutations (e.g. G226A) to stabilize the signaling complex.	A	B	C	gnas2_human	gnas2_human
7CMU	gnai1_human	A	gbb1_human	B	gbg2_human	C	Engineered dominant-negative Gai1 with four mutations (S47N, G203A, E345A, A326S).	A	B	C	gnai1_human	gnai1_human
7CMV	gnai1_human	A	gbb1_human	B	gbg2_human	C	Engineered dominant-negative Gai1 protein with four mutations: S47N, G203A, E345A, and A326S.	A	B	C	gnai1_human	gnai1_human
7CRH	gnas2_human	A	gbb1_human	B	gbg2_human	G	Engineered dominant-negative Gs protein (DNGs).	A	B	C	gnas2_human	gnas2_human
7CX2	gnas2_human	A	gbb1_human	B	gbg2_human	G	Engineered dominant-negative Gs protein (DNGs).	B	C	D	gnas2_human	gnas2_human
7CX3	gnas2_human	A	gbb1_human	B	gbg2_human	G	Engineered human dominant negative Gs (DNGs).	B	C	D	gnas2_human	gnas2_human
7CX4	gnas2_human	A	gbb1_human	B	gbg2_human	G	Engineered dominant-negative Gs protein (DNGs).	B	C	D	gnas2_human	gnas2_human
7D3S	gnas2_human	A	gbb1_rat	B	gbg2_bovin	G	Engineered mini-Gs protein with Gas alpha-helical domain (AHD) reverted; however, density for the AHD was not observed.	C	D	E	gnas2_human	gnas2_human
7D7M	gnas2_human	D	gbb1_human	B	gbg2_human	C	Engineered mini-Gs399 protein used for stabilization.	D	B	C	gnas2_human	gnas2_human
7DB6	gnai1_human	A	gbb1_rat	B	gbg2_bovin	C	Wild-type G protein subunits (Human Gαi1, Rat Gβ1, Bovine Gγ2).	A	B	C	gnai1_human	gnai1_human
7DH5	gnas2_human	A	gbb1_rat	B	gbg2_bovin	G	Engineered mini-Gs protein, a minimal Gs-alpha subunit developed for structural stabilization.	A	B	C	gnas2_human	gnas2_human
7DHI	gnas2_human	A	gbb1_bovin	B	gbg2_bovin	G	Gs heterotrimer; the alpha subunit is the human short isoform, while beta and gamma are bovine.	A	B	C	gnas2_human	gnas2_human
7DHR	gnas2_human	A	gbb1_bovin	B	gbg2_bovin	G	Human Gs alpha (short isoform) subunit, bovine beta-1 and gamma-2 subunits. No mutations or chimeras reported for the G protein.	A	B	C	gnas2_human	gnas2_human
7DUQ	gnas2_human	A	gbb1_rat	B	gbg2_bovin	G	Engineered dominant-negative Gs protein with 8 mutations (S54N, G226A, E268A, N271K, K274D, R280K, T284D, and I285T).	C	D	E	gnas2_human	gnas2_human
7DUR	gnas2_human	A	gbb1_rat	B	gbg2_bovin	G	Engineered dominant-negative human Gs protein with 8 mutations (S54N, G226A, E268A, N271K, K274D, R280K, T284D, and I285T).	A	B	C	gnas2_human	gnas2_human
7DW9	gnas2_human	A	gbb1_rat	B	gbg2_bovin	Y	Engineered mini-Gs protein; flagged as chimeric due to dual gnas2_human and gnai1_human UniProt IDs in metadata.	B	C	D	gnas2_human	gnas2_human
7E32	gnai1_human	A	gbb1_human	B	gbg2_human	G	Engineered dominant-negative human Gai1 with mutations S47N, G203A, A326S and E245A.	A	B	D	gnai1_human	gnai1_human
7E33	gnai1_human	A	gbb1_human	B	gbg2_human	G	Engineered human Gαi1 with dominant-negative mutations S47N, G203A, A326S, and E245A to enhance complex stability.	A	B	D	gnai1_human	gnai1_human
7E9G	gnai1_human	A	gbb1_human	B	gbg2_human	C	Engineered dominant-negative Gi1 protein with S47N, G203A, E245A, and A326S mutations.	C	D	E	gnai1_human	gnai1_human
7E9H	gnai3_human	A	gbb1_human	B	gbg2_human	C	Engineered dominant-negative Gαi3 protein with S47N, G203A, E245A and A326S mutations.	C	D	E	gnai3_human	gnai3_human
7EB2	gnai1_human	A	gbb1_human	B	gbg2_human	Y	Engineered dominant-negative Gαi1 with S47N, G203A, E245A, and A326S mutations to stabilize the complex.	A	B	C	gnai1_human	gnai1_human
7EJ0	gnao_human	A	gbb1_human	B	gbg2_human	G	The complex is a stable nucleotide-free assembly of the receptor with the GoA heterotrimer.	A	B	C	gnao_human	gnao_human
7EJ8	gnao_human	A	gbb1_human	B	gbg2_human	G	Wild-type human GoA heterotrimer.	A	B	C	gnao_human	gnao_human
7EJA	gnao_human	A	gbb1_human	B	gbg2_human	G	Wild-type GoA heterotrimer.	A	B	C	gnao_human	gnao_human
7EJK	gnao_human	A	gbb1_human	B	gbg2_human	G	Heterotrimeric GoA signaling complex.	A	B	C	gnao_human	gnao_human
7EJX	gnai1_human	A	gbb1_human	B	gbg2_human	G	Human Gi1 heterotrimer complex.	B	C	D	gnai1_human	gnai1_human
7EO2	gnai1_human	B	gbb1_human	C	gbg2_human	D	Engineered dominant-negative human Gai1 subunit with G203A and A326S mutations.	B	C	D	gnai1_human	gnai1_human
7EO4	gnai1_human	B	gbb1_human	C	gbg2_human	D	Engineered dominant-negative Gαi1 with G203A and A326S mutations.	B	C	D	gnai1_human	gnai1_human
7EPT	gnas2_human	A	gbb1_human	B	gbg2_human	G	Wild-type Gs heterotrimer.	A	B	C	gnas2_human	gnas2_human
7EUO	gnai1_human	A	gbb1_human	B	gbg2_human	G	Gi1 heterotrimer. Alpha subunit is human Gai1. G beta 1 is N-terminal 6xHis-tagged.	B	C	D	gnai1_human	gnai1_human
7EVM	gnas2_human	A	gbb1_rat	B	gbg2_bovin	G	Dominant-negative human Gs protein with 8 mutations (S54N, G226A, E268A, N271K, K274D, R280K, T284D, and I285T).	A	B	C	gnas2_human	gnas2_human
7EVY	gnai1_human	A	gbb1_human	B	gbg2_human	C	Wild-type human G alpha i1.	A	B	C	gnai1_human	gnai1_human
7EVZ	gnai1_human	A	gbb1_human	B	gbg2_human	C	Wild-type human Gai1 protein.	A	B	C	gnai1_human	gnai1_human
7EW0	gnai1_human	A	gbb1_human	B	gbg2_human	C	Wild-type human G protein alpha-i1 subunit.	A	B	C	gnai1_human	gnai1_human
7EW1	gnai1_human	D	gbb1_human	B	gbg2_human	C	Wild-type human Gai1 subunit (P63096) used without modifications.	C	A	B	gnai1_human	gnai1_human
7EW2	gnai1_human	A	gbb1_human	B	gbg2_human	C		A	B	C	gnai1_human	gnai1_human
7EW3	gnai1_human	A	gbb1_human	B	gbg2_human	C	Wild-type G protein subunits used for complex formation.	A	B	C	gnai1_human	gnai1_human
7EW4	gnai1_human	A	gbb1_human	B	gbg2_human	C		A	B	C	gnai1_human	gnai1_human
7EW7	gnai1_human	A	gbb1_human	B	gbg2_human	C	Wild-type human Gi heterotrimer.	A	B	C	gnai1_human	gnai1_human
7EXD	gnai1_human	A	gbb1_human	B	gbg2_human	G	Gi1 heterotrimer	A	B	C	gnai1_human	gnai1_human
7EZH	gnai1_human	A	gbb1_human	B	gbg2_human	G	Engineered dominant-negative G protein with G203A and A326S mutations.	A	B	D	gnai1_human	gnai1_human
7EZK	gnas2_human	A	gbb1_human	B	gbg2_human	G	Chimeric Gs alpha subunit; the N-terminal 1-18 amino acids and the alpha-helical domain (AHD) are replaced by those of human Gi1; includes dominant-negative mutations corresponding to Gi1 G203A and A326S.	A	B	D	gnas2_human	gnas2_human
7F0T	gnas2_human	A	gbb1_human	B	gbg2_human	D	Mini-Gs protein: an engineered thermostable version of Gs-alpha where the alpha-helical domain (AHD) is deleted and specific mutations are introduced to stabilize the complex.	B	C	D	gnas2_human	gnas2_human
7F1O	gnas2_human	A	gbb1_human	B	gbg2_human	D	Engineered mini-Gs protein (engineered thermostable Gs without the alpha-helical domain).	B	C	D	gnas2_human	gnas2_human
7F1Q	gnai1_human	A	gbb1_human	B	gbg2_human	C	Engineered dominant-negative Gαi1 with mutations S47C, G202T, G203A, E245A, and A326S.	B	C	D	gnai1_human	gnai1_human
7F1R	gnai1_human	A	gbb1_human	B	gbg2_human	C	Engineered dominant-negative Gαi1 protein with five mutations: S47C, G202T, G203A, E245A, and A326S.	B	C	D	gnai1_human	gnai1_human
7F1S	gnai1_human	A	gbb1_human	B	gbg2_human	C	Engineered dominant-negative Gαi1 with S47C, G202T, G203A, E245A, and A326S mutations.	B	C	D	gnai1_human	gnai1_human
7F1Z	gnas2_human	A	gbb1_human	B	gbg2_human	D	Engineered thermostable mini-Gs protein (mini-Galpha_s399) lacking the alpha-helical domain (AHD).	B	C	D	gnas2_human	gnas2_human
7F23	gnas2_human	A	gbb1_human	B	gbg2_human	D	Mini-Gs protein (engineered truncation of Gs alpha short) with the alpha-helical domain (AHD) deleted and an I372A mutation to stabilize the GTP-bound complex.	B	C	E	gnas2_human	gnas2_human
7F24	gnas2_human	A	gbb1_human	B	gbg2_human	D	Engineered thermostable mini-Gs protein (mini-Gas399) lacking the alpha-helical domain (AHD) and containing the I372A mutation to stabilize the complex in the GTP-bound state.	A	C	D	gnas2_human	gnas2_human
7F53	gnas2_human	A	gbb1_human	B	gbg2_human	G	Engineered dominant-negative Gs protein (DNGs) used to stabilize the complex.	A	B	C	gnas2_human	gnas2_human
7F54	gnas2_human	A	gbb1_human	B	gbg2_human	G	Engineered dominant negative Gs protein (DNGs).	A	B	C	gnas2_human	gnas2_human
7F55	gnas2_human	A	gbb1_human	B	gbg2_human	G	Engineered dominant-negative Gs protein (DNGαs).	A	B	C	gnas2_human	gnas2_human
7F58	gnas2_human	A	gbb1_human	B	gbg2_human	G	Engineered dominant-negative Gs protein (DNGs) containing mutations (G226A, V272D, A326S) to stabilize the heterotrimer.	B	C	D	gnas2_human	gnas2_human
7F6I	gnaq_human	B	gbb1_human	C	gbg2_human	D	Modified with two dominant-negative mutations R183Q and Q209L to stabilize the complexes.	C	D	E	gnaq_human	gnaq_human
7F8V	gnai2_human	A	gbb1_human	B	gbg2_human	C	Engineered dominant-negative Gi2 protein with S47N, G204A, E246A, and A327S mutations.	A	B	C	gnai2_human	gnai2_human
7JHJ	gnai1_human	A	gbb1_human	B	gbg2_human	C	Wild-type human Gi1 heterotrimer.	A	B	C	gnai1_human	gnai1_human
7JOZ	gnas2_human	A	gbb1_human	B	gbg2_human	G	Heterotrimeric Gs protein complexed with Nb35.	A	B	C	gnas2_human	gnas2_human
7JV5	gnas2_human	A	gbb1_human	B	gbg2_human	G	Engineered dominant-negative Gs protein with G226A and A366S mutations.	B	C	D	gnas2_human	gnas2_human
7JVP	gnas2_human	A	gbb1_human	B	gbg2_human	G	Engineered dominant-negative Gs protein with G226A and A366S mutations.	B	C	D	gnas2_human	gnas2_human
7JVQ	gnas2_human	A	gbb1_human	B	gbg2_human	G	Engineered mini-Gs protein. Note: although the PDB metadata chain description labels this as 'mini-Gi', the UniProt accession P63092 (gnas2_human), sequence analysis (C-terminal tail QRMHLRQYELL), and paper text ('miniGas') all confirm it is an engineered Gs subunit.	B	C	D	gnas2_human	gnas2_human
7JVR	gnai1_human	A	gbb1_human	B	gbg2_human	C	Engineered dominant-negative Gai1 subunit with S47N, G203A, E345A, and A326S mutations.	B	C	D	gnai1_human	gnai1_human
7KH0	gnas2_human	A	gbb1_human	B	gbg2_human	G	Gs/Gi chimera; the N-terminal segment of Gαs was replaced with residues from Gαi to allow binding of scFv16.	C	B	E	gnas2_human	gnai3_human
7KI1	gnas2_human	A	gbb1_human	B	gbg2_human	G	Engineered dominant-negative Gs protein (DNGs) with mutations S54N, G226A, E268A, N271K, K274D, R280K, T284D, I285T, and A366S.	A	B	C	gnas2_human	gnas2_human
7L0P	gnai1_human	A	gbb1_human	B	gbg1_human	G	Wild-type human Gi protein heterotrimer (Gαi1β1γ1). The complex was stabilized in a nucleotide-free state using apyrase. In this specific PDB entry (7L0P), the Gα alpha-helical domain (AHD) was masked out during refinement.	C	D	E	gnai1_human	gnai1_human
7L0Q	gnai1_human	A	gbb1_human	B	gbg1_human	G	Wild-type human Gi heterotrimer; Gαi1 is myristoylated and Gγ1 is prenylated.	C	D	E	gnai1_human	gnai1_human
7L0R	gnai1_human	A	gbb1_human	B	gbg1_human	G	This structure (7L0R) represents the noncanonical state where the G alpha subunit's alpha-helical domain (AHD) is present but was masked out during refinement and is not included in the final PDB model coordinates. The subunits are wild-type human sequences.	C	D	E	gnai1_human	gnai1_human
7L0S	gnai1_human	A	gbb1_human	B	gbg1_human	G	Nucleotide-free state stabilized by apyrase treatment. Gαi1 is myristoylated and Gγ1 is prenylated. Gγ1 is G protein subunit gamma transducin 1 (gbg1_human).	C	D	E	gnai1_human	gnai1_human
7LCI	gnas2_human	A	gbb1_human	B	gbg2_human	G	Engineered dominant-negative Gs protein (DNGas) used for complex stabilization.	B	C	D	gnas2_human	gnas2_human
7LD3	gnai2_human	A	gbb1_human	B	gbg2_human	G	Engineered dominant-negative Gαi2 construct with point mutations (e.g., to reduce nucleotide binding and stabilize the G protein heterotrimer).	A	C	D	gnai2_human	gnai2_human
7LD4	gnai2_human	A	gbb1_human	B	gbg2_human	G	Engineered dominant-negative Gαi2 (DNGi2) with mutations (S47N, G203A, E245A, A326S) to reduce nucleotide binding and stabilize the G protein complex.	A	B	C	gnai2_human	gnai2_human
7LLL	gnas2_human	A	gbb1_human	B	gbg2_human	G	Engineered dominant-negative Gs (DNGs) protein used for complex stabilization.	A	B	C	gnas2_human	gnas2_human
7LLY	gnas2_human	A	gbb1_human	B	gbg2_human	G	Engineered dominant-negative Gs protein (DNGαs) with mutations to stabilize the nucleotide-free state.	A	B	C	gnas2_human	gnas2_human
7MBX	gnas2_human	A	gbb1_rat	B	gbg2_human	G	Engineered dominant-negative Gs protein (GsDN) used for stabilization.	A	B	C	gnas2_human	gnas2_human
7MTS	gnai1_human	C	gbb1_human	D	gbg2_human	E	Wild-type heterotrimeric Gi1 protein.	C	D	E	gnai1_human	gnai1_human
7NA7	gnai1_human	A	gbb1_human	B	gbg2_human	G	Wild-type Gi heterotrimer; Gβ1 contains an amino-terminal 6xHis tag; complex is nucleotide-free.	A	B	C	gnai1_human	gnai1_human
7NA8	gnai1_human	A	gbb1_human	B	gbg2_human	G	Wild-type human Gi heterotrimer (Gαi1, Gβ1, Gγ2) used. Apyrase added to maintain nucleotide-free state.	A	B	C	gnai1_human	gnai1_human
7O7F	gnai1_human	A	gbb1_bovin	B	gbg1_bovin	G	Human Gαi1 heterotrimer with bovine Gβ1 and GγT1.	A	B	D	gnai1_human	gnai1_human
7P02	gnas2_human	A	gbb1_human	B	gbg2_human	G	Gαs chimera (mini-Gs) where the N-terminal 20 amino acids of mini-Gs399 were replaced by the N-terminal 18 amino acids of Gαi1 (gnai1_human).	D	B	C	gnas2_human	gnas2_human
7PIU	gnas2_human	A	gbb1_rat	B	gbg2_bovin	G	Isoform Gnas-2 of Gs alpha subunit short isoform.	C	D	E	gnas2_human	gnas2_human
7PIV	gnas2_human	A	gbb1_rat	B	gbg2_mouse	G	Heterotrimeric Gs protein complex; alpha subunit is the short isoform Gnas-2.	C	D	E	gnas2_human	gnas2_human
7RA3	gnas2_human	A	gbb1_human	B	gbg2_human	G	Gs/Gi chimera (GsαiN18) where the N-terminal residues 1-25 of Gsα (gnas2_human) were replaced by residues 1-18 of Gαi (gnai3_human) to facilitate scFv16 binding.	A	B	D	gnas2_human	gnai3_human
7RBT	gnas2_human	A	gbb1_human	B	gbg2_human	G	Galpha S chimera (GsαiN18) where N-terminal residues 1-25 of Gnas2 were replaced with residues 1-18 from Gnai1 to facilitate scFv16 binding.	A	B	D	gnas2_human	gnas2_human
7RG9	gnas2_human	A	gbb1_human	B	gbg2_human	G	GsαiN18 chimera: human Gsα (P63092) with N-terminal residues 1-25 replaced by residues 1-18 of human Gαi1 (P63096) to facilitate scFv16 binding.	A	B	D	gnas2_human	gnas2_human
7RGP	gnas2_human	A	gbb1_human	B	gbg2_human	G	GsαiN18 chimera: N-terminal residues 1-25 of human Gαs isoforms short (gnas2_human) were replaced by residues 1-18 of human Gαi3 (gnai3_human) to facilitate scFv16 binding.	A	B	D	gnas2_human	gnai3_human
7RKN	gnai1_human	A	gbb1_human	B	gbg2_human	C		A	B	C	gnai1_human	gnai1_human
7RMH	gnas2_human	A	gbb1_human	B	gbg2_human	G	Engineered miniGs399 protein (mutated and truncated Gs alpha subunit).	A	B	C	gnas2_human	gnas2_human
7RTB	gnas2_human	A	gbb1_human	B	gbg2_human	G	Engineered dominant-negative Gs protein (DNGs) used for stabilization.	A	B	C	gnas2_human	gnas2_human
7S1M	gnas2_human	A	gbb1_human	B	gbg2_human	G	Engineered dominant-negative Gs protein (DNGαs).	A	B	C	gnas2_human	gnas2_human
7S8M	gnai1_human	B	gbb1_human	C	gbg2_human	D	Engineered dominant-negative human G alpha i1 protein.	A	B	C	gnai1_human	gnai1_human
7S8O	gnai1_human	B	gbb1_human	C	gbg2_human	D	Engineered dominant-negative G alpha i1 protein.	B	C	D	gnai1_human	gnai1_human
7SBF	gnai1_human	A	gbb1_human	B	gbg2_human	C		A	B	C	gnai1_human	gnai1_human
7SCG	gnai1_human	A	gbb1_human	B	gbg2_human	C	Wild-type Gi heterotrimer.	D	A	B	gnai1_human	gnai1_human
7SF7	gna13_human	B	gbb1_human	C	gbg2_human	D	MiniG13/i chimera: The N-terminus (residues 1-30) of Gα13 was replaced by residues 1-15 of Gαi2 to improve expression. The alpha-helical domain (D253-T262) was replaced by a GGSGGSGG linker. It also contains stabilizing mutations: G57D, E58N, S248D, E251D, I271D, I355A, and V358I.	B	C	D	gna13_human	gna13_human
7SF8	gna13_human	B	gbb1_human	C	gbg2_human	D	Mini-G13 chimera (Gi2-mini-G13). The N-terminal residues 1-30 were replaced by the first 15 residues of Gai2. The alpha-helical domain (D253-T262) was replaced by a GGSGGSGG linker. Stabilizing mutations G57D, E58N, S248D, E251D, I271D, I355A, and V358I were introduced.	B	C	D	gna13_human	gna13_human
7SQO	gnai1_human	A	gbb1_bovin	B	gbg2_bovin	G	Dominant-negative bovine Gαi1 with G203A and A326S mutations.	B	C	D	gnai1_human	gnai1_human
7T10	gnai3_human	A	gbb1_human	B	gbg2_human	C	Engineered dominant-negative G(i) subunit alpha-3.	B	C	D	gnai3_human	gnai3_human
7T11	gnai3_human	A	gbb1_human	B	gbg2_human	C	Engineered dominant-negative Gαi3 subunit used to stabilize the complex.	A	B	C	gnai3_human	gnai3_human
7T2G	gnai1_human	A	gbb1_human	B	gbg2_human	C	Heterotrimeric Gi1 protein complex.	A	B	C	gnai1_human	gnai1_human
7T2H	gnai1_human	A	gbb1_human	B	gbg2_human	C	Heterotrimeric Gi1 protein complex comprising Gαi1, Gβ1, and Gγ2 subunits.	A	B	C	gnai1_human	gnai1_human
7T6B	gna13_human	A	gbb1_human	C	gbg2_human	D	Galpha13iN chimera: the alphaN helix (residues 1-31) of human Galpha13 was substituted with that of human Galphai1 to stabilize the complex.	A	B	C	gna13_human	gnai1_human
7T6S	gnai1_human	A	gbb1_rat	B	gbg2_bovin	C	Engineered dominant-negative Gi1 protein with G203A and A326S mutations.	A	B	C	gnai1_human	gnai1_human
7T6V	gnai1_human	A	gbb1_rat	B	gbg2_bovin	C	Engineered dominant-negative G protein with G203A and A326S mutations.	B	C	D	gnai1_human	gnai1_human
7T8X	gnao_human	B	gbb1_human	C	gbg2_human	D	Engineered mini-Gαo protein, designed for stability in GPCR-G protein complexes.	B	C	D	gnao_human	gnao_human
7T90	gnao_human	B	gbb1_human	C	gbg2_human	D	GoA heterotrimer. The alpha subunit is engineered miniGαo according to the paper, although the PDB metadata lists the wild-type accession.	B	C	D	gnao_human	gnao_human
7T94	gnao_human	B	gbb1_human	C	gbg2_human	D	Engineered miniGao protein.	B	C	D	gnao_human	gnao_human
7T96	gnao_human	B	gbb1_human	C	gbg2_human	D	Engineered miniGo sequence (miniGao).	B	C	D	gnao_human	gnao_human
7T9N	gnas2_human	X	gbb1_human	Y	gbg2_human	Z	Engineered miniGs399 protein containing only the RAS-like GTPase domain and thermostabilized to interact with the GPCR; it is a truncated version of Gs alpha (residues 1-261).	E	F	G	gnas2_human	gnas2_human
7TMW	gnas2_human	R	gbb1_human	B	gbg2_human	C	The engineered mini-Gs alpha subunit is fused to the C-terminus of the receptor (from residue 737 in Chain R).	A	B	C	gnas2_human	gnas2_human
7TRK	gnai1_human	A	gbb1_human	B	gbg2_human	G		E	B	C	gnai1_human	gnai1_human
7TRP	gnai1_human	A	gbb1_human	B	gbg2_human	G	Gi1 heterotrimer complex.	E	B	C	gnai1_human	gnai1_human
7TRQ	gnai1_human	A	gbb1_human	B	gbg2_human	G		E	B	C	gnai1_human	gnai1_human
7TRS	gnai1_human	A	gbb1_human	B	gbg2_human	G		D	A	B	gnai1_human	gnai1_human
7TUZ	gnai1_human	A	gbb1_human	B	gbg2_human	C	Wild-type human heterotrimeric Gi complex.	B	C	D	gnai1_human	gnai1_human
7TYF	gnas2_human	A	gbb1_human	B	gbg2_human	G	Engineered dominant-negative heterotrimeric Gs (DNGs).	A	B	D	gnas2_human	gnas2_human
7TYH	gnas2_human	A	gbb1_human	B	gbg2_human	G	Engineered stabilized dominant-negative Gs protein (DNGs).	A	B	C	gnas2_human	gnas2_human
7TYI	gnas2_human	A	gbb1_human	B	gbg2_human	G	Dominant-negative Gs (DNGs) protein with stabilization mutations.	A	B	C	gnas2_human	gnas2_human
7TYL	gnas2_human	A	gbb1_human	B	gbg2_human	G	Engineered dominant-negative Gs protein (DNGs).	A	B	C	gnas2_human	gnas2_human
7TYN	gnas2_human	A	gbb1_human	B	gbg2_human	G	Engineered dominant-negative Gs protein (DNGs).	C	D	E	gnas2_human	gnas2_human
7TYO	gnas2_human	A	gbb1_human	B	gbg2_human	G	Engineered dominant-negative Gs protein (DNGs) used for stabilization.	A	B	C	gnas2_human	gnas2_human
7TYW	gnas2_human	A	gbb1_human	B	gbg2_human	G	Engineered dominant-negative Gs protein (DNGs).	D	E	F	gnas2_human	gnas2_human
7TYX	gnas2_human	A	gbb1_human	B	gbg2_human	G	Engineered dominant-negative Gs protein (DNGs).	D	E	F	gnas2_human	gnas2_human
7TYY	gnas2_human	A	gbb1_human	B	gbg2_human	G	Engineered dominant-negative Gs protein (DNGs).	D	E	F	gnas2_human	gnas2_human
7TZF	gnas2_human	A	gbb1_human	B	gbg2_human	G	Engineered dominant-negative Gs protein (DNGs).	D	E	F	gnas2_human	gnas2_human
7U2K	gnai1_human	A	gbb1_human	B	gbg2_human	C	Standard Gi heterotrimer.	D	A	B	gnai1_human	gnai1_human
7U2L	gnai1_human	A	gbb1_human	B	gbg2_human	C		A	B	C	gnai1_human	gnai1_human
7UM5	gnao_human	B	gbb1_human	C	gbg2_human	D	Engineered miniGo protein based on gnao_human.	B	C	D	gnao_human	unknown
7UM6	gnao_human	B	gbb1_human	C	gbg2_human	D	miniGo protein (engineered truncated Gαo subunit)	B	C	D	gnao_human	unknown
7UM7	gnao_human	B	gbb1_human	C	gbg2_human	D	Engineered miniGo protein used for complex stabilization; it is a truncated version of Galphao rather than a fusion of different parent proteins.	B	C	D	gnao_human	unknown
7V68	gnai1_human	A	gbb1_human	B	gbg2_human	C	Heterotrimeric Gi1 protein complex.	A	B	C	gnai1_human	gnai1_human
7V69	gnai1_human	A	gbb1_human	B	gbg2_human	C	Wild-type human Gi1 heterotrimer.	A	B	C	gnai1_human	gnai1_human
7V6A	gnai1_human	A	gbb1_human	B	gbg2_human	C	Wild-type human Gi heterotrimer.	A	B	C	gnai1_human	gnai1_human
7V9L	gnas2_human	A	gbb1_rat	B	gbg2_bovin	Y	Engineered chimeric Galpha subunit (G112) based on mini-Gs, containing dominant-negative mutations (G226A, L272D, A366S). Chimeric regions from human Gi1 include the N-terminal residues (1-18) and the AHD linker (G60-K180).	A	E	C	gnas2_human	gnas2_human
7V9M	gnas2_human	A	gbb1_rat	B	gbg2_bovin	Y	Engineered dominant-negative Gs protein (DNGαs) with G226A, L272D, and A366S mutations. Rat Gβ1 and bovine Gγ2 subunits were used.	A	B	F	gnas2_human	gnas2_human
7VAB	gnas2_human	A	gbb1_rat	B	gbg2_bovin	G	Engineered mini-Gs protein, a chimeric construct between gnas2_human and gnai1_human. Only the Ras-like domain is modeled.	C	D	E	gnas2_human	gnas2_human
7VBH	gnas2_human	A	gbb1_rat	B	gbg2_bovin	G	Engineered dominant-negative Gs protein with 8 mutations (S54N, G226A, E268A, N271K, K274D, R280K, T284D, and I285T) to stabilize the receptor complex.	A	E	F	gnas2_human	gnas2_human
7VBI	gnas2_human	A	gbb1_rat	B	gbg2_bovin	G	Engineered dominant-negative human Gs protein with 8 mutations (S54N, G226A, E268A, N271K, K274D, R280K, T284D, and I285T) to limit G protein dissociation.	A	E	F	gnas2_human	gnas2_human
7VDH	gnai1_human	A	gbb1_human	B	gbg2_human	G	Engineered dominant-negative Gαi1 protein with S47N, G203A, E245A, and A326S mutations to stabilize the complex.	B	C	D	gnai1_human	gnai1_human
7VDL	gnai1_human	A	gbb1_human	B	gbg2_human	C	Dominant-negative Gαi1 with S47N, G203A, E245A, A326S mutations.	A	B	C	gnai1_human	gnai1_human
7VDM	gnai1_human	A	gbb1_human	B	gbg2_human	G	Engineered dominant-negative Gαi1 with mutations S47N, G203A, E245A, and A326S to stabilize the complex.	A	B	C	gnai1_human	gnai1_human
7VFX	gnai1_human	A	gbb1_human	B	gbg2_human	G	Wild-type Gi heterotrimer.	B	C	D	gnai1_human	gnai1_human
7VGX	gnai1_human	A	gbb1_human	B	gbg2_human	G	Wild-type human Gi1 heterotrimer; the alpha-helical domain (AHD) was not modeled due to flexibility.	C	D	E	gnai1_human	gnai1_human
7VGY	gnai1_human	B	gbb1_rat	C	gbg2_bovin	D	Engineered dominant-negative Gs protein with G203A and A326S mutations. (Described as DNGai1 in paper).	B	C	D	gnai1_human	gnai1_human
7VGZ	gnai1_human	C	gbb1_rat	D	gbg2_bovin	E	Dominant-negative G protein with G203A and A326S mutations.	B	C	D	gnai1_human	gnai1_human
7VH0	gnai1_human	B	gbb1_rat	C			Engineered dominant-negative Gs protein with G203A and A326S mutations. Gamma subunit is not modeled in the structure.	B	C		gnai1_human	gnai1_human
7VIE	gnai1_human	D	gbb1_human	A	gbg2_human	C	Gi complex used for stabilization and structural analysis of the active state.	E	A	B	gnai1_human	gnai1_human
7VIF	gnai1_human	D	gbb1_human	A	gbg2_human	C		E	A	B	gnai1_human	gnai1_human
7VIG	gnai1_human	D	gbb1_human	A	gbg2_human	C	Heterotrimeric Gi1 protein.	E	A	B	gnai1_human	gnai1_human
7VIH	gnai1_human	D	gbb1_human	A	gbg2_human	C		E	A	B	gnai1_human	gnai1_human
7VL8	gnai1_human	A	gbb1_human	B	gbg2_human	G	Engineered dominant-negative Gs protein with mutations to reduce nucleotide affinity.	A	B	C	gnai1_human	gnai1_human
7VL9	gnai1_human	A	gbb1_human	B	gbg2_human	G	Engineered dominant-negative Gαi1 (DNGαi1) with mutations to decrease nucleotide affinity. Gβ1 is fused with a C-terminal SmBiT peptide.	A	B	C	gnai1_human	gnai1_human
7VLA	gnai1_human	A	gbb1_human	B	gbg2_human	G	Dominant-negative Gαi1 (DNGαi1) mutant with decreased nucleotide-binding affinity. Gβ1 is fused with a C-terminal SmBiT tag.	A	B	C	gnai1_human	gnai1_human
7VUG	gnai1_human	A	gbb1_human	B	gbg2_human	C	Heterotrimeric Gi1 protein.	A	B	C	gnai1_human	gnai1_human
7VV3	gnai1_human	A	gbb1_human	B	gbg2_human	G	Engineered dominant-negative G protein alpha i1 with S47N, G203A, E245A, and A326S mutations.	A	B	C	gnai1_human	gnai1_human
7VV5	gnai1_human	A	gbb1_human	B	gbg2_human	G	Engineered dominant-negative human Gai1 with S47N, G203A, E245A, and A326S mutations.	A	B	C	gnai1_human	gnai1_human
7VVJ	gnas2_human	A	gbb1_rat	B	gbg2_bovin	G	Engineered human mini-Gasstar protein. While the paper describes it as 'mini-Gasstar', the alpha-helical domain was restored to improve particle orientation, and it contains stabilizing mutations. Subunits are from human (alpha), rat (beta), and bovine (gamma) origins.	A	B	C	gnas2_human	gnas2_human
7VVK	gnas2_human	A	gbb1_rat	B	gbg2_bovin	G	Engineered human mini-Gasstar protein. The alpha subunit contains deletions and mutations (mini-Gs) to facilitate complex stabilization as described in the paper.	A	B	C	gnas2_human	gnas2_human
7VVL	gnas2_human	A	gbb1_rat	B	gbg2_bovin	G	Engineered human mini-Gsstar protein with multiple stabilizing mutations and deletions of the alpha-helical domain.	A	B	C	gnas2_human	gnas2_human
7VVM	gnas2_human	A	gbb1_rat	B	gbg2_bovin	G	Engineered mini-Gs protein (mini-Gasstar).	A	B	C	gnas2_human	gnas2_human
7VVN	gnas2_human	A	gbb1_rat	B	gbg2_bovin	G	Engineered mini-Gsstar protein (stabilized mini-Gs) with multiple mutations and truncations to facilitate complex stabilization.	A	B	C	gnas2_human	gnas2_human
7VVO	gnas2_human	A	gbb1_rat	B	gbg2_bovin	G	Engineered mini-Gs protein (mini-Gasstar).	A	B	C	gnas2_human	gnas2_human
7W0L	gnai1_human	A	gbb1_human	B	gbg2_human	C	Heterotrimeric Gi1 protein.	A	B	C	gnai1_human	gnai1_human
7W0M	gnai1_human	A	gbb1_human	B	gbg2_human	C		A	B	C	gnai1_human	gnai1_human
7W0N	gnai1_human	A	gbb1_human	B	gbg2_human	C	Heterotrimeric Gi1 protein complex.	A	B	C	gnai1_human	gnai1_human
7W0O	gnai1_human	A	gbb1_human	B	gbg2_human	C	Wild-type human Gi heterotrimer.	A	B	C	gnai1_human	gnai1_human
7W0P	gnai1_human	A	gbb1_human	B	gbg2_human	C	Wild-type human Gi1 heterotrimer stabilized by scFv16.	A	B	C	gnai1_human	gnai1_human
7W2Z	gnao_human	A	gbb1_human	B	gbg2_human	G	Engineered 'miniGao1' protein with H-domain deletion for stabilization.	A	E	C	gnao_human	gnao_human
7W6P	gnao_human	A	gbb1_human	B	gbg2_human	G	Heterotrimeric GoA signaling complex.	A	B	C	gnao_human	gnao_human
7WCM	gnas2_human	A	gbb1_human	B	gbg2_human	C	Engineered dominant-negative Gs protein (DNGs) with eight stabilizing mutations: S54N, G226A, E268A, N271K, K274D, R280K, T284D, and I285T.	A	B	C	gnas2_human	gnas2_human
7WCN	gnas2_human	A	gbb1_human	B	gbg2_human	C	Engineered dominant-negative Gs protein with 8 point mutations: S54N, G226A, E268A, N271K, K274D, R280K, T284D, and I285T.	A	B	C	gnas2_human	gnas2_human
7WF7	gnai1_human	B	gbb1_human	C	gbg2_human	D	Engineered dominant-negative Gαi1 with G203A and A326S mutations. S1PR1 receptor includes stabilizing F133(3.41)W mutation.	B	C	D	gnai1_human	gnai1_human
7WIC	gnai1_human	A	gbb1_rat	B	gbg2_bovin	G	Engineered dominant-negative Gαi1 (DNGαi1).	C	D	E	gnai1_human	gnai1_human
7WIG	gnai1_human	A	gbb1_rat	B	gbg2_bovin	G	Engineered dominant-negative Gαi1 (DNGαi1).	B	C	D	gnai1_human	gnai1_human
7WJ5	gnai1_human	A	gbb1_human	B	gbg2_human	C	The Gi heterotrimer was designed as previously described (Kim et al., 2020).	A	B	C	gnai1_human	gnai1_human
7WQ3	gnai1_human	A	gbb1_rat	B	gbg2_bovin	G	Engineered G alpha i1 subunit with four dominant-negative mutations (S47N, G203A, E245A, and A326S) to stabilize the complex.	B	C	D	gnai1_human	gnai1_human
7WU2	gnas2_human	A	gbb1_human	B	gbg2_human	C	Engineered dominant-negative miniGs protein with multiple mutations (G49D, E50N, A249D, S252D, L272D, I372A and V375I) and deletion of the alpha-helical domain.	A	B	C	gnas2_human	gnas2_human
7WU4	gnai1_human	A	gbb1_human	B	gbg2_human	C	Engineered miniGi1 protein with G42D, E43N, G217D, T219A, A226D, P287Q, V332A and V335I mutations; lacks the alpha-helical domain.	A	B	C	gnai1_human	gnai1_human
7WU9	gnai1_human	A	gbb1_human	B	gbg2_human	G		B	C	D	gnai1_human	gnai1_human
7WUJ	gnas2_human	A	gbb1_human	B	gbg2_human	Y	Engineered human mini-Gs protein; the N-terminal helix (alpha-N) was replaced with equivalent residues from Gnai1 (gnai1_human) to facilitate Nb35 and scFv16 binding.	A	B	E	gnas2_human	gnas2_human
7WUQ	gnas2_human	A	gbb1_human	B	gbg2_human	G	Engineered dominant-negative short isoform Gs protein alpha (DNGs) with S54N, G226A, E268A, N271K, K274D, R280K, T284D, and I285T mutations.	A	B	C	gnas2_human	gnas2_human
7WVU	gnai1_human	A	gbb1_human	B	gbg2_human	C	Engineered dominant-negative Gαi1 protein with five mutations: S47C, G202T, G203A, A326S, and E45A.	B	C	D	gnai1_human	gnai1_human
7WVV	gnai2_human	A	gbb1_human	B	gbg2_human	C	Engineered dominant-negative Gαi2 (DNGαi2) with mutations S47N, G204A, A327S, and E246A to increase stability.	C	D	E	gnai2_human	gnai2_human
7WVW	gnai2_human	A	gbb1_human	B	gbg2_human	C	Engineered dominant-negative Gαi2 with S47N, G204A, A327S, and E246A mutations.	C	D	E	gnai2_human	gnai2_human
7WVX	gnai2_human	A	gbb1_human	B	gbg2_human	C	Engineered dominant-negative Gai2 with mutations S47N, G204A, A327S, and E246A.	C	D	E	gnai2_human	gnai2_human
7WXW	gnas2_human	A	gbb1_human	B	gbg2_human	C	Engineered mini Gs protein with deleted alpha-helical domain and mutations to improve stability.	C	E	B	gnas2_human	unknown
7WY0	gna13_human	A	gbb1_human	B	gbg2_human	D	Gα13 chimera containing the Gi N-terminus (residues 1-18) and the Alpha Helical Domain (AHD) of Gi to enable stabilization by scFv16.	A	B	D	gna13_human	unknown
7WY8	gnas2_human	A	gbb1_human	B	gbg2_human	C	Engineered mini G alpha s subunit (mini-Gas) with the alpha-helical domain deleted to stabilize the complex.	C	E	B	gnas2_human	unknown
7WYB	gnai1_human	B	gbb1_human	C	gbg2_human	D	Engineered dominant-negative G protein with S47N, G203A, A326S, and E245A mutations. The C-terminus of the G beta subunit (Chain C) is fused to a HiBiT tag.	A	B	C	gnai1_human	gnai1_human
7WZ4	gnai1_human	A	gbb1_human	B	gbg2_human	G	Wild-type human Gi1 heterotrimer.	B	C	D	gnai1_human	gnai1_human
7WZ7	gna12_human	A	gbb1_human	B	gbg2_human	E	Engineered Gα12/Gαi chimera. The N-terminus (residues 1-18) and the alpha-helical domain (AHD) are substituted with those from Gαi to enable stabilization by scFv16.	A	B	D	gna12_human	unknown
7X10	gna12_human	A	gbb1_human	B	gbg2_human	G	Mini-G12/i chimera; the alpha-helical domain (AHD) of mini-G12 was replaced with the Gai AHD to improve complex stability.	A	B	D	gna12_human	unknown
7X2D	gnas2_human	A	gbb1_human	B	gbg2_human	D	Engineered mini-Gs protein (mini-Gs399) which is a truncated version of Gs.	B	C	D	gnas2_human	gnas2_human
7X2F	gnas2_human	A	gbb1_human	B	gbg2_human	D	Engineered mini-Gs protein, GPCR-truncated Galpha subunit.	B	D	E	gnas2_human	gnas2_human
7X2V	gnai1_human	B	gbb1_human	C	gbg2_human	D	Engineered dominant-negative Gi1 protein with G203A and A326S mutations.	B	E	A	gnai1_human	gnai1_human
7X5H	gnai1_human	A	gbb1_human	B	gbg2_human	C	Engineered dominant-negative Gαi1 protein (Gαi1(4DN)) containing four mutations: S47N, G203A, E345A, and A326S.	A	B	C	gnai1_human	gnai1_human
7X9A	gnai1_human	A	gbb1_human	B	gbg2_human	C	Engineered dominant-negative Gαi1 with four point mutations (S47N, G203A, A326S, and E245A) to enhance complex stability.	B	C	D	gnai1_human	gnai1_human
7X9B	gnai1_human	A	gbb1_human	B	gbg2_human	C	Engineered dominant-negative Gαi1 protein with S47N, G203A, A326S, and E245A mutations to increase stability.	A	B	C	gnai1_human	gnai1_human
7X9C	gnai1_human	A	gbb1_human	B	gbg2_human	C	Engineered dominant-negative human Gαi1 (DNGαi1) with S47C, G202T, G203A, A326S, and E245A mutations.	B	C	D	gnai1_human	gnai1_human
7X9Y	gnai1_human	A	gbb1_human	B	gbg2_human	G	Standard human Gi heterotrimer (Gi1/Gb1/Gg2). G-beta-1 contains a C-terminal peptide86 tag for NanoBiT.	A	B	C	gnai1_human	gnai1_human
7XA3	gnai1_human	A	gbb1_human	B	gbg2_human	C	Human Gi1 heterotrimer; the receptor was C-terminally tagged with LgBiT and MBP, and the complex was stabilized by scFv16.	C	D	E	gnai1_human	gnai1_human
7XAT	gnai1_human	B	gbb1_bovin	C	gbg2_bovin	D	Engineered dominant-negative Gi1 alpha subunit with G203A and A326S mutations. Gbeta1 (chain C) also contains a C-terminal HiBit fusion.	B	C	D	gnai1_human	gnai1_human
7XAU	gnai1_human	B	gbb1_bovin	C	gbg2_bovin	D	Engineered dominant-negative Gαi1 protein (DNGi1) with G203A and A326S mutations.	B	C	D	gnai1_human	gnai1_human
7XAV	gnai1_human	B	gbb1_bovin	C	gbg2_bovin	D	Engineered dominant-negative Gai1 protein with G203A and A326S mutations.	B	C	D	gnai1_human	gnai1_human
7XJH	gnas2_human	A	gbb1_rat	B	gbg2_bovin	G	Engineered mini-Gs protein.	A	B	C	gnas2_human	gnas2_human
7XJI	gnas2_human	A	gbb1_rat	B	gbg2_bovin	G	Engineered stabilized Gs protein based on mini-Gs with the alpha-helical domain (AHD) reverted.	A	B	E	gnas2_human	gnas2_human
7XJJ	gnao_human	A	gbb1_human	B	gbg2_human	G	Engineered thermostable mini-Gαo protein; chimeric with the N-terminal αN residues replaced by the equivalent residues from Gαi1 to facilitate scFv16 binding.	A	B	E	gnao_human	gnao_human
7XK2	gnai1_human	A	gbb1_human	B	gbg2_human	C	Native human Gi1 heterotrimer.	A	B	E	gnai1_human	gnai1_human
7XK8	gnai1_human	A	gbb1_human	B	gbg2_human	C	Engineered dominant-negative Gi1 alpha subunit with S47C, G202T, G203A, E245A, and A326S mutations to stabilize the nucleotide-free state.	C	D	E	gnai1_human	gnai1_human
7XKD	gnas2_human	A	gbb1_human	B	gbg2_human	G	Engineered dominant-negative Gs protein (DNGs).	A	B	C	gnas2_human	gnas2_human
7XKE	gnas2_human	A	gbb1_human	B	gbg2_human	G	Engineered mini-Gs protein.	A	B	C	gnas2_human	unknown
7XKF	gnas2_human	A	gbb1_human	B	gbg2_human	G	Engineered dominant-negative Gs protein (DNGs).	A	B	C	gnas2_human	gnas2_human
7XMR	gnai1_human	A	gbb1_human	B	gbg2_human	C	Engineered dominant-negative Gαi1 (DNGi1) with five point mutations: S47C, G202T, G203A, E245A, and A326S.	B	C	D	gnai1_human	gnai1_human
7XMS	gnai1_human	A	gbb1_human	B	gbg2_human	C	Engineered dominant-negative G protein with S47C, G202T, G203A, E245A, and A326S mutations.	B	C	D	gnai1_human	gnai1_human
7XMT	gnai1_human	A	gbb1_human	B	gbg2_human	C	Dominant-negative Gαi1 with S47C, G202T, G203A, E245A and A326S mutations.	B	E	D	gnai1_human	gnai1_human
7XOU	gnas2_human	A	gbb1_human	B	gbg2_human	G	Engineered dominant-negative Gs protein (DNGs). Mutation used to limit G protein dissociation.	B	C	D	gnas2_human	gnas2_human
7XOV	gnas2_human	A	gbb1_human	B	gbg2_human	G	Dominant-negative human Gs (DNGs) generated by site-directed mutagenesis to limit G protein dissociation.	A	B	C	gnas2_human	gnas2_human
7XT8	gnas2_human	A	gbb1_human	B	gbg2_human	G	Engineered dominant-negative Gs protein with S54N, G226A, E268A, N271K, K274D, R280K, T284D, and I285T mutations.	A	B	C	gnas2_human	gnas2_human
7XT9	gnas2_human	A	gbb1_human	B	gbg2_human	G	Dominant-negative form of Gs alpha short with S54N, G226A, E268A, N271K, K274D, R280K, T284D, and I285T mutations.	A	B	C	gnas2_human	gnas2_human
7XTA	gnai1_human	A	gbb1_human	B	gbg2_human	G	Dominant-negative Gai1 mutant protein (incorporating mutations S54N, G226A, E268A, N271K, K274D, R280K, T284D, and I285T according to the paper's description of DN G proteins).	A	B	D	gnai1_human	gnai1_human
7XTB	gnas2_human	A	gbb1_human	B	gbg2_human	G	Dominant-negative form of Gs alpha subunit (isoform short) with mutations S54N, G226A, E268A, N271K, K274D, R280K, T284D, and I285T.	A	B	C	gnas2_human	gnas2_human
7XTC	gnas2_human	A	gbb1_human	B	gbg2_human	G	Engineered dominant-negative Gs protein with mutations S54N, G226A, E268A, N271K, K274D, R280K, T284D, and I285T.	A	B	C	gnas2_human	gnas2_human
7XTQ	gnas2_human	A	gbb1_human	B	gbg2_human	G	Human Gs alpha subunit, short isoform.	A	B	C	gnas2_human	gnas2_human
7XW5	gnas2_human	A	gbb1_human	B	gbg2_human	G	Engineered mini-Gs protein with mutations G226A, A366S, and L272D. Paper mentions bovine/rat origin for subunits, but PDB metadata identifies them as human.	A	B	C	gnas2_human	gnas2_human
7XXI	gnai2_human	B	gbb1_human	C	gbg2_human	G		B	C	D	gnai2_human	gnai2_human
7XY6	gnas2_human	A	gbb1_human	B	gbg2_human	G	Engineered mini-Gs protein where the alpha-N helix is replaced by the equivalent region of G-alpha-i.	A	B	C	gnas2_human	gnas2_human
7XY7	gnas2_human	A	gbb1_human	B	gbg2_human	G	Engineered mini-Gs protein with several truncations and the alpha-N helix replaced by the equivalent region of Galpha-i1 (from gnai1_human) to facilitate scFv16 binding. Gbeta1 contains a C-terminal SmBiT tag.	A	B	C	gnas2_human	gnas2_human
7XZ5	gnas2_human	A	gbb1_human	B	gbg2_human	G	Engineered dominant-negative Gs protein (DNGalpha s) with S54N, G226A, E268A, N271K, K274D, R280K, T284D and I285T mutations to increase complex stability.	A	B	C	gnas2_human	gnas2_human
7XZ6	gnas2_human	A	gbb1_human	B	gbg2_human	G	Engineered dominant-negative Gs protein with mutations S54N, G226A, E268A, N271K, K274D, R280K, T284D, and I285T.	A	B	C	gnas2_human	gnas2_human
7Y12	gnai1_human	A	gbb1_mouse	B	gbg2_mouse	C	Engineered dominant-negative Gi protein with G203A and A326S mutations.	A	B	C	gnai1_human	gnai1_human
7Y1F	gnai1_human	A	gbb1_human	B	gbg2_human	C	Gi1 heterotrimer; wild-type subunits.	A	D	E	gnai1_human	gnai1_human
7Y24	gnao_human	A	gbb1_human	B	gbg2_human	G	Engineered mini-Go alpha subunit (truncated version).	A	B	C	gnao_human	gnao_human
7Y35	gnas2_human	A	gbb1_rat	B	gbg2_bovin	G	Heterotrimeric Gs protein.	C	D	E	gnas2_human	gnas2_human
7Y36	gnas2_human	A	gbb1_rat	B	gbg2_bovin	G	Human Gs alpha subunit (short isoform), rat beta-1, and bovine gamma-2.	C	D	E	gnas2_human	gnas2_human
7Y3G	gnas2_human	A	gbb1_human	B	gbg2_human	G	Engineered dominant-negative Gs protein (DNGas) with 8 thermostable mutations: I285T, T284D, R280K, K274D, N271K, E268A, G226A, and S54N.	A	B	C	gnas2_human	gnas2_human
7Y64	gnai1_human	A	gbb1_human	B	gbg2_human	C	Engineered dominant-negative Gαi1 with S47N, G203A, E245A, and A326S mutations.	A	B	C	gnai1_human	gnai1_human
7Y65	gnai1_human	A	gbb1_human	B	gbg2_human	C	Engineered G protein with an N-terminal MYC epitope tag used for stabilization.	A	B	C	gnai1_human	gnai1_human
7Y66	gnai1_human	A	gbb1_human	B	gbg2_human	C	Engineered dominant-negative Gi1 protein with S47N, G203A, E245A, and A326S mutations.	A	B	C	gnai1_human	gnai1_human
7Y67	gnai1_human	A	gbb1_human	B	gbg2_human	C	Engineered dominant-negative Gi protein with S47N, G203A, E245A, and A326S mutations.	A	B	C	gnai1_human	gnai1_human
7Y89	gnai1_human	C	gbb1_human	B	gbg2_human	G	Engineered dominant-negative Gai1 (DNGai1) with G203A and A326S mutations.	A	B	C	gnai1_human	gnai1_human
7YAC	gnai1_human	A	gbb1_human	B	gbg2_human	C	Engineered dominant-negative Gs protein with S47N, G203A, E245A, and A326S mutations.	A	B	C	gnai1_human	gnai1_human
7YAE	gnai1_human	A	gbb1_human	B	gbg2_human	C	Engineered dominant-negative human Gαi1 with four point mutations (S47N, G203A, E245A, and A326S).	A	B	C	gnai1_human	gnai1_human
7YDH	gna13_human	A	gbb1_human	B	gbg2_human	G	Gi2-mini-G13 chimera; engineered miniG protein with the backbone likely from Gi2 and the C-terminal α5 helix from G13.	A	B	D	gna13_human	gna13_human
7YDJ	gna12_human	A	gbb1_human	B	gbg2_human	G	Engineered mini-G12 protein. It is a chimera designed to stabilize the complex, based on a Galpha-i1 scaffold (P63096) with the C-terminal alpha5 helix from Galpha-12 (Q03113) to provide specificity.	A	B	D	gna12_human	gnai1_human
7YDP	gnas2_human	A	gbb1_human	B	gbg2_human	C	Engineered miniGs protein; a chimeric fusion of segments from Gs (gnas2_human) and Gi1 (gnai1_human) for stabilization.	C	E	B	gnas2_human	gnas2_human
7YK6	gnai2_human	I	gbb1_human	T	gbg2_bovin	G	Dominant-negative human Gai2 with S47N, G204A, E246A, and A327S mutations.	B	E	A	gnai2_human	gnai2_human
7YK7	gnai2_human	I	gbb1_human	T	gbg2_bovin	G	Engineered dominant-negative Galpha-i2 (DNGi2) with mutations S47N, G204A, E246A, and A327S.	B	E	A	gnai2_human	gnai2_human
7YKD	gnai1_human	C	gbb1_human	B	gbg2_human	G	Engineered dominant-negative human Gi1 protein with G203A and A326S mutations.	C	D	E	gnai1_human	gnai1_human
7YON	gnai1_human	A	gbb1_human	B	gbg2_human	G	The heterotrimeric Gi complex consists of native human Gai1, Gb1 (with a 6xHis tag), and Gg2.	A	B	C	gnai1_human	gnai1_human
7YOO	gnai1_human	A	gbb1_human	B	gbg2_human	G	Human Gi heterotrimer (Gai1/Gb1/Gg2).	A	B	C	gnai1_human	gnai1_human
7YP7	gnas2_human	A	gbb1_human	B	gbg2_human	G	Gs heterotrimer short isoform.	A	B	C	gnas2_human	gnas2_human
7YS6	gnas2_human	B	gbb1_human	C	gbg2_human	D	Dominant-negative Gs protein with 25 amino acids at the N terminus replaced by Gαi1 sequence to facilitate scFv16 binding.	E	B	C	gnas2_human	gnas2_human
7YU3	gnai1_human	A	gbb1_rat	B	gbg2_bovin	G	Wild-type Gi heterotrimer composed of human Gαi1, rat Gβ1, and bovine Gγ2.	B	A	C	gnai1_human	gnai1_human
7YU5	gnai1_human	A	gbb1_rat	B	gbg2_bovin	G	Heterotrimeric Gi protein complex.	B	A	C	gnai1_human	gnai1_human
7YU6	gnai1_human	A	gbb1_rat	B	gbg2_bovin	G	G protein heterotrimer composed of human Gai1, rat Gb1, and bovine Gg2.	B	A	C	gnai1_human	gnai1_human
7YU7	gnai1_human	A	gbb1_rat	B	gbg2_bovin	G	The G protein complex consists of human Gai1, rat Gb1, and bovine Gg2. Gg2 contains a C68S mutation.	A	C	D	gnai1_human	gnai1_human
7YU8	gnai1_human	A	gbb1_rat	B	gbg2_bovin	G	Wild-type human Gai1, rat Gb1, and bovine Gg2.	B	C	D	gnai1_human	gnai1_human
8DZP	gnai1_human	B	gbb1_human	C	gbg2_human	D	Engineered dominant-negative Gi1 protein with S47N, E245A, G203A, and A326S mutations.	B	C	D	gnai1_human	gnai1_human
8DZQ	gnao_human	B	gbb1_human	C	gbg2_human	D	Engineered dominant-negative Go protein with C3S, S47N, G204A, E246A, A326S, and M249K point mutations.	D	A	B	gnao_human	gnao_human
8DZS	gnaz_human	B	gbb1_human	C	gbg2_human	D	The Gαz subunit is a chimera where its N-terminal sequence was replaced with that of Gi2 (gnai2_human) to facilitate scFv16 binding. It also contains several dominant-negative (DN) mutations: S47N, G204A, E246A, R249K, N262D, and A327S.	B	C	D	gnaz_human	gnaz_human
8E3X	gnas2_human	A	gbb1_human	B	gbg2_human	G	Engineered dominant-negative Gs protein mutant (DNGsV1).	A	B	C	gnas2_human	gnas2_human
8E3Y	gnas2_human	A	gbb1_human	B	gbg2_human	G	Engineered dominant-negative Gs protein (DNGsV2) with A366S mutation.	A	B	C	gnas2_human	gnas2_human
8E3Z	gnas2_human	A	gbb1_human	B	gbg2_human	G	Engineered dominant-negative Gs protein (DNGsV2) with A366S mutation to enhance stability.	A	B	C	gnas2_human	gnas2_human
8E9X	gnao_human	B	gbb1_human	C	gbg2_human	D	Engineered miniGo protein (mini-G protein). Only the GTPase domain is modeled; the alpha-helical domain is deleted.	B	C	D	gnao_human	gnao_human
8EF5	gnai1_human	A	gbb1_rat	B	gbg2_bovin	C	Engineered dominant-negative Gai1 protein with G203A and A326A mutations.	B	C	D	gnai1_human	gnai1_human
8EF6	gnai1_human	A	gbb1_rat	B	gbg2_bovin	C	Engineered dominant-negative Gai1 (Gai1_2M) with G203A and A326S mutations to stabilize the complex.	B	C	D	gnai1_human	gnai1_human
8EFB	gnai1_human	A	gbb1_rat	B	gbg2_bovin	C	Engineered dominant-negative G protein with G203A and A326S mutations.	B	C	D	gnai1_human	gnai1_human
8EFL	gnai1_human	A	gbb1_rat	B	gbg2_human	C	Engineered dominant-negative Gαi1 with G203A and A326S mutations to stabilize the nucleotide-free state.	B	C	D	gnai1_human	gnai1_human
8EFO	gnai1_human	A	gbb1_rat	B	gbg2_bovin	C	Engineered dominant-negative Gai1 with G203A and A326S mutations. Only the C-terminal/a5 fragment of Gai1 is modeled.	B	C	D	gnai1_human	gnai1_human
8F0K	gnas2_human	A	gbb1_human	B	gbg2_human	G	Engineered dominant-negative Gs protein (DNGs).	D	E	F	gnas2_human	gnas2_human
8F2A	gnas2_human	A	gbb1_human	B	gbg2_human	G	Engineered dominant-negative Gs protein (DNGs).	D	E	F	gnas2_human	gnas2_human
8F76	gnas2_human	X	gbb1_human	Y	gbg2_human	Z	Engineered miniGs399 protein, which is a truncated and mutated version of Gs alpha short isoform (P63092) designed to trap the receptor-active conformation.	C	D	E	gnas2_human	gnas2_human
8F7S	gnai1_human	A	gbb1_rat	B	gbg2_bovin	C	Engineered dominant-negative Gai1 (Gai1_2M) with G203A and A326S mutations to reduce GDP/GTP binding.	C	D	E	gnai1_human	gnai1_human
8F7W	gnai1_human	A	gbb1_rat	B	gbg2_bovin	C	Engineered dominant-negative Gai1 (Gai1_4M) with S47N, G203A, E245A, and A326S mutations.	C	D	E	gnai1_human	gnai1_human
8F7X	gnai1_human	A	gbb1_rat	B	gbg2_bovin	C	Engineered dominant-negative G protein with S47N, G203A, E245A, and A326S mutations.	C	D	E	gnai1_human	gnai1_human
8FEG	gnai1_human	C	gbb1_human	D	gbg2_human	E	Engineered dominant-negative Gi1 protein with S47N, E245A, G203A, and A326S mutations.	A	B	C	gnai1_human	gnai1_human
8FLQ	gnas2_human	A	gbb1_human	B	gbg2_human	G	Engineered dominant-negative Gs protein (DNGas) with G226A and A366S mutations.	A	B	C	gnas2_human	gnas2_human
8FLR	gnas2_human	A	gbb1_human	B	gbg2_human	G	Engineered dominant-negative Gs alpha subunit (DNGs).	A	B	C	gnas2_human	gnas2_human
8FLS	gnas2_human	A	gbb1_human	B	gbg2_human	G	Engineered dominant-negative Gas protein.	A	B	C	gnas2_human	gnas2_human
8FLT	gnas2_human	A	gbb1_human	B	gbg2_human	G	Engineered dominant-negative Gas protein.	A	B	C	gnas2_human	gnas2_human
8FLU	gnas2_human	A	gbb1_human	B	gbg2_human	G	Engineered dominant-negative Gs protein.	A	B	C	gnas2_human	gnas2_human
8FN0	gnao_human	B	gbb1_human	C	gbg2_human	D	Engineered MiniGoA protein. G alpha subunit is the engineered 'Mini' version of GoA.	E	C	D	gnao_human	unknown
8FN1	gnao_human	B	gbb1_human	C	gbg2_human	D	Engineered truncated mini-G protein (MiniGoA) heterotrimer.	C	D	E	gnao_human	gnao_human
8FU6	gnas2_human	A	gbb1_human	B	gbg2_human	G	Heterotrimeric Gs protein complexed with the receptor and ZP3780. The paper notes this specific G protein-bound state is 'unproductive' due to the influence of RAMP2.	A	B	C	gnas2_human	gnas2_human
8FY8	gnai1_human	A	gbb1_human	B	gbg2_human	G	Engineered dominant-negative G protein alpha i1 with stabilizing point mutations S47N, G203A, E245A, and A326S. G gamma 2 and G alpha i1 were expressed as a fusion construct.	A	B	C	gnai1_human	gnai1_human
8FYE	gnai1_human	A	gbb1_human	B	gbg2_human	G	Engineered dominant-negative Gi1 protein with Gαi1 point mutations S47N, G203A, E245A, and A326S. Expressed as a Gγ2-Gαi1 fusion for stability but modeled as separate chains.	A	B	C	gnai1_human	gnai1_human
8FYL	gnai1_human	A	gbb1_human	B	gbg2_human	G	Engineered dominant-negative Gi1 protein with S47N, G203A, E245A, and A326S mutations to enhance complex stability.	A	B	C	gnai1_human	gnai1_human
8FYT	gnai1_human	A	gbb1_human	B	gbg2_human	G	Engineered dominant-negative G protein with S47N, G203A, E245A, and A326S mutations.	B	C	D	gnai1_human	gnai1_human
8FYX	gnai1_human	A	gbb1_human	B	gbg2_human	G	Engineered dominant-negative G protein with S47N, G203A, E245A, and A326S mutations.	A	B	C	gnai1_human	gnai1_human
8G05	gnai1_human	A	gbb1_human	B	gbg2_human	G	Engineered dominant-negative Galpha_i1 (DNGalpha_i1) containing four mutations (S47N, G203A, E245A, A326S).	B	C	E	gnai1_human	gnai1_human
8GAG	gnai1_human	A	gbb1_human	B	gbg2_human	C		A	B	C	gnai1_human	gnai1_human
8GCM	gnai1_human	A	gbb1_human	B	gbg2_human	C		A	B	C	gnai1_human	gnai1_human
8GCP	gnai1_human	A	gbb1_human	B	gbg2_human	C	Native-like human Gi protein heterotrimer.	A	B	C	gnai1_human	gnai1_human
8GD9	gnas2_human	A	gbb1_human	B	gbg2_human	G	Gs heterotrimer (Gs short isoform); the alpha subunit is modeled as a fragment (residues 1-248).	A	B	C	gnas2_human	gnas2_human
8GDA	gnas2_human	A	gbb1_human	B	gbg2_human	G	Guanine nucleotide-binding protein G(s) subunit alpha isoforms short.	A	B	C	gnas2_human	gnas2_human
8GDB	gnas2_human	A	gbb1_human	B	gbg2_human	G	Gs subunit alpha isoform short.	A	B	C	gnas2_human	gnas2_human
8GDC	gnai1_human	A	gbb1_human	B	gbg2_human	C		A	B	C	gnai1_human	gnai1_human
8GDZ	gnas2_human	A	gbb1_human	B	gbg2_human	G	Human Gs protein heterotrimer; the alpha subunit is the human Galpha s-short splice variant.	A	B	C	gnas2_human	gnas2_human
8GE1	gnas2_human	A	gbb1_human	B	gbg2_human	G	Human Gs protein heterotrimer (short splice variant of alpha subunit). The complex is nucleotide-free.	A	B	C	gnas2_human	gnas2_human
8GE2	gnas2_human	A	gbb1_human	B	gbg2_human	G	Human Gs subunit alpha isoforms short.	A	B	C	gnas2_human	gnas2_human
8GE3	gnas2_human	A	gbb1_human	B	gbg2_human	G	Nucleotide-free Gs heterotrimer (short splice variant).	A	B	C	gnas2_human	gnas2_human
8GE4	gnas2_human	A	gbb1_human	B	gbg2_human	G	Human Gαs-short splice variant (isoform 2); the G protein is nucleotide-free in this specific frame of the trajectory.	A	B	C	gnas2_human	gnas2_human
8GE5	gnas2_human	A	gbb1_human	B	gbg2_human	G	Human Gs-short splice variant.	A	B	C	gnas2_human	gnas2_human
8GE6	gnas2_human	A	gbb1_human	B	gbg2_human	G	Nucleotide-free Gs heterotrimer; Galpha is the short splice variant.	A	B	C	gnas2_human	gnas2_human
8GE7	gnas2_human	A	gbb1_human	B	gbg2_human	G	Human Gs heterotrimer consisting of the G-alpha-short splice variant (P63092), G-beta-1 (P62873), and G-gamma-2 (P59768).	A	B	C	gnas2_human	gnas2_human
8GE8	gnas2_human	A	gbb1_human	B	gbg2_human	G	Nucleotide-free Gs heterotrimer; alpha subunit is the human Gs-short splice variant.	A	B	C	gnas2_human	gnas2_human
8GE9	gnas2_human	A	gbb1_human	B	gbg2_human	G	Human Gs heterotrimer (alpha-short isoform, beta-1, gamma-2).	A	B	C	gnas2_human	gnas2_human
8GEA	gnas2_human	A	gbb1_human	B	gbg2_human	G	Human Gαs short splice variant.	A	B	C	gnas2_human	gnas2_human
8GEB	gnas2_human	A	gbb1_human	B	gbg2_human	G	Human Gs heterotrimer containing the Gαs-short splice variant.	A	B	C	gnas2_human	gnas2_human
8GEC	gnas2_human	A	gbb1_human	B	gbg2_human	G	Gαs short splice variant (isoform 2).	A	B	C	gnas2_human	gnas2_human
8GED	gnas2_human	A	gbb1_human	B	gbg2_human	G	Human Gs short splice variant (Gnas2). The beta-1 subunit contains an N-terminal 6xHis tag and HRV 3C protease site.	A	B	C	gnas2_human	gnas2_human
8GEE	gnas2_human	A	gbb1_human	B	gbg2_human	G	Nucleotide-free Gs heterotrimer; this structure is Frame 15 of 20 along the AHD closure trajectory determined by 3DVA.	A	B	C	gnas2_human	gnas2_human
8GEF	gnas2_human	A	gbb1_human	B	gbg2_human	G	Human Gs heterotrimer (short isoform G-alpha-s).	A	B	C	gnas2_human	gnas2_human
8GEG	gnas2_human	A	gbb1_human	B	gbg2_human	G	Human Gs-short splice variant.	A	B	C	gnas2_human	gnas2_human
8GEH	gnas2_human	A	gbb1_human	B	gbg2_human	G	Wild-type Gs protein heterotrimer (short isoform of Galpha s).	A	B	C	gnas2_human	gnas2_human
8GEI	gnas2_human	A	gbb1_human	B	gbg2_human	G	Nucleotide-free Gs heterotrimer; Frame 19 of a 20-frame reconstruction trajectory of the nucleotide-free complex derived from 3D variability analysis (3DVA).	A	B	C	gnas2_human	gnas2_human
8GEJ	gnas2_human	A	gbb1_human	B	gbg2_human	G	Nucleotide-free Gs heterotrimer containing the human Galpha-s short splice variant.	A	B	C	gnas2_human	gnas2_human
8GFV	gnas2_human	A	gbb1_human	B	gbg2_human	G	Human Gs alpha subunit (short splice variant). No mutations reported.	A	B	C	gnas2_human	gnas2_human
8GFW	gnas2_human	A	gbb1_human	B	gbg2_human	G	Heterotrimeric Gs protein; the alpha subunit is the human short splice variant (GNAS2).	A	B	C	gnas2_human	gnas2_human
8GFX	gnas2_human	A	gbb1_human	B	gbg2_human	G	Human Gs alpha short splice variant (gnas2_human).	A	B	C	gnas2_human	gnas2_human
8GFY	gnas2_human	A	gbb1_human	B	gbg2_human	G	Wild-type human Gs heterotrimer (short splice variant of the alpha subunit).	A	B	C	gnas2_human	gnas2_human
8GFZ	gnas2_human	A	gbb1_human	B	gbg2_human	G	Galpha(s)-short splice variant.	A	B	C	gnas2_human	gnas2_human
8GG0	gnas2_human	A	gbb1_human	B	gbg2_human	G	Human Gs heterotrimer (short splice variant alpha subunit).	A	B	C	gnas2_human	gnas2_human
8GG1	gnas2_human	A	gbb1_human	B	gbg2_human	G	Human Gαs short splice variant.	A	B	C	gnas2_human	gnas2_human
8GG2	gnas2_human	A	gbb1_human	B	gbg2_human	G	Gαs-short splice variant. This structure represents transition intermediate #8 of 20 in the GTP-bound activation trajectory.	A	B	C	gnas2_human	gnas2_human
8GG3	gnas2_human	A	gbb1_human	B	gbg2_human	G	GTP-bound transition intermediate state. Alpha subunit is the human Gs short splice variant.	A	B	C	gnas2_human	gnas2_human
8GG4	gnas2_human	A	gbb1_human	B	gbg2_human	G	Gαs short splice variant.	A	B	C	gnas2_human	gnas2_human
8GG5	gnas2_human	A	gbb1_human	B	gbg2_human	G	GTP-bound Gs heterotrimer. The alpha subunit is the human Gs short splice variant.	A	B	C	gnas2_human	gnas2_human
8GG6	gnas2_human	A	gbb1_human	B	gbg2_human	G	Wild-type human Gs heterotrimer (short splice variant of G-alpha-s).	A	B	C	gnas2_human	gnas2_human
8GG7	gnas2_human	A	gbb1_human	B	gbg2_human	G	Transition intermediate #13 of 20; GTP-bound Gs heterotrimer (short splice variant).	A	B	C	gnas2_human	gnas2_human
8GG8	gnas2_human	A	gbb1_human	B	gbg2_human	G	Human Gs heterotrimer; alpha subunit is the short splice variant (Gs-short).	A	B	C	gnas2_human	gnas2_human
8GG9	gnas2_human	A	gbb1_human	B	gbg2_human	G	Human Gs heterotrimer containing the Gαs-short splice variant.	A	B	C	gnas2_human	gnas2_human
8GGA	gnas2_human	A	gbb1_human	B	gbg2_human	G	The structure uses the human Gs short splice variant (Gαs-short). This is a transition intermediate (#16 of 20) captured after GTP addition.	A	B	C	gnas2_human	gnas2_human
8GGB	gnas2_human	A	gbb1_human	B	gbg2_human	G	Human Gs heterotrimer containing the short splice variant of Gαs. Represented here is transition intermediate #17 of the activation trajectory.	A	B	C	gnas2_human	gnas2_human
8GGC	gnas2_human	A	gbb1_human	B	gbg2_human	G	Human Gs alpha short splice variant (gnas2_human).	A	B	C	gnas2_human	gnas2_human
8GGE	gnas2_human	A	gbb1_human	B	gbg2_human	G	Human Gs-short splice variant.	A	B	C	gnas2_human	gnas2_human
8GGF	gnas2_human	A	gbb1_human	B	gbg2_human	G	Human Gαs short splice variant.	A	B	C	gnas2_human	gnas2_human
8GHV	gnai1_human	A	gbb1_human	B	gbg2_human	C	Nucleotide-free heterotrimeric Gi1 protein.	A	B	C	gnai1_human	gnai1_human
8GUQ	gnai1_human	A	gbb1_human	B	gbg2_human	C	Standard Gi1 heterotrimer used for complex stabilization.	A	B	C	gnai1_human	gnai1_human
8GUR	gnai1_human	A	gbb1_human	B	gbg2_human	C	Wild-type human Gi protein heterotrimer.	A	B	C	gnai1_human	gnai1_human
8GUS	gnai1_human	A	gbb1_human	B	gbg2_human	C	Wild-type human Gi protein subunits.	A	B	C	gnai1_human	gnai1_human
8GUT	gnai1_human	A	gbb1_human	B	gbg2_human	C	Wild-type heterotrimeric Gi1 protein.	A	B	C	gnai1_human	gnai1_human
8GW8	gnas2_human	A	gbb1_rat	B	gbg2_bovin	G	Engineered mini-Gs protein (mini-Gαs short isoform).	A	B	C	gnas2_human	gnas2_human
8H2G	gnai1_human	B	gbb1_human	C	gbg2_human	D	Engineered G protein. According to the paper, a Gg2-(GSA)3-Gai1 fusion construct was used, although the subunits are modeled as separate chains in the PDB.	B	C	D	gnai1_human	gnai1_human
8H4I	gnas2_human	A	gbb1_human	B	gbg2_human	C	Engineered mini Galpha-S subunit; metadata lists UniProt accessions for both gnas2_human and gnai1_human, indicating a chimeric construct.	A	B	C	gnas2_human	gnas2_human
8HA0	gnas2_human	A	gbb1_rat	B	gbg2_bovin	G	Modified bovine Gs alpha subunit (mDNGαs). Chimeric protein with the N-terminus (M1-M18) and α-helical domain (Y61-K180) from human Gαi. Contains dominant-negative mutations G226A and A366S, a deletion of N254–T263, and eight additional mutations (G49D, E50N, L63Y, A249D, S252D, L272D, I372A, and V375I). Gβ1 is fused with an N-terminal His16 tag and a C-terminal SmBiT subunit.	A	B	C	gnas2_human	unknown
8HBD	gnai1_human	A	gbb1_human	B	gbg2_human	G	Engineered dominant-negative G protein with G203A and A326S mutations. (The paper mentions a chimeric Gaq, but that is in the sibling structures 8HCQ and 8HCX; the Gi subunit in 8HBD is Gnai1).	A	B	C	gnai1_human	gnai1_human
8HDO	gnas2_human	A	gbb1_human	B	gbg2_human	G	"The G protein alpha subunit is an engineered ""Chimeric miniGs"" (as described in metadata), which is a truncated and stabilized version of Gs alpha. However, it does not contain segments from different parent proteins (e.g. Gi tail), thus is not a GPCRdb-defined chimera."	A	B	C	gnas2_human	gnas2_human
8HIX	gnas2_human	A	gbb1_human	B	gbg2_human	G	Engineered miniGs protein with point mutations (G49D, E50N, A249D, S252D, I372A, V375I) and deletions (residues 1-5, 65-203, 255-264).	A	B	C	gnas2_human	gnas2_human
8HJ0	gna15_human	A	gbb1_human	B	gbg2_human	G	Engineered chimeric G protein alpha subunit where the main body is derived from Gs (gnas2_human) and the C-terminal alpha 5 helix (the specificity determinant) is from G15 (gna15_human).	A	B	C	gna15_human	gnas2_human
8HJ1	gnas2_human	A	gbb1_human	B	gbg2_human	G	Engineered miniGs protein (mGs) with truncations (residues 1-5, 65-203, 255-264) and point mutations (G49D, E50N, A249D, S252D, I372A, V375I).	A	B	C	gnas2_human	gnas2_human
8HJ2	gna15_human	A	gbb1_human	B	gbg2_human	G	Chimeric miniG15 protein based on the miniGs (P63092) scaffold with the C-terminal alpha5 helix specificity determinants from G15 (P30679). It also contains stabilizing mutations (G49D, E50N, A249D, S252D, I372A, V375I) and truncations (1-5, 65-203, 255-264).	E	A	B	gna15_human	gnas2_human
8HK2	gnai1_human	B	gbb1_rat	C	gbg2_bovin	G	Engineered dominant-negative protein with G203A and A326S mutations. The paper refers to it as bovine Gαi1, but the metadata lists the human UniProt accession.	B	C	E	gnai1_human	gnai1_human
8HK3	gnai1_human	A	gbb1_rat	B	gbg2_bovin	G	Engineered dominant-negative mutant with G203A and A326S mutations to stabilize the complex.	A	B	D	gnai1_human	gnai1_human
8HK5	gnai1_human	C	gbb1_rat	D	gbg2_bovin	G	Engineered dominant-negative G protein with G203A and A326S mutations. The paper describes the alpha subunit as bovine Galpha-i1, but PDB metadata identifies it as human.	C	D	E	gnai1_human	gnai1_human
8HMP	gnas2_human	A	gbb1_human	B	gbg2_human	G	Engineered miniGαs protein.	E	A	B	gnas2_human	gnas2_human
8HMV	gnas2_human	C	gbb1_human	B	gbg2_human	G	Engineered dominant-negative Gs protein (DNGαs).	B	C	D	gnas2_human	gnas2_human
8HN8	gnai1_human	A	gbb1_human	B	gbg2_human	G		A	B	C	gnai1_human	gnai1_human
8HNK	gnai1_human	A	gbb1_human	B	gbg2_human	G	Engineered dominant-negative G protein with G203A and A326S mutations. G-beta subunit is fused with HiBit.	A	B	C	gnai1_human	gnai1_human
8HNL	gnai1_human	A	gbb1_human	B	gbg2_human	G	Engineered dominant-negative Gαi1 protein (DNGi) with G203A and A326S mutations. The Gβ subunit is fused to HiBit at its C-terminus.	A	B	C	gnai1_human	gnai1_human
8HNM	gnai1_human	A	gbb1_human	B	gbg2_human	G	Engineered dominant-negative Galpha-i1 protein with G203A and A326S mutations. Gbeta1 is fused to HiBit at its C-terminus.	A	B	C	gnai1_human	gnai1_human
8HOC	gnai1_human	A	gbb1_human	B	gbg2_human	G	G protein heterotrimer Gi1.	A	B	C	gnai1_human	gnai1_human
8HPT	gnao_human	B	gbb1_human	C	gbg2_human	G	Engineered mini-Go protein fragment with AH domain deletion and stabilization mutations.	C	D	E	gnao_human	gnao_human
8HQC	gnao_human	B	gbb1_human	C	gbg2_human	G	Heterotrimeric Go protein.	B	C	E	gnao_human	gnao_human
8HQE	gnai1_human	A	gbb1_human	B	gbg2_human	C		E	A	B	gnai1_human	gnai1_human
8HQM	gnai1_human	A	gbb1_human	B	gbg2_human	C		E	A	B	gnai1_human	gnai1_human
8HQN	gnai1_human	A	gbb1_human	B	gbg2_human	C		E	A	B	gnai1_human	gnai1_human
8HS3	gnai1_human	A	gbb1_human	B	gbg2_human	C	Engineered dominant-negative mutant of Gαi1 containing three point mutations: S47N, G203A, and A326S.	A	B	C	gnai1_human	gnai1_human
8HSC	gnai1_human	A	gbb1_human	B	gbg2_human	C	Engineered dominant-negative Gαi1 with S47N, G203A, and A326S mutations.	B	C	D	gnai1_human	gnai1_human
8HVI	gnai1_human	B	gbb1_human	C	gbg2_human	D	Human heterotrimeric Gi1 protein.	B	C	D	gnai1_human	gnai1_human
8I7V	gnai1_human	B	gbb1_human	C	gbg2_human	D	Wild-type Gi heterotrimer.	B	C	D	gnai1_human	gnai1_human
8I7W	gnai1_human	B	gbb1_human	C	gbg2_human	D	Wild-type human Gi heterotrimer. While the expression construct used a fusion (Gg2-linker-Gai1), the protein is modeled as distinct subunits.	B	C	D	gnai1_human	gnai1_human
8I95	gnao_human	A	gbb1_human	B	gbg2_human	G	Engineered mini-G protein (miniGαo) used for complex stabilization.	A	B	C	gnao_human	gnao_human
8I97	gnao_human	A	gbb1_human	B	gbg2_human	G	Engineered mini-Go protein fragment.	B	C	D	gnao_human	gnao_human
8I9L	gnao_human	A	gbb1_human	B	gbg2_human	G	Engineered mini-Gao protein.	B	A	C	gnao_human	gnao_human
8I9S	gnao_human	A	gbb1_human	B	gbg2_human	G	Mini-Go protein alpha subunit (miniGao). Truncated and engineered for stability with the alpha-helical domain removed.	B	C	D	gnao_human	gnao_human
8IA2	gnao_human	B	gbb1_human	C	gbg2_human	G	Engineered mini-Go protein (gnao_human) with ScFv16 binding sequence at the N-terminus and truncated for stabilization.	C	D	E	gnao_human	gnao_human
8IA8	gnai1_human	C	gbb1_human	B	gbg2_human	G	Wild-type Gi1 heterotrimer used for complex formation.	C	D	E	gnai1_human	gnai1_human
8IC0	gnai1_human	B	gbb1_human	C	gbg2_human	D	Wild-type human Gi heterotrimer.	B	C	D	gnai1_human	gnai1_human
8ID3	gnai1_human	A	gbb1_human	B	gbg2_human	Y	Engineered dominant-negative Gi1 protein.	D	A	C	gnai1_human	gnai1_human
8ID4	gnai1_human	A	gbb1_human	B	gbg2_human	Y	Native human Gi heterotrimer.	B	C	D	gnai1_human	gnai1_human
8ID6	gnai1_human	A	gbb1_human	B	gbg2_human	Y	The paper references previous studies (Ref 36) for the human Gai1 construct, which typically contains dominant-negative mutations (G203A, A326S) to stabilize the signaling complex.	B	C	D	gnai1_human	gnai1_human
8ID8	gnai1_human	A	gbb1_human	B	gbg2_human	Y	Gi1 heterotrimer complexed with scFv16.	A	B	E	gnai1_human	gnai1_human
8ID9	gnai1_human	A	gbb1_human	B	gbg2_human	Y		D	A	B	gnai1_human	gnai1_human
8IED	gnao_human	C	gbb1_human	D	gbg2_human	Y	Engineered mini-Gαo protein.	C	D	F	gnao_human	gnao_human
8IHB	gnai1_human	A	gbb1_mouse	B	gbg2_mouse	C	Engineered G protein with dominant-negative mutations G203A and A326S in the alpha subunit. G beta is fused to SmBiT.	B	D	E	gnai1_human	gnai1_human
8IHF	gnai1_human	A	gbb1_mouse	B	gbg2_mouse	C	Engineered dominant-negative G protein with G203A and A326S mutations. Gbeta is also fused to SmBiT as part of the NanoBiT stabilization strategy.	A	C	D	gnai1_human	gnai1_human
8IHH	gnai1_human	A	gbb1_mouse	B	gbg2_mouse	C	Engineered dominant-negative G protein with G203A and A326S mutations.	B	C	D	gnai1_human	gnai1_human
8IHI	gnai1_human	A	gbb1_mouse	B	gbg2_mouse	C	Engineered dominant-negative G protein with G203A and A326S mutations.	A	C	D	gnai1_human	gnai1_human
8IHJ	gnai1_human	A	gbb1_mouse	B	gbg2_mouse	C	Engineered Gi heterotrimer. Gnai1 (alpha) contains dominant-negative mutations G203A and A326S. Gbb1 (beta) is fused with SmBiT at the C-terminus.	B	D	E	gnai1_human	gnai1_human
8IJ3	gnai1_human	C	gbb1_human	B	gbg2_human	G	Dominant-negative Gαi1 with G203A and A326S mutations.	C	B	D	gnai1_human	gnai1_human
8IJA	gnai1_human	C	gbb1_human	B	gbg2_human	G	Engineered dominant-negative Gαi1 protein with G203A and A326S mutations.	B	C	D	gnai1_human	gnai1_human
8IJB	gnai1_human	C	gbb1_human	B	gbg2_human	G	Engineered dominant-negative Gs protein with G203A and A326S mutations.	C	B	D	gnai1_human	gnai1_human
8IJD	gnai1_human	C	gbb1_human	B	gbg2_human	G	Dominant-negative Gαi1 with G203A and A326S mutations.	C	B	D	gnai1_human	gnai1_human
8IKG	gnai1_human	A	gbb1_human	B	gbg2_human	C	Wild-type human Gi1 heterotrimer.	A	B	C	gnai1_human	gnai1_human
8IKH	gnai1_human	A	gbb1_human	B	gbg2_human	C		A	B	C	gnai1_human	gnai1_human
8IKL	gna13_human	A	gbb1_human	B	gbg2_human	Y	Engineered mini-G13 protein. The metadata lists both gnai3_human and gna13_human, and the paper describes the use of a 'thermostable mini-Ga13'.	B	C	D	gna13_human	gnai3_human
8INR	gnas2_human	A	gbb1_human	B	gbg2_bovin	G	Chimeric G protein alpha subunit composed of segments from Gs (gnas2_human) and Gi1 (gnai1_human); the C-terminal alpha5 tail (QRMHLRQYELL) is derived from Gs.	C	D	E	gnas2_human	gnas2_human
8IOC	gnas2_human	A	gbb1_human	B	gbg2_bovin	G	Chimeric G protein with a Gαi1 body and Gαs C-terminal α5 helix (residues QRMHLRQYELL) to facilitate Nanobody-35 binding while maintaining Gs specificity.	A	B	D	gnas2_human	gnas2_human
8IOD	gnas2_human	A	gbb1_human	B	gbg2_bovin	G	Gα chimera of Gs (gnas2_human) and Gi1 (gnai1_human). The C-terminal α5 helix corresponds to the Gs sequence (QRMHLRQYELL) to match the receptor's coupling specificity, while the core is Gi1-derived.	A	B	C	gnas2_human	gnas2_human
8IRR	gnas2_human	A	gbb1_human	B	gbg2_human	G	Engineered mini-Gs protein (AHD deleted) with G226A and A366S mutations. Alpha-helical domain (AHD) was deleted.	A	B	C	gnas2_human	unknown
8IRS	gnai1_human	A	gbb1_human	B	gbg2_human	G	Engineered dominant-negative Gi1 protein with S47N, G203A, E245A, and A326S mutations.	A	B	D	gnai1_human	gnai1_human
8IRT	gnai1_human	A	gbb1_human	B	gbg2_human	G	Engineered dominant-negative Gi protein with S47N, G203A, E245A, and A326S mutations.	A	B	D	gnai1_human	gnai1_human
8IRV	gnas2_human	A	gbb1_human	B	gbg2_human	G	Engineered mini-Gs protein with the alpha-helical domain (AHD) deleted and stabilizing mutations G226A and A366S.	A	B	C	gnas2_human	gnas2_human
8ITF	gnas2_human	A	gbb1_human	B	gbg2_human	C	Modified Gs chimera (modGs) based on the mini-Gs scaffold. The N-terminus (residues 1-25) and the alpha-helical domain linker (V65-L203) were replaced with segments from human Gi1 (residues 1-18 and G60-K180, respectively) to facilitate scFv16 binding.	A	B	C	gnas2_human	unknown
8IU2	gnai1_human	A	gbb1_human	B	gbg2_bovin	G	Engineered dominant-negative Gi1 alpha subunit with mutations S47C, G202T, G203A, E245A, and A326S.	B	C	D	gnai1_human	gnai1_human
8IW4	gnas2_human	A	gbb1_human	B	gbg2_human	C	Gαs chimera with N-terminus (residues 1-25) and AHD linker (V65-L203) replaced by corresponding segments from human Gi1 to facilitate scFv16 binding.	A	B	C	gnas2_human	gnas2_human
8IW7	gnas2_human	A	gbb1_human	B	gbg2_human	Y	Modified Gαs chimera (mini-Gs) with the N-terminus (1-25) and α-helical domain (V65-L203) replaced by human Gi1 sequences (1-18 and G60-K180, respectively) to facilitate scFv16 binding.	C	B	E	gnas2_human	gnas2_human
8IY5	gnai1_human	A	gbb1_rat	B	gbg2_bovin	C	Wild-type human Gαi1. The complex was expressed as a fusion construct between Gα and Gγ subunits and utilized NanoBiT-based tethering for stabilization. This is a cross-species complex (human alpha, rat beta, bovine gamma).	A	B	C	gnai1_human	gnai1_human
8IY9	gnao_human	A	gbb1_human	B	gbg2_human	G	Engineered miniGαo protein with AH domain deletion and stabilizing mutations. The receptor N-terminus is fused to M4 residues for expression.	A	B	C	gnao_human	gnao_human
8IYH	gnao_human	B	gbb1_human	A	gbg2_human	G	Engineered mini-Gαo protein based on gnao_human.	B	A	D	gnao_human	gnao_human
8IYS	gnaq_human	A	gbb1_human	B	gbg2_human	G	Full-length Galpha-q subunit containing a 4A insertion (four alanine residues) between R332 and F333 to lock the G protein in a GDP-bound state.	A	B	D	gnaq_human	gnaq_human
8IYW	gnao_human	B	gbb1_human	C	gbg2_human	G	Engineered miniGalpha_o protein based on gnao_human (P09471).	A	B	C	gnao_human	gnao_human
8J18	gnai1_human	A	gbb1_human	B	gbg2_human	G	Engineered dominant-negative Gai1 with G203A and A326S mutations.	A	B	C	gnai1_human	gnai1_human
8J19	gnai1_human	A	gbb1_human	B	gbg2_human	G	Engineered dominant-negative Gαi protein with G203A and A326S mutations.	B	C	E	gnai1_human	gnai1_human
8J1A	gnai1_human	A	gbb1_human	B	gbg2_human	G	Engineered dominant-negative Gai subunit with G203A and A326S mutations.	A	B	C	gnai1_human	gnai1_human
8J20	gnai1_human	C	gbb1_human	A	gbg2_human	E	Standard human Gi heterotrimer (Gαi1, Gβ1, Gγ2).	C	A	E	gnai1_human	gnai1_human
8J21	gnai1_human	C	gbb1_human	A	gbg2_human	E		C	A	E	gnai1_human	gnai1_human
8J22	gnai1_human	B	gbb1_human	A	gbg2_human	D	G protein heterotrimer stabilized using the NanoBiT strategy.	B	A	D	gnai1_human	gnai1_human
8J23	gnai1_human	B	gbb1_human	C	gbg2_human	D	Wild-type G protein heterotrimer (Gi1/B1/G2).	B	C	D	gnai1_human	gnai1_human
8J24	gnai1_human	C	gbb1_human	B	gbg2_human	F	Wild-type human Gi protein heterotrimer.	B	A	D	gnai1_human	gnai1_human
8J6D	gnao_human	A	gbb1_human	B	gbg2_human	G	Engineered mini-G protein; the alpha subunit is a truncated fragment (residues 1-250) of Gao.	A	B	E	gnao_human	gnao_human
8J6I	gnai1_human	A	gbb1_human	B	gbg2_human	G	Engineered dominant-negative Gai1 (DNGi) with four mutations (S47N, G203A, E345A, A326S).	B	C	D	gnai1_human	gnai1_human
8J6J	gnai1_human	A	gbb1_human	B	gbg2_human	G	Dominant-negative Gai1 with four point mutations (S47N, G203A, E345A, A326S) used to stabilize the complex.	A	B	C	gnai1_human	gnai1_human
8J6L	gnai1_human	A	gbb1_human	B	gbg2_human	G	Engineered dominant-negative Gai1 (DNGi) with four mutations (S47N, G203A, E345A, A326S).	A	B	C	gnai1_human	gnai1_human
8J6P	gnai1_human	A	gbb1_human	B	gbg2_human	G	Engineered dominant-negative human Gαi1 (DNGαi1) with G203A and A326S mutations.	A	B	C	gnai1_human	gnai1_human
8J6Q	gnai1_human	A	gbb1_human	B	gbg2_human	G	Engineered dominant-negative Gαi1 (DNGαi1).	A	B	C	gnai1_human	gnai1_human
8J6R	gnai1_human	A	gbb1_human	B	gbg2_human	G	Engineered dominant-negative Gαi1 (DNGαi1) used to stabilize the complex.	A	B	C	gnai1_human	gnai1_human
8JD6	gnai3_human	A	gbb1_human	B	gbg2_human	C	Engineered dominant-negative G-alpha-i3 with S47N, G203A, E245A, and A326S mutations. While the paper title says Gi1, the UniProt ID (P08754) and alpha5 sequence (IKNNLKECGLY) confirm it is Gai3.	F	E	D	gnai3_human	gnai3_human
8JEF	gnai1_human	C	gbb1_human	B	gbg2_human	G	Dominant-negative Gai1 construct with G203A and A326S mutations.	B	C	D	gnai1_human	gnai1_human
8JEI	gnai1_human	C	gbb1_human	B	gbg2_human	G	Engineered dominant-negative Gai1 (DNGai1) construct with G203A and A326S mutations.	A	B	C	gnai1_human	gnai1_human
8JER	gnao_human	A	gbb1_human	B	gbg2_human	G	Engineered mini-G alpha o subunit.	A	B	D	gnao_human	gnao_human
8JGB	gnai1_human	A	gbb1_human	B	gbg2_human	G	Gi1 heterotrimer	C	D	B	gnai1_human	gnai1_human
8JGG	gnai1_human	A	gbb1_human	B	gbg2_human	G	Heterotrimeric Gi1 protein used to form the signaling complex.	D	E	A	gnai1_human	gnai1_human
8JHN	gnao_human	A	gbb1_human	B	gbg2_human	G	Engineered miniGαo protein.	A	B	D	gnao_human	gnao_human
8JHY	gnai1_human	D	gbb1_human	B	gbg2_human	C	Engineered dominant-negative G protein with S47N, G203A, E245A, and A326S mutations.	C	A	B	gnai1_human	gnai1_human
8JII	gnai1_human	D	gbb1_human	B	gbg2_human	C	Engineered dominant-negative G protein alpha i1 with S47N, G203A, E245A, and A326S mutations.	C	A	B	gnai1_human	gnai1_human
8JIL	gnai1_human	D	gbb1_human	B	gbg2_human	C	Engineered dominant-negative G protein with S47N, G203A, E245A, and A326S mutations.	C	A	B	gnai1_human	gnai1_human
8JIM	gnai1_human	D	gbb1_human	B	gbg2_human	C	Engineered Gi1 protein with dominant-negative mutations S47N, G203A, E245A, and A326S.	C	A	B	gnai1_human	gnai1_human
8JIQ	gnas2_human	A	gbb1_rat	B	gbg2_bovin	C	Engineered dominant-negative Gs protein (DNGαs).	A	B	C	gnas2_human	gnas2_human
8JIS	gnas2_human	A	gbb1_rat	B	gbg2_bovin	G	Engineered mini-Gs protein; a Gs/Gi chimera (UniProt accessions P63092 and P63096). The C-terminal alpha 5 helix is derived from Gs (gnas2_human), which dictates receptor coupling specificity.	A	B	D	gnas2_human	gnas2_human
8JIU	gnas2_human	A	gbb1_rat	B	gbg2_bovin	C	Engineered dominant-negative Gs protein (DNGs).	A	C	D	gnas2_human	gnas2_human
8JJP	gnai1_human	C	gbb1_human	B	gbg2_human	G	Engineered dominant-negative Gαi1 with G203A and A326S mutations to stabilize the complex.	B	C	D	gnai1_human	gnai1_human
8JLO	gnas2_human	A	gbb1_human	B	gbg2_human	Y	Engineered dominant-negative Gs protein with multiple mutations (S54N, G226A, E268A, N271K, K274D, R280K, T284D, I285T, and A366S) used to stabilize the complex.	A	B	D	gnas2_human	gnas2_human
8JLZ	gnas2_human	A	gbb1_human	B	gbg2_human	G	Dominant negative Gs protein (DNGas).	A	B	C	gnas2_human	gnas2_human
8JPN	gnai1_human	A	gbb1_human	B	gbg2_human	C	Gi1 heterotrimer stabilized by scFv16.	A	B	C	gnai1_human	gnai1_human
8JR9	gnas2_human	A	gbb1_human	B	gbg2_human	G	Gs/Gi chimera based on bovine Gs with human Gi N-terminus (M1-M18) and AHD (Y61-K180), eight stabilizing substitutions (G49D, E50N, L63Y, A249D, S252D, L272D, I372A, V375I), and a deletion (N254-T263).	A	B	C	gnas2_human	gnas2_human
8JSP	gnai1_human	A	gbb1_human	B	gbg2_human	G	Wild-type human G protein Gi1 subunit alpha. G-gamma-2 is human (sequence-identical to bovine).	A	B	D	gnai1_human	gnai1_human
8JT6	gnai1_human	A	gbb1_human	B	gbg2_human	G	Engineered dominant-negative Galpha-i1 with S47N, G203A, A326S, and E245A mutations.	A	B	D	gnai1_human	gnai1_human
8JXT	gnai1_human	B	gbb1_human	C	gbg2_human	D	Engineered dominant-negative Gαi1 protein with G203A and A326S mutations.	A	B	C	gnai1_human	gnai1_human
8JXV	gnai1_human	B	gbb1_human	C	gbg2_human	D	Dominant-negative Gai1 mutant bearing G203A and A326S mutations.	A	B	C	gnai1_human	gnai1_human
8JXW	gnai1_human	B	gbb1_human	C	gbg2_human	D	Engineered dominant-negative Galpha i1 with S47N, G203A, A326S, and E245A mutations.	A	B	C	gnai1_human	gnai1_human
8JXX	gnai1_human	B	gbb1_human	C	gbg2_human	D	Engineered dominant-negative G protein with S47N, G203A, A326S, and E245A mutations.	B	C	D	gnai1_human	gnai1_human
8JZ7	gnai1_human	D	gbb1_human	B	gbg2_human	C	Engineered dominant-negative Gi1 protein with S47N, G203A, E245A, and A326S mutations.	C	A	B	gnai1_human	gnai1_human
8JZP	gnao_human	B	gbb1_human	C	gbg2_human	G	G protein alpha subunit is identified as G(o).	B	C	E	gnao_human	gnao_human
8JZZ	gnao_human	C	gbb1_human	B	gbg2_human	G	Engineered mini-Go protein (miniGao1) with an ScFv16 binding sequence at the N-terminus.	B	A	C	gnao_human	gnao_human
8K2X	gnai1_human	A	gbb1_human	B	gbg2_human	G	Engineered dominant-negative Gi (DNGi) protein used for complex stabilization.	A	B	C	gnai1_human	gnai1_human
8K4N	gnai1_human	A	gbb1_human	B	gbg2_human	C	Gi heterotrimer complex.	A	B	C	gnai1_human	gnai1_human
8K4O	gnai1_human	C	gbb1_human	B	gbg2_human	G	Engineered dominant-negative Gi1 (DNGai1) protein.	D	C	E	gnai1_human	gnai1_human
8K4P	gnai1_human	C	gbb1_human	B	gbg2_human	G	Dominant-negative Gαi1 (DNGαi1).	C	A	D	gnai1_human	gnai1_human
8K6M	gnai2_human	A	gbb1_human	B	gbg2_human	C		A	B	C	gnai2_human	gnai2_human
8K6N	gnai2_human	A	gbb1_human	B	gbg2_human	C		A	B	C	gnai2_human	gnai2_human
8K6O	gnai2_human	A	gbb1_human	B	gbg2_human	C	Heterotrimeric Gi2 protein.	A	B	C	gnai2_human	gnai2_human
8K9L	f6vl43_macmu	A	gbb1_human	B	gbg2_human	G	G protein subunit alpha i3 from Macaca mulatta.	C	D	E	gnai3_human	f6vl43_macmu
8KFX	gnai1_human	A	gbb1_human	B	gbg2_human	C	Engineered dominant-negative Gαi1 with S47N, G203A, and A326S mutations. Gβ1 contains a C-terminal HiBiT tag.	A	B	C	gnai1_human	gnai1_human
8KFY	gnai1_human	A	gbb1_human	B	gbg2_human	C	Engineered dominant-negative mutant of Gαi1 containing mutations S47N, G203A, and A326S.	A	B	C	gnai1_human	gnai1_human
8KFZ	gnai1_human	A	gbb1_human	B	gbg2_human	C	Engineered dominant-negative Gαi1 containing three point mutations: S47N, G203A, and A326S. Gβ1 contains a C-terminal HiBiT tag.	B	C	D	gnai1_human	gnai1_human
8KGG	gna13_human	A	gbb1_human	B	gbg2_human	G	Engineered mini-G13/i protein: chimeric construct with a mini-Gs backbone, Gai1 N-terminus (residues 1-23), and G13-derived alpha5 specificity helix (residues FRDVKDTILHDNLKQLMLQ).	A	B	D	gna13_human	gnai2_human
8KGK	gnas2_human	B	gbb1_human	C	gbg2_human	D	Mini-Gs protein (mini-Gαs399) engineered for stability; metadata indicates a Gs/Golf chimera (accessions P63092 and P38405). The paper notes the receptor and G-alpha were expressed as a fusion protein.	B	C	D	gnas2_human	gnal_human
8KH4	gnas2_human	B	gbb1_human	C	gbg2_human	D	Engineered 'mini-Gs' protein used to stabilize the active-state complex.	B	C	E	gnas2_human	gnal_human
8KH5	gnas2_human	B	gbb1_human	C	gbg2_human	D	Engineered mini-Gs protein (mini-Gs399) fused to the C-terminus of the receptor. Chain B contains the Gs alpha subunit fragment.	B	C	E	gnas2_human	gnas2_human
8P12	gnai1_human	A	gbb1_bovin	B	gbg1_bovin	G	Human/Bovine Gi heterotrimer complex. Subunits are from different species but are not engineered chimeras.	B	C	D	gnai1_human	gnai1_human
8P13	gnai1_human	A	gbb1_bovin	B	gbg1_bovin	G	Heterotrimeric Gi complex comprising human Galpha-i1 and bovine Gbeta1gammaT1.	B	C	D	gnai1_human	gnai1_human
8P15	gnai1_human	A	gbb1_bovin	B	gbg1_bovin	G	The complex contains human Galpha-i1, bovine Gbeta-1, and bovine G-gamma-T1 subunits.	B	C	D	gnai1_human	gnai1_human
8PKM	gnai1_human	A	gbb1_human	B	gbg2_human	G	Engineered dominant-negative G(i) subunit alpha-1 with mutations S47N, G203A, E245A, and A326S to stabilize the nucleotide-free complex.	A	B	C	gnai1_human	gnai1_human
8PM2	gnas2_human	A	gbb1_human	B	gbg2_human	G	Engineered mini-Gs heterotrimer (mini-Gs399). The alpha subunit is a truncated Gs isoforms short.	A	B	C	gnas2_human	gnas2_human
8POK	gnas2_human	B	gbb1_human	C	gbg2_human	D	Human heterotrimeric Gs protein (short splice variant alpha, beta1, gamma2). Beta-1 subunit contains an HRV 3C protease site and N-terminal His-tag.	B	C	D	gnas2_human	gnas2_human
8QJ2	gnas2_human	B	gbb1_human	C	gbg2_human	G	Engineered dominant-negative Gs protein (DNGs) containing 8 mutations to enhance active-state stability.	A	B	C	gnas2_human	gnas2_human
8S2T	gnas2_human	A	gbb1_human	B	gbg2_human	C	Human Gs heterotrimer; the alpha subunit is the Gnas-2 short splice variant.	A	B	C	gnas2_human	gnas2_human
8SAI	gnai1_human	D	gbb1_human	E	gbg2_human	C	Heterotrimeric Gi1 complex.	C	D	B	gnai1_human	gnai1_human
8SG1	gnai1_human	A	gbb1_human	B	gbg2_human	G	Engineered dominant negative Gai1 with 4 mutations: S47N, G203A, E245A, and A326S.	D	B	C	gnai1_human	gnai1_human
8SMV	gnas2_human	A	gbb1_human	B	gbg2_human	G	Engineered miniGs construct (Gαs GTPase domain) fused to the C-terminus of the receptor.	D	E	B	gnas2_human	gnas2_human
8TYW	gnas2_human	C	gbb1_human	B	gbg2_human	G	Engineered dominant-negative Gs protein with S54N, G226A, E268A, N271K, K274D, R280K, T284D, and I285T mutations.	C	B	D	gnas2_human	gnas2_human
8TZQ	gnao_human	B	gbb1_human	A	gbg2_human	C	GoA K46E ('pinKE') mutant. This mutation prevents guanine nucleotide binding.	E	B	C	gnao_human	gnao_human
8U02	gnao_human	B	gbb1_human	A	gbg2_human	C	Engineered G protein alpha subunit with K46E (pinKE) point mutation.	B	C	D	gnao_human	gnao_human
8U1U	gnai1_human	B	gbb1_human	C	gbg2_human	D	G protein Gi1 heterotrimer.	B	C	D	gnai1_human	gnai1_human
8U26	gnas2_human	A	gbb1_human	B	gbg2_human	G	Engineered miniGs399 protein (a stabilized mini-G alpha subunit).	A	B	C	gnas2_human	gnas2_human
8U4N	gnai1_human	A	gbb1_human	B	gbg2_human	C	Engineered dominant-negative Gαi1 construct with S47C, G202T, G203A, E245A, and A326S mutations.	A	B	C	gnai1_human	gnai1_human
8U4O	gnai1_human	A	gbb1_human	B	gbg2_human	C	Engineered dominant-negative Galpha_i1 with S47C, G202T, G203A, E245A, and A326S mutations.	B	C	D	gnai1_human	gnai1_human
8U4P	gnai1_human	A	gbb1_human	B	gbg2_human	C	Engineered dominant-negative Gαi1 (Gαi1-DN) containing S47C, G202T, G203A, E245A, and A326S mutations.	A	B	C	gnai1_human	gnai1_human
8U4Q	gnai1_human	A	gbb1_human	B	gbg2_human	C	Engineered dominant-negative Gi protein with mutations S47C, G202T, G203A, E245A, and A326S.	D	E	F	gnai1_human	gnai1_human
8U8F	gnas2_human	A	gbb1_human	B	gbg2_human	G	Engineered dominant-negative Gs alpha subunit.	A	B	C	gnas2_human	gnas2_human
8UGY	gnai1_human	A	gbb1_human	B	gbg2_human	G	Dominant-negative Gαi1 (DNGαi1) with S47N, G203A, E245A, and A326S mutations.	A	B	C	gnai1_human	gnai1_human
8UH3	gnai1_human	A	gbb1_human	B	gbg2_human	G	Engineered G protein; the paper notes that the Gi1 complex was stabilized in an active conformation, and mentions mutations (S47N, G203A, E245A, A326S) in the related mianserin-bound structure.	B	A	E	gnai1_human	gnai1_human
8UNL	gnas2_human	A	gbb1_human	B	gbg2_human	G	Human Gs heterotrimer; alpha subunit is the short splice variant.	A	B	C	gnas2_human	gnas2_human
8UNM	gnas2_human	A	gbb1_human	B	gbg2_human	G	Gs-short splice variant.	A	B	C	gnas2_human	gnas2_human
8UNN	gnas2_human	A	gbb1_human	B	gbg2_human	G	Human Gs short isoform (Gs short).	A	B	C	gnas2_human	gnas2_human
8UNO	gnas2_human	A	gbb1_human	B	gbg2_human	G	Native human Gs heterotrimer (short splice variant).	A	B	C	gnas2_human	gnas2_human
8UNP	gnas2_human	A	gbb1_human	B	gbg2_human	G	Short splice variant of human G-alpha-s (isoform 4 of P63092).	A	B	C	gnas2_human	gnas2_human
8UNQ	gnas2_human	A	gbb1_human	B	gbg2_human	G	G protein alpha subunit is the short splice variant (Gs-short).	A	B	C	gnas2_human	gnas2_human
8UNR	gnas2_human	A	gbb1_human	B	gbg2_human	G	Human Gs subunit alpha isoforms short (P63092).	A	B	C	gnas2_human	gnas2_human
8UNS	gnas2_human	A	gbb1_human	B	gbg2_human	G	Human Gs short splice variant.	A	B	C	gnas2_human	gnas2_human
8UNT	gnas2_human	A	gbb1_human	B	gbg2_human	G	Short splice variant of Gs alpha (Gnas2).	A	B	C	gnas2_human	gnas2_human
8UNU	gnas2_human	A	gbb1_human	B	gbg2_human	G	Human Gαs-short splice variant.	A	B	C	gnas2_human	gnas2_human
8UNV	gnas2_human	A	gbb1_human	B	gbg2_human	G	Heterotrimeric Gs protein (alpha-short isoform).	A	B	C	gnas2_human	gnas2_human
8UNW	gnas2_human	A	gbb1_human	B	gbg2_human	G	Gαs short splice variant.	A	B	C	gnas2_human	gnas2_human
8UNX	gnas2_human	A	gbb1_human	B	gbg2_human	G	Gs heterotrimer; alpha short splice variant.	A	B	C	gnas2_human	gnas2_human
8UNY	gnas2_human	A	gbb1_human	B	gbg2_human	G	Human Gs-alpha short splice variant (gnas2_human).	A	B	C	gnas2_human	gnas2_human
8UNZ	gnas2_human	A	gbb1_human	B	gbg2_human	G	Human Gαs-short splice variant used.	A	B	C	gnas2_human	gnas2_human
8UO0	gnas2_human	A	gbb1_human	B	gbg2_human	G	Human Gs heterotrimer consisting of G-alpha-s (short isoform), G-beta-1, and G-gamma-2.	A	B	C	gnas2_human	gnas2_human
8UO1	gnas2_human	A	gbb1_human	B	gbg2_human	G	Human Gαs-short splice variant.	A	B	C	gnas2_human	gnas2_human
8UO2	gnas2_human	A	gbb1_human	B	gbg2_human	G	Human Gαs short splice variant.	A	B	C	gnas2_human	gnas2_human
8UO3	gnas2_human	A	gbb1_human	B	gbg2_human	G	The G alpha subunit is the human Gs-short splice variant (isoform 2).	A	B	C	gnas2_human	gnas2_human
8UO4	gnas2_human	A	gbb1_human	B	gbg2_human	G	Human Gs alpha short splice variant (gnas2_human).	A	B	C	gnas2_human	gnas2_human
8UTD	gnai1_human	A	gbb1_human	B	gbg2_human	C	Engineered dominant-negative G alpha i1 protein.	C	D	E	gnai1_human	gnai1_human
8UUJ	gnai1_human	A	gbb1_human	B	gbg2_human	C	Engineered dominant-negative human Gai1.	A	D	E	gnai1_human	gnai1_human
8VHF	gnas2_human	A	gbb1_human	B	gbg2_human	C	Engineered dominant-negative Gs protein (DNGs) with eight mutations: S54N, G226A, E268A, N271K, K274D, R280K, T284D, and I285T. The G beta subunit is fused to HiBiT.	D	A	B	gnas2_human	gnas2_human
8VVE	gnai1_human	B	gbb1_human	C	gbg2_human	D	Wild-type human Gi heterotrimer.	D	B	C	gnai1_human	gnai1_human
8VVF	gnai1_human	B	gbb1_human	C	gbg2_human	D	Wild-type human Gi1 heterotrimer.	D	B	C	gnai1_human	gnai1_human
8VY7	gnai1_human	A	gbb1_human	B	gbg2_human	C	Engineered dominant-negative Gαi1 subunit with S47N, G203A, E245A, and A326S mutations. Gβ1 is fused with HiBit at the C-terminus.	A	B	C	gnai1_human	gnai1_human
8W87	gnas2_human	A	gbb1_human	B	gbg2_human	G	Engineered dominant-negative mini-Gs protein with G226A and A366S mutations.	A	B	C	gnas2_human	gnas2_human
8W88	gnas2_human	A	gbb1_human	B	gbg2_human	G	Engineered dominant-negative Gs protein with G226A and A366S mutations.	A	B	C	gnas2_human	gnas2_human
8W89	gnas2_human	A	gbb1_human	B	gbg2_human	G	Engineered dominant-negative mini-Gs protein (short isoform) containing mutations G226A and A366S; residues 210–225 of Gs were replaced with residues from Gi (Gnai2) to facilitate Nanobody35 binding, and the alpha-helical domain was removed.	A	B	C	gnas2_human	gnai2_human
8W8A	gnas2_human	A	gbb1_human	B	gbg2_human	G	Engineered Gs heterotrimer with a mini-Gαs subunit containing dominant-negative mutations (G226A and A366S). The Gαs was originally fused to the C-terminus of TAAR1 and subsequently cleaved.	A	B	C	gnas2_human	gnai2_human
8W8B	gnai1_human	A	gbb1_human	B	gbg2_human	G	Engineered dominant-negative Galpha-i1 protein with S47N, G203A, A326S, and E245A mutations.	A	B	D	gnai1_human	gnai1_human
8W8Q	gnas2_human	A	gbb1_human	B	gbg2_human	G	Native human Gs short isoform heterotrimer.	B	C	D	gnas2_human	gnas2_human
8W8W	gnas2_human	A	gbb1_rat	B	gbg2_bovin	G	G protein Gs heterotrimer.	F	B	C	gnas2_human	gnas2_human
8W8Y	gnas2_human	A	gbb1_rat	B	gbg2_bovin	G	Gs protein heterotrimer.	F	C	D	gnas2_human	gnas2_human
8WC3	gnas2_human	A	gbb1_human	B	gbg2_human	Y	Modified Gαs chimera based on mini-Gs scaffold where the N-terminus (residues 1-25) is replaced with the N-terminus of Gαi1 (residues 1-18) to facilitate scFv16 binding.	A	B	E	gnas2_human	gnas2_human
8WC4	gnas2_human	A	gbb1_human	B	gbg2_human	Y	Modified Gαs chimera based on a mini-Gs scaffold where the N-terminus (residues 1-25) was replaced by the N-terminus of Gαi1 (residues 1-18) to facilitate scFv16 binding.	A	B	E	gnas2_human	gnas2_human
8WC5	gnas2_human	A	gbb1_human	B	gbg2_human	Y	Modified Gas chimera on a mini Gs scaffold where the N-terminus (residues 1-25) is replaced by the N-terminus of Gai1 (residues 1-18) to facilitate scFv16 binding.	A	B	E	gnas2_human	gnas2_human
8WC6	gnas2_human	A	gbb1_human	B	gbg2_human	Y	Chimeric Gs protein (mini-Gs scaffold) with N-terminal residues (1-25) replaced by Gi1 residues (1-18) to facilitate scFv16 binding.	A	B	F	gnas2_human	gnas2_human
8WC7	gnas2_human	A	gbb1_human	B	gbg2_human	Y	Gs/Gi1 chimera: generated using the mini-Gs scaffold with the N-terminus (residues 1-25) replaced by the N-terminus of Gai1 (residues 1-18) to facilitate scFv16 binding.	A	B	E	gnas2_human	gnas2_human
8WC8	gnas2_human	A	gbb1_human	B	gbg2_human	Y	Chimeric mini-Gs protein where the N-terminus (residues 1-25) of Gs is replaced with the N-terminus (residues 1-18) of Gi1 to facilitate scFv16 binding.	A	B	E	gnas2_human	gnas2_human
8WG7	gnas2_human	A	gbb1_rat	B	gbg2_bovin	G	Engineered dominant-negative Gs protein (DNGs) with 9 mutations (S54N, G226A, E268A, N271K, K274D, R280K, T284D, I285T, A366S) to stabilize the complex.	A	B	C	gnas2_human	gnas2_human
8WOG	gnai1_human	C	gbb1_human	D	gbg2_human	E	Engineered dominant-negative Gαi1 protein with G203A and A326S mutations.	B	C	D	gnai1_human	gnai1_human
8WP1	gnai1_human	C	gbb1_human	D	gbg2_human	E	Engineered dominant-negative Gs protein with G203A and A326S mutations.	B	C	D	gnai1_human	gnai1_human
8WSS	gnai1_human	A	gbb1_human	B	gbg2_human	G	Engineered Gαi1 protein with dominant-negative mutations (S47N, G203A, A326S, E245A) used to stabilize the complex.	A	B	C	gnai1_human	gnai1_human
8WWI	gnai1_human	A	gbb1_human	B	gbg2_human	C		A	B	C	gnai1_human	gnai1_human
8WWJ	gnai1_human	A	gbb1_human	B	gbg2_human	C		A	B	C	gnai1_human	gnai1_human
8WWK	gnai1_human	A	gbb1_human	B	gbg2_human	C	Heterotrimeric Gi1 protein.	A	B	C	gnai1_human	gnai1_human
8WWL	gnai1_human	A	gbb1_human	B	gbg2_human	C	Heterotrimeric Gi1 protein complex.	A	B	C	gnai1_human	gnai1_human
8WWM	gnai1_human	A	gbb1_human	B	gbg2_human	C	Standard human Gi1 heterotrimer.	A	B	C	gnai1_human	gnai1_human
8WWN	gnai1_human	A	gbb1_human	B	gbg2_human	C	Heterotrimeric Gi1 protein complex.	A	B	C	gnai1_human	gnai1_human
8X2K	gnas2_human	B	gbb1_human	C	gbg2_human	D	Wild-type Gs heterotrimer.	B	C	D	gnas2_human	gnas2_human
8X3L	gnai1_human	A	gbb1_human	B	gbg2_human	C	Wild-type Gi1 heterotrimer.	A	B	C	gnai1_human	gnai1_human
8X79	gnas2_human	A	gbb1_human	B	gbg2_human	G	Engineered miniGs protein complex; alpha subunit is a truncated miniGαs. The receptor C-terminus was fused to LgBiT and Gβ1 C-terminus was fused to HiBiT/SmBiT to stabilize the complex.	A	B	C	gnas2_human	gnas2_human
8X7A	gnas2_human	A	gbb1_human	B	gbg2_human	G	Engineered miniGalpha-s (short isoform) with deletions in the alpha-helical domain. Gbeta-1 is fused to SmBiT.	A	B	C	gnas2_human	gnas2_human
8XBE	gnai1_human	B	gbb1_rat	C	gbg2_bovin	D	Wild-type human Gi1 complex.	B	C	D	gnai1_human	gnai1_human
8XBH	gnai1_human	A	gbb1_rat	B	gbg2_bovin	G	Wild-type human G alpha i1, rat G beta 1, and bovine G gamma 2 subunits.	A	B	C	gnai1_human	gnai1_human
8XGM	gnai1_human	C	gbb1_human	B	gbg2_human	G	Engineered dominant-negative Gαi1 with G203A and A326S mutations.	D	C	E	gnai1_human	gnai1_human
8XGU	gnai1_human	C	gbb1_human	B	gbg2_human	G	Engineered dominant-negative Gi protein with G203A and A326S mutations.	B	C	D	gnai1_human	gnai1_human
8XML	gnai1_human	A	gbb1_human	B	gbg2_human	G	Engineered dominant-negative Galpha-i1 (DNGalpha-i1) with S47C, G202T, G203A, E245A, and A326S mutations. Gbeta1 is fused to a HiBiT tag.	B	C	D	gnai1_human	gnai1_human
8XOS	gnai1_human	A	gbb1_rat	B	gbg2_bovin	C	Engineered dominant-negative G protein with G203A and A326S mutations in the G alpha i1 subunit.	A	B	C	gnai1_human	gnai1_human
8XQE	gnai1_human	A	gbb1_human	B	gbg2_human	C	Gai1 with three dominant-negative mutations (S47N, G203A, A326S).	A	B	C	gnai1_human	gnai1_human
8XQF	gnai1_human	A	gbb1_human	B	gbg2_human	C	Engineered G protein with dominant-negative mutations S47N, G203A, and A326S.	A	B	C	gnai1_human	gnai1_human
8XWP	gnai1_human	A	gbb1_human	B	gbg2_human	C	Engineered dominant-negative Gαi1 (DNGαi1) with S47N, G203A, E245A, and A326A mutations.	C	D	E	gnai1_human	gnai1_human
8XWQ	gnai1_human	A	gbb1_human	B	gbg2_human	C	Wild-type Gi protein heterotrimer (as per Table 1). The PDB title suggests DNGI mutations but the paper's Table 1 specifically identifies 8XWQ as the wild-type Gi structure. Receptor includes R124Y mutation for stabilization.	C	D	E	gnai1_human	gnai1_human
8XWV	gnao_human	A	gbb1_human	B	gbg2_human	G	Engineered miniG protein (miniGαo) consisting of the GTPase domain (residues 1-240).	D	E	F	gnao_human	gnao_human
8XX3	gnao_human	A	gbb1_human	B	gbg2_human	G	Engineered mini-G alpha o subunit (miniGaoA).	D	E	F	gnao_human	gnao_human
8XX6	gnao_human	A	gbb1_human	B	gbg2_human	G	Engineered miniGaoA protein (truncated GTPase domain).	D	E	F	gnao_human	gnao_human
8XX7	gnao_human	A	gbb1_human	E	gbg2_human	G	Engineered mini-Galpha o protein (miniGaoA).	E	F	G	gnao_human	gnao_human
8XXH	gnao_human	A	gbb1_human	B	gbg2_human	G	Engineered miniG protein (miniGaoA).	A	B	C	gnao_human	gnao_human
8XXR	gnao_human	A	gbb1_human	B	gbg2_human	G	Engineered miniGaoA subunit (truncated GTPase domain of Gαo).	B	C	D	gnao_human	gnao_human
8XXV	gnai1_human	B	gbb1_human	C	gbg2_human	D	Engineered Gαi1 with four dominant-negative mutations (S47N, G203A, E245A, and A326S).	B	C	D	gnai1_human	gnai1_human
8XXX	gnao_human	A	gbb1_human	B	gbg2_human	G	Engineered mini-GaoA protein used for stabilization.	C	D	E	gnao_human	gnao_human
8XXZ	gnao_human	A	gbb1_human	B	gbg2_human	G	Engineered miniGao protein comprising only the GTPase domain of the G alpha o subunit for stabilization.	A	B	C	gnao_human	gnao_human
8XYD	gnai1_human	D	gbb1_human	B	gbg2_human	C	Engineered Gi protein with G203A and A326S mutations. The Gai subunit's alpha-helical domain is not modeled.	D	B	C	gnai1_human	gnai1_human
8XYK	gnao_human	A	gbb1_human	B	gbg2_human	G	Engineered miniGαo protein comprising only the GTPase domain, with the alpha-helical domain replaced by a linker sequence.	B	C	D	gnao_human	gnao_human
8XZF	gnai1_human	A	gbb1_human	B	gbg2_human	G	Engineered dominant-negative Gai1 mutant with mutations to decrease nucleotide-binding affinity and increase complex stability.	B	C	D	gnai1_human	gnai1_human
8XZG	gnai1_human	A	gbb1_human	B	gbg2_human	G	Engineered dominant-negative G(i)1 mutant used for complex stabilization.	A	B	C	gnai1_human	gnai1_human
8XZH	gnai1_human	A	gbb1_human	B	gbg2_human	G	Human dominant-negative (DN) Gai1 was generated by site-directed mutagenesis to decrease nucleotide-binding affinity and increase complex stability.	B	C	D	gnai1_human	gnai1_human
8XZI	gnai1_human	A	gbb1_human	B	gbg2_human	G	Engineered dominant-negative Gai1 (DNGi) with mutations to decrease nucleotide affinity and increase complex stability.	B	C	D	gnai1_human	gnai1_human
8XZJ	gnai1_human	A	gbb1_human	B	gbg2_human	G	Engineered dominant-negative Gai1 (DN-Gai1) used for stabilization.	B	C	D	gnai1_human	gnai1_human
8Y01	gnai1_human	A	gbb1_human	B	gbg2_bovin	G	Dominant-negative Giα1 with five mutations (S47C, G202T, G203A, E245A, A326S) to decrease nucleotide affinity. Gβ1 has a C-terminal HiBiT tag.	B	C	D	gnai1_human	gnai1_human
8Y02	gnai1_human	A	gbb1_human	B	gbg2_bovin	G	Dominant-negative mutant Giα1 with S47C, G202T, G203A, E245A, and A326S mutations.	A	B	C	gnai1_human	gnai1_human
8Y0N	gnao_human	A	gbb1_human	B	gbg2_human	G	Engineered miniGao protein comprising only the GTPase domain of the heterotrimeric G-protein alpha subunit.	A	B	C	gnao_human	gnao_human
8Y45	gnai2_human	D	gbb1_human	B	gbg2_human	C	Engineered dominant-negative Gαi2 protein with S47N, G204A, E246A, and A327S mutations.	C	B	E	gnai2_human	gnai2_human
8Y51	gnaq_human	A	gbb1_human	B	gbg2_human	G		A	B	C	gnaq_human	gnaq_human
8Y62	gnai1_human	A	gbb1_human	B	gbg2_human	C	Human Gi1 heterotrimer.	A	B	C	gnai1_human	gnai1_human
8Y63	gnai1_human	A	gbb1_human	B	gbg2_human	C	Human Gi1 heterotrimer; the beta-1 subunit harbors an N-terminal 6xHis tag and 3C protease site.	B	C	D	gnai1_human	gnai1_human
8Y6W	gnai1_human	A	gbb1_human	B	gbg2_human	C	Wild-type human Gi1 heterotrimer.	A	B	C	gnai1_human	gnai1_human
8Y71	gnai1_human	A	gbb1_rat	B	gbg2_bovin	C	Engineered dominant-negative Gαi1 protein with G203A and A326S mutations.	A	B	C	gnai1_human	gnai1_human
8Y72	gnai1_human	A	gbb1_rat	B	gbg2_bovin	C	Engineered dominant-negative Gαi1 protein with G203A and A326S mutations.	A	B	C	gnai1_human	gnai1_human
8Y73	gnai1_human	A	gbb1_rat	B	gbg2_bovin	C	Engineered dominant-negative Gi1 protein with G203A and A326S mutations.	A	B	C	gnai1_human	gnai1_human
8YFO	gnas2_human	A	gbb1_human	B	gbg2_human	G	Gs heterotrimer; alpha-5 tail sequence QRMHLRQYELL confirms Gnas2 identity.	A	B	C	gnas2_human	unknown
8YG4	gnas2_human	A	gbb1_human	B	gbg2_human	G		A	B	C	gnas2_human	unknown
8YIC	gnai1_human	A	gbb1_human	B	gbg2_human	C	Heterotrimeric Gi1 protein.	A	B	C	gnai1_human	gnai1_human
8YKV	gnai1_human	A	gbb1_rat	B	gbg2_bovin	G	Engineered Gi protein used for stabilization.	A	B	D	gnai1_human	gnai1_human
8YKW	gnai1_human	A	gbb1_rat	B	gbg2_bovin	G	Engineered Gi protein with dominant-negative mutations (Gi engineering mentioned in paper).	A	B	D	gnai1_human	gnai1_human
8YKX	gnai1_human	A	gbb1_rat	B	gbg2_bovin	G	Engineered Gi protein.	B	C	E	gnai1_human	gnai1_human
8YN3	gnas2_human	A	gbb1_human	B	gbg2_human	C	Engineered miniGs protein with two extra mutations (G226A and A366S). Only the C-terminal/alpha5-containing fragment of the alpha subunit is modeled.	A	B	C	gnas2_human	unknown
8YN5	gnai1_human	A	gbb1_human	B	gbg2_human	C	Engineered dominant-negative Gαi1 protein with S47N, G203A, E245A, and A326S mutations.	A	B	C	gnai1_human	gnai1_human
8YN6	gnai1_human	A	gbb1_human	B	gbg2_human	C	Engineered dominant-negative Gαi1 with S47N, G203A, E245A, and A326S mutations.	A	B	C	gnai1_human	gnai1_human
8YN7	gnao_human	A	gbb1_human	B	gbg2_human	C	Engineered miniGo protein (miniGao49). The G protein is an engineered truncation but remains derived from a single human Go alpha parent (P09471).	A	B	C	gnao_human	gnao_human
8YN8	gnao_human	A	gbb1_human	B	gbg2_human	C	Engineered miniGo protein with point mutations and truncations to stabilize the complex.	A	B	C	gnao_human	gnao_human
8YN9	gnai1_human	A	gbb1_human	B	gbg2_human	C	Engineered dominant-negative Gi1 protein with S47N, G203A, E245A, and A326S mutations.	A	B	C	gnai1_human	gnai1_human
8YNA	gnai1_human	A	gbb1_human	B	gbg2_human	C	Engineered dominant-negative Gαi1 with S47N, G203A, E245A, and A326S mutations.	A	B	C	gnai1_human	gnai1_human
8YUT	gnas2_human	A	gbb1_human	B	gbg2_human	G	Engineered dominant-negative bovine Gs protein. Note: Metadata lists both gnas2_human and gnai1_human IDs, but the paper and alpha5 tail sequence ('QRMHLRQYELL') confirm Gs.	A	B	C	gnas2_human	gnas2_human
8YUV	gnai1_human	A	gbb1_human	B	gbg2_human	G	Engineered dominant-negative human Gi1 (DNGi1) with site-directed mutations for stabilization.	A	B	C	gnai1_human	gnai1_human
8YW3	gnas2_human	A	gbb1_human	B	gbg2_human	G	Guanine nucleotide-binding protein G(s) subunit alpha isoforms short.	C	B	E	gnas2_human	gnas2_human
8YW4	gnas2_human	A	gbb1_human	B	gbg2_human	G	Engineered Mini-Gs protein.	A	B	C	gnas2_human	gnas2_human
8YW5	gnas2_human	A	gbb1_human	B	gbg2_human	G	G(s) subunit alpha isoforms short; native human sequence.	C	D	E	gnas2_human	gnas2_human
8YWF	gnas2_human	A	gbb1_human	B	gbg2_human	G	Gα chimera; although UniProt gnai1 is listed, the alpha5 tail 'QRMHLRQYELL' is the canonical Gs sequence, indicating a Gs-based signaling partner or Gs/Gi chimera as per GPCRdb standards.	A	B	C	gnas2_human	gnai1_human
8Z3Q	gnas2_human	A	gbb1_human	B	gbg2_human	G	The alpha subunit is the short isoform of Gs.	A	B	C	gnas2_human	unknown
8Z3Y	gnas2_human	A	gbb1_human	B	gbg2_human	G	Modified Gs alpha chimera (modGas) containing the N-terminus of Gi1 to facilitate scFv16 binding, as described in Reference 40.	A	B	C	gnas2_human	unknown
8Z5H	gnas2_human	A	gbb1_human	B	gbg2_human	G	G protein Gs heterotrimer.	A	B	C	gnas2_human	unknown
8Z65	gnas2_human	A	gbb1_human	B	gbg2_human	G	G(s) subunit alpha isoforms short	A	B	C	gnas2_human	unknown
8Z68	gnas2_human	A	gbb1_human	B	gbg2_human	G	G protein Gs subunit alpha short isoform.	A	B	C	gnas2_human	unknown
8Z7J	gnai1_human	A	gbb1_human	B	gbg2_human	C	Engineered dominant-negative Gαi1 protein with S47N, G203A, and A326S mutations.	A	B	C	gnai1_human	gnai1_human
8Z87	gnai1_human	A	gbb1_human	B	gbg2_human	G	Engineered dominant-negative Gαi1 (DNGαi1).	B	C	D	gnai1_human	gnai1_human
8Z8A	gnai1_human	A	gbb1_human	B	gbg2_human	G	Engineered dominant-negative Gi1 protein (DNGαi1) with stabilizing mutations.	B	C	D	gnai1_human	gnai1_human
8Z8B	gnai1_human	A	gbb1_human	B	gbg2_human	G	Engineered dominant-negative Gαi1 (DNGαi1) with G203A and A326S mutations to stabilize the heterotrimer.	B	C	D	gnai1_human	gnai1_human
8ZBI	gnai1_human	B	gbb1_human	C	gbg2_human	E	Heterotrimeric Gi1 protein complex.	A	B	C	gnai1_human	gnai1_human
8ZBJ	gnai1_human	A	gbb1_human	C	gbg2_human	E	Wild-type Gi1 heterotrimer.	F	B	C	gnai1_human	gnai1_human
8ZBW	gnai2_human	A	gbb1_human	B	gbg2_human	C	Engineered dominant-negative Gαi2 with S47N, G203A, A326S, and E245A mutations to diminish nucleotide-binding affinity and stabilize the complex. Gβ1 is fused to a HiBiT peptide at the C-terminus.	A	B	C	gnai2_human	gnai2_human
8ZCE	gnas2_human	A	gbb1_human	B	gbg2_human	C	Engineered dominant-negative human Gs protein (DNGas) with 8 mutations (S54N, G226A, E268A, N271K, K274D, R280K, T284D, and I285T).	A	B	C	gnas2_human	gnas2_human
8ZCF	gnas2_human	A	gbb1_human	B	gbg2_human	C	Engineered dominant-negative Gs protein (DNGs) with 8 mutations: S54N, G226A, E268A, N271K, K274D, R280K, T284D, and I285T.	A	B	C	gnas2_human	gnas2_human
8ZCJ	gnai1_human	B	gbb1_rat	C	gbg2_bovin	D	Engineered dominant-negative Gαi1 (DNGi1) with G203A and A326S mutations. The Gβ1 subunit contains a C-terminal HiBit fusion.	A	B	C	gnai1_human	gnai1_human
8ZD1	gnas2_human	A	gbb1_human	B	gbg2_human	G	Engineered dominant-negative Gs protein with G226A mutation.	A	B	C	gnas2_human	gnas2_human
8ZF6	gnas2_human	A	gbb1_human	B	gbg2_human	G	"Engineered Gs subunit (""modGas"") with mutations to facilitate stabilization and G protein coupling."	A	B	C	gnas2_human	gnas2_human
8ZF9	gnas2_human	A	gbb1_human	B	gbg2_human	G	Engineered chimeric Gs subunit (mGs) where the alpha-helical domain (residues 67-203) was replaced with that of Gi1 (residues 61-180) to improve complex stability, as described in ref 48 (Nature 2020).	A	B	C	gnas2_human	gnas2_human
8ZFC	gnas2_human	A	gbb1_human	B	gbg2_human	G	Modified Gas chimera (modGas) as described in the paper methods and reference 48. Engineered to stabilize the signaling complex.	A	B	C	gnas2_human	gnas2_human
8ZFZ	gnas2_human	A	gbb1_human	B	gbg2_human	G	Engineered mini-Gs protein (mini-GαsIN) with the N-terminal helix (αN) replaced by the equivalent region from Gαi to facilitate binding of scFv16.	C	A	E	gnas2_human	gnas2_human
8ZJG	gnai1_human	C	gbb1_human	B	gbg2_human	G	Engineered dominant-negative Gαi1 with G203A and A326S mutations.	C	B	D	gnai1_human	gnai1_human
8ZME	gna13_human	A	gbb1_human	B	gbg2_human	G	Engineered mini-Gαi/13 protein chimera. It contains the N-terminal residues (1-15) of human Gαi2 (P63096) and the core/C-terminus of human Gα13 (Q14344), further engineered as a 'mini-G' protein for stability.	A	B	D	gna13_human	unknown
8ZQE	gnai1_human	A	gbb1_human	B	gbg2_human	C	Gi1 heterotrimer	A	B	C	gnai1_human	gnai1_human
8ZR5	gnas2_human	A	gbb1_human	B	gbg2_human	G	G protein Gs heterotrimer.	A	B	C	gnas2_human	gnas2_human
8ZRK	gnas2_human	A	gbb1_human	B	gbg2_human	G	G protein Gs subunit alpha isoforms short.	A	B	C	gnas2_human	gnas2_human
8ZSJ	gnas2_human	A	gbb1_human	B	gbg2_human	G	Engineered mini-Gs protein (mini-Gas); a Gai/Gs chimera containing the C-terminal α5 helix from Gs (P63092) and the body of Gai2 (P04899).	A	B	C	gnas2_human	gnai2_human
8ZSP	gnas2_human	A	gbb1_human	B	gbg2_human	G	Engineered mini-Gs protein. Metadata accessions P04899 (gnai2_human) and P63092 (gnas2_human) indicate a chimeric construct where Gs segments are replaced with Gi residues for stability.	A	B	C	gnas2_human	gnai2_human
8ZSS	gnas2_human	A	gbb1_human	B	gbg2_human	G	Engineered mini-Gs protein; a chimera composed of Gs (gnas2_human) and Gi (gnai2_human) segments, as indicated by the presence of two UniProt IDs in the PDB metadata and the 'mini-Gs' designation in the paper.	A	B	C	gnas2_human	gnai2_human
8ZSV	gnas2_human	A	gbb1_human	B	gbg2_human	G	Engineered mini-Gs protein; metadata indicates a chimera with components from Gnai2 (P04899) and Gnas2 (P63092).	A	B	C	gnas2_human	gnai2_human
8ZVZ	gnas2_human	A	gbb1_human	B	gbg2_human	G	Engineered dominant-negative Gs protein with mutations S54N, G226A, E268A, N271K, K274D, R280K, T284D, and I285T; also modified with NanoBiT (HiBiT fused to Gbeta).	A	B	D	gnas2_human	gnas2_human
8ZW0	gnas2_human	A	gbb1_human	B	gbg2_human	G	Engineered dominant-negative Gs protein with S54N, G226A, E268A, N271K, K274D, R280K, T284D and I285T mutations.	A	B	D	gnas2_human	gnas2_human
8ZWG	gnai1_human	B	gbb1_rat	C	a0a1s3wms4_erieu	G		B	C	E	gnai1_human	gnai1_human
8ZX4	gna13_human	A	gbb1_human	B	gbg2_human	G	Engineered miniGalpha 13 subunit.	A	B	C	gna13_human	gna13_human
8ZX5	gna13_human	A	gbb1_human	B	gbg2_human	G	Engineered miniGalpha 13 subunit.	A	B	C	gna13_human	gna13_human
9AUC	gnas2_human	A	gbb1_human	B	gbg2_human	G	Engineered dominant-negative Gs protein with G226A mutation.	A	B	C	gnas2_human	gnas2_human
9B54	gnai1_human	A	gbb1_human	B	gbg2_human	C	The complex contains a standard Gi1 heterotrimer (Gαi1, Gβ1, Gγ2).	A	B	C	gnai1_human	gnai1_human
9B65	gnai1_human	A	gbb1_human	B	gbg2_human	C		A	B	C	gnai1_human	gnai1_human
9BHL	gnas2_human	A	gbb1_human	B			Engineered miniGs399 protein; G-gamma subunit is not present in the PDB structure.	A	B		gnas2_human	gnas2_human
9BHM	gnas2_human	A	gbb1_human	B			Engineered miniGs protein.	B	C		gnas2_human	gnas2_human
9BIP	gnas2_human	A	gbb1_human	B	gbg2_human	G	Engineered miniGs protein (miniGs399) used to stabilize the active state receptor complex.	A	B	C	gnas2_human	unknown
9BLB	gnas2_human	A	gbb1_human	B	gbg2_human	G	Engineered dominant-negative Gs protein (DNGs).	C	D	E	gnas2_human	gnas2_human
9BLC	gnas2_human	A	gbb1_human	B	gbg2_human	G	Engineered dominant-negative Gs protein.	C	D	E	gnas2_human	gnas2_human
9BLW	gnas2_human	A	gbb1_human	B	gbg2_human	G	Engineered dominant-negative Gs protein (DNGs).	A	B	C	gnas2_human	gnas2_human
9BQJ	gnai1_human	A	gbb1_human	B	gbg2_human	C	Wild-type Gi1 heterotrimer used for complex formation.	D	A	B	gnai1_human	gnai1_human
9BSB	gnao_human	A	gbb1_human	B	gbg2_human	C	Engineered mini-GoA protein. The alpha subunit is a truncated mini-G protein version of Gnao1.	E	A	B	gnao_human	gnao_human
9BTW	gnas2_human	A	gbb1_human	B	gbg2_human	G	Engineered dominant-negative Gs protein (DNGs).	D	E	F	gnas2_human	gnas2_human
9BUC	gnas2_human	A	gbb1_human	B	gbg2_human	G	Engineered dominant-negative Gs protein (DNGs).	C	D	E	gnas2_human	gnas2_human
9BUD	gnas2_human	A	gbb1_human	B	gbg2_human	G	Engineered dominant-negative Gs protein (DNGs).	C	D	E	gnas2_human	gnas2_human
9BUE	gnas2_human	A	gbb1_human	B	gbg2_human	G	Engineered dominant-negative Gs protein (DNGs).	A	B	C	gnas2_human	gnas2_human
9BUY	gnai1_human	A	gbb1_human	B	gbg2_human	C		A	B	C	gnai1_human	gnai1_human
9BYO	gnas2_human	A	gbb1_human	B	gbg2_human	G	Heterotrimeric Gs protein.	C	D	E	gnas2_human	gnas2_human
9C0K	gnas2_human	A	gbb1_human	B	gbg2_human	G		C	D	E	gnas2_human	gnas2_human
9CGJ	gnai1_human	B	gbb1_human	C	gbg2_human	D	Engineered dominant-negative Gαi1.	D	E	C	gnai1_human	gnai1_human
9CGK	gnai1_human	B	gbb1_human	C	gbg2_human	D	Engineered dominant-negative Gi1 protein, likely containing G203A and A326S mutations.	E	D	C	gnai1_human	gnai1_human
9CM7	gnai1_human	A	gbb1_human	B	gbg2_human	G	Dominant-negative Gαi1 protein with G203A and A326S mutations.	B	C	D	gnai1_human	gnai1_human
9D61	gnai1_human	B	gbb1_human	C	gbg2_human	D	Wild-type human Gi1 heterotrimer (Gαi1, Gβ1, Gγ2).	D	B	C	gnai1_human	gnai1_human
9DYE	gnao_human	A	gbb1_human	B	gbg2_human	G	The G protein was expressed as a Galpha-Ggamma fusion construct (Ggamma2-Galphaoa) linked by a GSAGSAGSA peptide, though the subunits are modeled as distinct chains.	A	B	C	gnao_human	gnao_human
9DYF	gnai1_human	A	gbb1_human	B	gbg2_human	G	Engineered G protein with four point mutations (S47N, G203A, E245A, A326S) for stabilization.	A	B	C	gnai1_human	gnai1_human
9E2A	gnas2_human	A	gbb1_human	B	gbg2_human	G	Dominant negative Gs heterotrimer.	A	B	C	gnas2_human	gnas2_human
9E51	gna13_human	B	gbb1_human	C	gbg2_human	D	Engineered miniGα13 protein with deletion of the alpha-helical domain and stabilizing mutations.	A	B	C	gna13_human	gna13_human
9E9S	gnas2_human	A	gbb1_human	B	gbg2_human	C	Engineered dominant-negative Gs protein.	A	B	C	gnas2_human	gnas2_human
9EBH	gnai1_human	A	gbb1_human	B	gbg2_human	G	Dominant negative form of Gai1 (DNGai1) with stabilizing mutations to facilitate complex formation.	A	B	D	gnai1_human	gnai1_human
9EBN	gnas2_human	A	gbb1_human	B	gbg2_human	G	Engineered dominant-negative Gs protein (DNGs).	A	B	C	gnas2_human	gnas2_human
9EBO	gnas2_human	A	gbb1_human	B	gbg2_human	G	Engineered dominant-negative Gs protein.	A	B	C	gnas2_human	gnas2_human
9ECJ	gna13_human	C	gbb1_human	D			miniG13 protein	B	C		gna13_human	gna13_human
9EE8	gnas2_human	D	gbb1_human	B	gbg2_human	C	Mini-Gs heterotrimer (mini-Gαs399) used to stabilize the intermediate complex.	D	B	C	gnas2_human	gnas2_human
9EE9	gnas2_human	D	gbb1_human	B	gbg2_human	C	Mini-Gαs399 (a truncated version of the Gs alpha subunit) was used to facilitate complex formation.	D	B	C	gnas2_human	gnas2_human
9EEA	gnas2_human	D	gbb1_human	B	gbg2_human	C	Engineered mini-Gαs protein (mini-Gαs399) truncated for stabilization.	D	B	C	gnas2_human	gnas2_human
9EGO	gnai1_human	A	gbb1_human	B	gbg2_human	C	Wild-type human Gi1 heterotrimer.	A	B	C	gnai1_human	gnai1_human
9EJC	gnai1_human	A	gbb1_human	B	gbg2_human	C	Recombinant human Gi1 heterotrimer.	E	A	B	gnai1_human	gnai1_human
9EPR	gnai1_human	A	gbb1_bovin	B	gbg1_bovin	G	Wild-type human Galpha-i1 protein coupled with bovine Gbeta1-gamma1.	A	B	C	gnai1_human	gnai1_human
9ERX	gnai1_human	A	gbb1_human	B	gbg2_human	C	Engineered dominant-negative mutant with G203A and A326S mutations.	A	B	C	gnai1_human	gnai1_human
9EW2	gnas2_human	A	gbb1_human	B	gbg2_human	C	Engineered 'miniGs' protein (mutated and truncated Gs alpha subunit).	A	B	C	gnas2_human	gnas2_human
9F33	gnao_human	A	gbb1_rat	B	gbg2_human	C	Engineered dominant-negative Galphao subunit with S47N, G204A, E246A, M249K, and A326S mutations.	A	B	C	gnao_human	gnao_human
9F34	gnao_human	A	gbb1_rat	B	gbg2_human	C	Engineered dominant-negative Gαo subunit with S47N, G204A, E246A, M249K, and A326S mutations.	A	B	C	gnao_human	gnao_human
9GE3	gna13_human	A	gbb1_human	B	gbg2_human	G	Engineered mini-Gα13 chimera (mini-Gα13/Ni2) where the N-terminal 30 residues were replaced by sequences from Gαi2 to facilitate binding of ScFv16.	A	B	D	gna13_human	gna13_human
9HYI	gnai1_human	A	gbb1_human	B	gbg2_human	G	Heterotrimeric Gi1 protein complex.	A	B	C	gnai1_human	gnai1_human
9I52	gnas2_human	A	gbb1_human	B	gbg2_human	G	Heterotrimeric Gs protein (short isoform)	D	B	C	gnas2_human	gnas2_human
9I54	gnas2_human	A	gbb1_human	B	gbg2_human	G	G protein heterotrimer (Gs), short isoform of alpha subunit.	A	B	C	gnas2_human	gnas2_human
9IJ9	gnai1_human	A	gbb1_human	B	gbg2_human	C	Engineered dominant-negative Gαi1 with G203A and A326S mutations.	A	B	C	gnai1_human	gnai1_human
9IK8	gnai1_human	A	gbb1_human	B	gbg2_human	C	Dominant-negative human Gai1 subunit (DNGi).	E	C	D	gnai1_human	gnai1_human
9IK9	gnai1_human	A	gbb1_human	B	gbg2_human	C	Engineered dominant-negative Gai1 subunit (DNGi).	A	B	C	gnai1_human	gnai1_human
9IPV	gnai1_human	A	gbb1_human	B	gbg2_human	G		A	B	C	gnai1_human	gnai1_human
9IV1	gnas2_human	A	gbb1_human	B	gbg2_human	G	Engineered human Gs protein with high thermal stability.	E	B	C	gnas2_human	gnas2_human
9IV6	gnas2_human	A	gbb1_human	B	gbg2_human	G	Gs alpha subunit (short isoform) identified by C-terminal tail sequence QRMHLRQYELL.	B	C	D	gnas2_human	unknown
9IVG	gnas2_human	A	gbb1_human	B	gbg2_human	G	Chimeric Gs/Gi protein; the metadata lists both gnas2_human and gnai1_human for chain A, and the alpha5 tail sequence matches Gs.	C	D	E	gnas2_human	gnas2_human
9IVM	gnas2_human	A	gbb1_human	B	gbg2_human	G	Gαs/i1 chimera; the metadata lists UniProt IDs for both Gs and Gi1 subunits.	A	B	C	gnas2_human	gnas2_human
9IXJ	gnas2_human	A	gbb1_human	B	gbg2_human	G	Engineered G(s) alpha subunit.	A	B	C	gnas2_human	gnas2_human
9IY8	gna13_human	A	gbb1_human	B	gbg2_human	G	Engineered mini-G protein fragment containing the Galpha13 alpha5 helix (referred to as miniGαi/13).	E	A	B	gna13_human	gna13_human
9IZA	gnai1_human	C	gbb1_human	B	gbg2_human	G	Engineered dominant-negative Gαi1 with G203A and A326S mutations. Expressed as a fusion with a C-terminal peptide (NanoBiT strategy).	B	C	D	gnai1_human	gnai1_human
9IZC	gnai1_human	C	gbb1_human	B	gbg2_human	G	Engineered dominant-negative Gαi1 protein with G203A and A326S mutations.	C	B	D	gnai1_human	gnai1_human
9IZD	gnai1_human	C	gbb1_human	B	gbg2_human	G	Engineered dominant-negative Gαi1 protein with G203A and A326S mutations. Gβ1 and Gγ2 subunits are wild-type human proteins.	C	B	D	gnai1_human	gnai1_human
9IZF	gnai1_human	A	gbb1_human	B	gbg2_mouse	C	Engineered Gi1 with two dominant-negative mutations (G203A, A326S). The Gβ1 subunit contains a HiBiT tag at the C-terminus.	B	C	D	gnai1_human	gnai1_human
9IZH	gna13_human	A	gbb1_human	B	gbg2_mouse	C	Engineered Gi2-mini-G13 chimera where the alpha-helical domain is deleted and mutations are introduced for G13 specificity.	B	C	D	gna13_human	gna13_human
9J0B	gnai1_human	A	gbb1_human	B	gbg2_human	G	Engineered dominant-negative Gi subunit.	A	B	C	gnai1_human	gnai1_human
9J0F	gnai1_human	A	gbb1_human	B	gbg2_human	G	Engineered dominant-negative G protein used to facilitate complex assembly.	A	B	C	gnai1_human	gnai1_human
9J0I	gnai1_human	A	gbb1_human	B	gbg2_human	G	Engineered dominant-negative Gi protein.	A	B	C	gnai1_human	gnai1_human
9J1P	gnas2_human	A	gbb1_rat	B	gbg2_bovin	G	Engineered G protein. The alpha subunit is a Gs/Gi chimera (associated with accessions P63092 and P63096) commonly used to facilitate nanobody binding and complex stabilization.	A	B	C	gnas2_human	gnas2_human
9J8Z	gnai1_human	C	gbb1_human	B	gbg2_human	G	Engineered dominant-negative Galpha-i1 subunit with G203A and A326S mutations.	B	A	C	gnai1_human	gnai1_human
9JCQ	gnas2_human	A	gbb1_human	B	gbg2_human	G	Engineered Gs protein. The paper mentions engineered Gs was used to improve stability.	A	B	C	gnas2_human	unknown
9JED	gnai1_human	A	gbb1_human	D	gbg2_human	G	Engineered dominant-negative G protein with G203A and A326S mutations.	A	B	C	gnai1_human	gnai1_human
9JEQ	gnai1_human	A	gbb1_human	B	gbg2_bovin	G	Engineered G protein heterotrimer containing Gαi1 with two dominant negative mutations (G203A and A326S) to stabilize the complex, and a Gβ1 subunit with a C-terminal HiBiT fusion.	C	A	B	gnai1_human	gnai1_human
9JFW	gnas2_human	A	gbb1_human	B	gbg2_human	C	Engineered dominant-negative Gs (DNGs) short isoform with 8 mutations: S54N, G226A, E268A, N271K, K274D, R280K, T284D, and I285T.	A	B	C	gnas2_human	gnas2_human
9JFY	gnai1_human	A	gbb1_human	B	gbg2_human	G	Human Gi1 heterotrimer.	C	D	E	gnai1_human	gnai1_human
9JH3	gnai1_human	A	gbb1_human	B	gbg2_human	Y		A	B	E	gnai1_human	gnai1_human
9JHJ	gnai1_human	A	gbb1_human	B	gbg2_human	C	Human G protein heterotrimer (Gi1). Beta-1 subunit contains an N-terminal 6xHis tag and 3C protease site.	B	C	D	gnai1_human	gnai1_human
9JIC	gnai1_human	C	gbb1_human	B	gbg2_human	G	Engineered dominant-negative Gai1 subunit with G203A and A326S mutations.	B	C	D	gnai1_human	gnai1_human
9JID	gnai1_human	C	gbb1_human	B	gbg2_human	G	Engineered dominant-negative Gi1 protein with G203A and A326S mutations.	B	C	D	gnai1_human	gnai1_human
9JKQ	gnas2_human	A	gbb1_human	B	gbg2_human	C	Engineered dominant-negative Gs protein with 8 mutations (S54N, G226A, E268A, N271K, K274D, R280K, T284D, and I285T) to enhance complex stability.	A	B	C	gnas2_human	gnas2_human
9JKS	gnai1_human	C	gbb1_human	B	gbg2_human	G	Engineered dominant-negative Gαi1 variant (DNGαi1) with G203A and A326S mutations to stabilize the G protein-receptor complex.	B	C	D	gnai1_human	gnai1_human
9JKT	gnai1_human	C	gbb1_human	B	gbg2_human	G	Engineered dominant-negative Gαi1 (DNGαi1) with G203A and A326S mutations.	B	C	D	gnai1_human	gnai1_human
9JKV	gnai1_human	C	gbb1_human	B	gbg2_human	G	Engineered dominant-negative Galpha-i1 (DNGai1) with G203A and A326S mutations.	B	C	D	gnai1_human	gnai1_human
9JKX	gnai1_human	C	gbb1_human	B	gbg2_human	G	Engineered dominant-negative Gαi1 (DNGαi1) with G203A and A326S mutations.	B	C	D	gnai1_human	gnai1_human
9JKY	gnai1_human	C	gbb1_human	B	gbg2_human	G	Engineered dominant-negative G protein alpha-i1 subunit with G203A and A326S mutations.	C	B	D	gnai1_human	gnai1_human
9JLC	gnai1_human	A	gbb1_human	B	gbg2_human	G		A	B	C	gnai1_human	gnai1_human
9JR0	gnai1_human	C	gbb1_human	D	gbg2_human	E	Heterotrimeric Gi1 protein.	C	D	E	gnai1_human	gnai1_human
9K1C	gnai1_human	A	gbb1_human	B	gbg2_human	C	Engineered dominant-negative Gai1 (DNGai1) with S47C, G202T, G203A, E245A, and A326S mutations.	B	C	D	gnai1_human	gnai1_human
9K20	gnao_human	B	gbb1_human	C	gbg2_human	D	Engineered mini-Go protein (gnao_human) with N-terminal sequences from gnai1_human introduced to facilitate scFv16 binding.	B	C	D	gnao_human	gnao_human
9K26	gnai1_human	C	gbb1_human	B	gbg2_human	G	G protein heterotrimer (Gi1) stabilized by scFv16.	C	D	E	gnai1_human	gnai1_human
9K27	gnaq_human	E	gbb1_human	B	gbg2_human	C	Native Gq protein heterotrimer.	E	B	C	gnaq_human	gnaq_human
9K3F	gnas2_human	A	gbb1_human	B	gbg2_bovin	G	Engineered mini-Gs construct (G112) containing specific modifications from Gi1 (GNAI1_HUMAN) for structural stabilization.	B	C	D	gnas2_human	gnas2_human
9K3H	gnas2_human	A	gbb1_human	B	gbg2_bovin	G	Engineered Gs construct (G112) based on mini-Gs, containing segments from both gnas2_human and gnai1_human for stabilization.	B	C	D	gnas2_human	gnas2_human
9K3K	gnas2_human	A	gbb1_human	B	gbg2_bovin	G	Engineered Gs heterotrimer; the alpha subunit is a Gs/Gi chimera (G112 construct based on mini-Gs) used for complex stabilization.	B	C	D	gnas2_human	gnas2_human
9K3L	gnas2_human	A	gbb1_human	B	gbg2_bovin	G	Engineered mini-Gs construct (G112) composed of segments from gnas2_human and gnai1_human.	A	B	C	gnas2_human	gnas2_human
9K3P	gnas2_human	A	gbb1_human	B	gbg2_bovin	G	Engineered Gs construct (G112) containing segments from human Gs (gnas2_human) and human Gi1 (gnai1_human). Although chimeric, the C-terminal alpha5 tail (QRMHLRQYELL) matches the Gs family.	B	C	D	gnas2_human	gnas2_human
9K6L	gnai2_human	A	gbb1_human	B	gbg2_human	G	Engineered mutant G protein alpha subunit with S47N, G203A, and A327S mutations to enhance stability.	A	B	C	gnai2_human	gnai2_human
9KFI	gnai2_human	I	gbb1_human	T	gbg2_human	G	Engineered dominant-negative Gαi2 with 4 mutations (S47N, G204A, E246A, and A327S).	C	E	B	gnai2_human	gnai2_human
9KFJ	gnai2_human	I	gbb1_human	T	gbg2_human	G	Dominant-negative human Gαi2 (DNGi2) with 4 point mutations: S47N, G204A, E246A, and A327S.	C	E	B	gnai2_human	gnai2_human
9KFK	gnai2_human	I	gbb1_human	T	gbg2_bovin	G	Engineered dominant-negative human Gαi2 (DNGi2) with 4 mutations: S47N, G204A, E246A, and A327S.	B	E	A	gnai2_human	gnai2_human
9KFT	gnai1_human	A	gbb1_human	B	gbg2_human	C		A	B	C	gnai1_human	gnai1_human
9KO2	gnai1_human	A	gbb1_human	B			G(i) subunit alpha-1 heterotrimer.	A	B		gnai1_human	gnai1_human
9KO4	gnai1_human	A	gbb1_human	B	gbg2_human	G	Heterotrimeric Gi1 protein.	C	D	E	gnai1_human	gnai1_human
9KPF	gnai1_human	A	gbb1_human	B	gbg2_human	G		A	B	C	gnai1_human	gnai1_human
9KT6	gnai1_human	A	gbb1_human	B	gbg2_human	C		A	B	C	gnai1_human	gnai1_human
9KT7	gnai1_human	A	gbb1_human	B	gbg2_human	C	Heterotrimeric Gi1 protein complex.	B	C	D	gnai1_human	gnai1_human
9KT8	gnai1_human	A	gbb1_human	B	gbg2_human	C	Recombinant human Gi heterotrimer.	A	B	C	gnai1_human	gnai1_human
9KT9	gnai1_human	A	gbb1_human	B	gbg2_human	C	Heterotrimeric Gi protein.	A	B	C	gnai1_human	gnai1_human
9KUG	gnao_human	B	gbb1_human	C	gbg2_human	G	Engineered miniGalphao construct containing an ScFv16 binding sequence at the N-terminus.	B	C	D	gnao_human	gnao_human
9KUT	gnao_human	A	gbb1_human	B	gbg2_human	G	Engineered mini-G protein alpha o subunit with an ScFv16 binding sequence at the N-terminus.	A	B	C	gnao_human	gnao_human
9KV6	gnao_human	A	gbb1_human	B	gbg2_human	G	Engineered miniGao1 protein; incorporates an ScFv16 binding sequence at the N-terminus to facilitate complex stabilization.	C	D	E	gnao_human	gnao_human
9KV8	gnao_human	A	gbb1_human	B	gbg2_human	G	Engineered mini-G protein alpha o construct (miniGao) containing an N-terminal ScFv16 binding sequence.	C	D	E	gnao_human	gnao_human
9KVG	gnai1_human	A	gbb1_human	B	gbg2_human	G	Engineered dominant-negative human Gαi1 with S47N, G203A, A326S, and E245A mutations.	A	B	D	gnai1_human	gnai1_human
9KVH	gnai1_human	A	gbb1_human	B	gbg2_human	G	Dominant-negative variant of human Gαi1 with S47N, G203A, A326S, and E245A mutations.	A	B	D	gnai1_human	gnai1_human
9KVI	gnai1_human	A	gbb1_human	B	gbg2_human	G	Engineered dominant-negative variant of human Gαi1 with S47N, G203A, A326S, and E245A mutations.	A	B	D	gnai1_human	gnai1_human
9KVP	gnao_human	A	gbb1_human	B	gbg2_human	G	Engineered mini-G protein Go with an ScFv16 binding sequence at the N-terminus.	A	B	C	gnao_human	gnao_human
9KWG	gnao_human	B	gbb1_human	C	gbg2_human	G	Engineered miniGao construct stabilized with mutations and an N-terminal ScFv16 binding site.	B	C	E	gnao_human	gnao_human
9KWX	gnao_human	B	gbb1_human	C	gbg2_human	G	Engineered miniGαo protein (trunacted Ga subunit); only residues 1-240 are modelled in the structure. It also contains an ScFv16 binding sequence at the N-terminus.	B	C	D	gnao_human	gnao_human
9KX6	gnao_human	B	gbb1_human	C	gbg2_human	G	Engineered miniGalphao construct incorporating an ScFv16 binding sequence at the N-terminus.	B	C	E	gnao_human	gnao_human
9KXS	gnao_human	B	gbb1_human	C	gbg2_human	G	Engineered miniGao construct containing an N-terminal ScFv16 binding sequence.	B	C	D	gnao_human	gnao_human
9KZ2	gnao_human	A	gbb1_human	B	gbg2_human	G	Engineered miniGαo construct with an ScFv16 binding sequence at the N-terminus.	C	B	D	gnao_human	gnao_human
9KZ8	gnao_human	A	gbb1_human	B	gbg2_human	G	Engineered miniGαo with ScFv16 binding sequence at the N-terminus.	B	C	D	gnao_human	gnao_human
9L0H	gnao_human	A	gbb1_human	B	gbg2_human	G	Engineered miniG protein (miniGalphao1) containing an ScFv16 binding sequence at the N-terminus.	B	C	D	gnao_human	gnao_human
9L3W	gnai1_human	A	gbb1_human	B	gbg2_human	C	Wild-type Gi1 protein heterotrimer.	A	B	C	gnai1_human	gnai1_human
9L3Y	gnai1_human	A	gbb1_human	B	gbg2_human	C	Wild-type human Gi1 protein.	C	D	E	gnai1_human	gnai1_human
9L60	gnai1_human	A	gbb1_rat	B	gbg2_bovin	C	Engineered dominant-negative G protein with G203A and A326S mutations.	A	B	C	gnai1_human	gnai1_human
9L79	gnas2_human	A	gbb1_rat	B	gbg2_bovin	G	Cross-species Gs heterotrimer complex (Human Alpha, Rat Beta, Bovine Gamma). The alpha subunit (245 residues) is likely a truncated or engineered version common for stabilization.	D	B	C	gnas2_human	gnas2_human
9L80	gnas2_human	A	gbb1_rat	B	gbg2_bovin	G	Engineered miniGs protein used for stabilization. The paper refers to it as miniGsiN, but sequence analysis confirms the Gs specificity tail is present.	A	B	C	gnas2_human	gnas2_human
9LGM	gnas2_human	A	gbb1_human	B	gbg2_human	C	Engineered dominant-negative Gs protein (DNGs) with 8 mutations: S54N, G226A, E268A, K274D, R280K, N271K, T284D, and I285T.	A	B	C	gnas2_human	gnas2_human
9LKB	gnas2_human	B	gbb1_human	C			Modified Gs chimera (modGs) based on the mini-Gs399 protein; the G-gamma subunit is not modeled in this structure.	A	B		gnas2_human	unknown
9LL7	gnai1_human	A	gbb1_human	B	gbg2_human	C	Engineered G protein Gαi1 with four dominant-negative mutations (S47N, G203A, E245A and A326S).	C	A	B	gnai1_human	gnai1_human
9LL8	gnai1_human	A	gbb1_human	B	gbg2_human	C	Engineered G protein with four dominant-negative mutations (S47N, G203A, E245A and A326S) in the Gαi1 subunit.	C	A	B	gnai1_human	gnai1_human
9LLE	gnas2_human	D	gbb1_human	B	gbg2_human	C	Isoform Gnas-2 of Gs alpha (short isoform).	F	C	D	gnas2_human	gnas2_human
9LLF	gnas2_human	A	gbb1_human	B	gbg2_human	C	Gs heterotrimer; alpha subunit is the natural short isoform Gnas-2.	B	C	D	gnas2_human	gnas2_human
9LLH	gnas2_human	A	gbb1_human	B	gbg2_human	C	Gs heterotrimer	A	B	C	gnas2_human	gnas2_human
9LR2	gnai1_human	A	gbb1_human	B	gbg2_human	G	Human Gi heterotrimer (Gai1, Gb1, Gg2).	A	F	G	gnai1_human	gnai1_human
9LR3	gnai1_human	A	gbb1_human	B	gbg2_human	G		C	D	A	gnai1_human	gnai1_human
9LRB	gnas2_human	A	gbb1_rat	B	gbg2_bovin	G	Engineered mini-Gαs protein.	A	B	C	gnas2_human	gnas2_human
9LRD	gnai1_human	A	gbb1_rat	B	gbg2_bovin	C	Heterotrimeric Gi complex consisting of human Gαi1, rat Gβ1, and bovine Gγ2.	A	B	C	gnai1_human	gnai1_human
9LRE	gnai1_human	A	gbb1_rat	B	gbg2_bovin	G	Engineered dominant-negative G protein (dnGi) used to stabilize the complex.	A	B	D	gnai1_human	gnai1_human
9LW5	gnas2_human	A	gbb1_human	B	gbg2_human	G	Engineered miniGs protein alpha subunit short isoform.	A	B	C	gnas2_human	gnas2_human
9LYB	gnas2_human	A	gbb1_human	B	gbg2_human	G	Engineered dominant-negative Gs protein (DNGs) with eight stabilizing mutations: S54N, G226A, E268A, N271K, K274D, R280K, T284D, and I285T.	A	B	C	gnas2_human	gnas2_human
9LYC	gnas2_human	C	gbb1_human	B	gbg2_human	G	Engineered dominant-negative Gs protein with eight mutations (S54N, G226A, E268A, N271K, K274D, R280K, T284D, and I285T) introduced to improve stability.	C	B	E	gnas2_human	gnas2_human
9M0R	gnai1_human	A	gbb1_rat	B	gbg2_bovin	G	Engineered dominant-negative Galpha_i1 subunit with G203A and A326S mutations to enhance complex stability.	D	A	B	gnai1_human	gnai1_human
9M0Z	gnas2_human	A	gbb1_human	B	gbg2_human	C	G protein subunit alpha isoforms short	E	B	C	gnas2_human	unknown
9M1O	gnai1_human	A	gbb1_rat	B	gbg2_bovin	G	Engineered dominant-negative Gi1 subunit with G203A and A326S mutations. The complex also utilizes a NanoBiT tethering strategy (LgBiT fused to receptor C-terminus, HiBiT fused to Gbeta C-terminus).	F	B	C	gnai1_human	gnai1_human
9M1P	gnas2_human	A	gbb1_human	B	gbg2_human	C		E	B	C	gnas2_human	unknown
9M2F	gnai1_human	A	gbb1_rat	B	gbg2_bovin	G	Engineered dominant-negative Gαi1 subunit with G203A and A326S mutations to reduce GDP binding affinity.	D	A	B	gnai1_human	gnai1_human
9M2O	gnas2_human	A	gbb1_human	B	gbg2_human	C	Guanine nucleotide-binding protein G(s) subunit alpha isoforms short.	E	B	C	gnas2_human	unknown
9M2S	gnas2_human	A	gbb1_human	B	gbg2_human	C	G protein subunit alpha isoforms short (Gs).	E	B	C	gnas2_human	unknown
9M3Q	gnas2_human	A	gbb1_human	B	gbg2_human	C	G protein subunit alpha isoforms short.	E	B	C	gnas2_human	unknown
9M3S	gnas2_human	A	gbb1_human	B	gbg2_human	C	G(s) heterotrimer.	D	A	B	gnas2_human	unknown
9M40	gnas2_human	A	gbb1_human	B	gbg2_human	C	G subunit alpha isoforms short (Gs).	B	C	D	gnas2_human	gnas2_human
9M8V	gnas2_human	B	gbb1_human	C	gbg2_human	D	Human Gs heterotrimer. Metadata lists human beta-1 and gamma-2 subunits, though paper mentions rat/bovine cloning. Sequence identities are high.	B	C	D	gnas2_human	gnas2_human
9MB9	gnai1_human	A	gbb1_human	B	gbg2_human	C	Engineered dominant-negative G protein with S47N, G203A, E245A, and A326S mutations.	C	D	E	gnai1_human	gnai1_human
9MZE	gnas2_human	A	gbb1_human	B	gbg2_human	G	Guanine nucleotide-binding protein G(s) subunit alpha isoforms short.	A	B	C	gnas2_human	gnas2_human
9MZF	gnas2_human	A	gbb1_human	B	gbg2_human	G		F	A	B	gnas2_human	gnas2_human
9MZG	gnas2_human	A	gbb1_human	B	gbg2_human	G	Heterotrimeric Gs protein.	C	D	E	gnas2_human	gnas2_human
9N04	gnas2_human	A	gbb1_human	B	gbg2_human	G	Gs heterotrimer stabilized by Nb35.	A	B	C	gnas2_human	gnas2_human
9N05	gnas2_human	A	gbb1_human	B	gbg2_human	G	The Gs heterotrimer is composed of human GalphaS (short isoform), Gbeta1, and Ggamma2.	A	B	C	gnas2_human	gnas2_human
9N0E	gnas2_human	A	gbb1_human	B	gbg2_human	G	Wild-type Gs heterotrimer.	F	A	C	gnas2_human	gnas2_human
9N1P	gnas2_human	A	gbb1_human	B	gbg2_human	G		A	B	C	gnas2_human	gnas2_human
9N1Q	gnas2_human	A	gbb1_human	B	gbg2_human	G		A	B	C	gnas2_human	gnas2_human
9N2I	gnas2_human	A	gbb1_human	B	gbg2_human	G	G(s) heterotrimer complex.	B	C	D	gnas2_human	gnas2_human
9NS9	gnai1_human	A	gbb1_human	B	gbg2_human	G	Dominant-negative Gαi1 with G203A and A326S mutations.	B	C	D	gnai1_human	gnai1_human
9O36	gnai1_human	A	gbb1_human	B	gbg2_human	C		A	B	C	gnai1_human	gnai1_human
9ODE	gnai1_human	A	gbb1_human	B	gbg2_human	C	Wild-type Gi heterotrimer used for complexation without antibody fragments.	D	A	B	gnai1_human	gnai1_human
9ODF	gnai1_human	A	gbb1_human	B	gbg2_human	C	Wild-type Gi1 heterotrimer without antibody fragments.	D	A	B	gnai1_human	gnai1_human
9ODK	gnai1_human	A	gbb1_human	B	gbg2_human	G	GTP-bound G-ACT-2 activation intermediate conformation.	A	B	C	gnai1_human	gnai1_human
9ODL	gnai1_human	A	gbb1_human	B	gbg2_human	G	Wild-type Gi1 heterotrimer.	C	A	B	gnai1_human	gnai1_human
9ODM	gnai1_human	A	gbb1_human	B	gbg2_human	C	Nucleotide-free Gi1 heterotrimer.	A	B	C	gnai1_human	gnai1_human
9ODN	gnai1_human	A	gbb1_human	B	gbg2_human	C	Gai1 heterotrimer in a GTP-bound, G-primed state.	D	A	B	gnai1_human	gnai1_human
9OXA	gnai1_human	A	gbb1_human	B	gbg2_human	C	Engineered dominant-negative Gs protein. The paper also describes the use of the NanoBiT tethering strategy.	D	B	C	gnai1_human	gnai1_human
9P0K	gnai1_human	C	gbb1_human	D	gbg2_human	E	Human Gi1 heterotrimer.	C	D	E	gnai1_human	gnai1_human
9P0L	gnai1_human	C	gbb1_human	D	gbg2_human	E	Wild-type Gi1 heterotrimer.	C	D	E	gnai1_human	gnai1_human
9P0M	gnai1_human	C	gbb1_human	D	gbg2_human	E	Heterotrimeric Gi1 protein.	E	C	D	gnai1_human	gnai1_human
9P7Z	gnai1_human	A	gbb1_human	B	gbg2_human	C	Wild-type G protein heterotrimer; the 'Apo' in the title refers to the G protein nucleotide binding site being empty.	C	D	E	gnai1_human	gnai1_human
9P80	gnai1_human	A	gbb1_human	B	gbg2_human	C	Wild-type Gi1 heterotrimer.	E	A	B	gnai1_human	gnai1_human
9P81	gnai1_human	A	gbb1_human	B	gbg2_human	C	Wild-type Gi1 heterotrimer.	E	A	B	gnai1_human	gnai1_human
9P82	gnai1_human	A	gbb1_human	B	gbg2_human	C	Wild-type Gi1 heterotrimer captured in a GTP-bound, closed AHD intermediate state.	E	C	D	gnai1_human	gnai1_human
9P83	gnai1_human	A	gbb1_human	B	gbg2_human	C	Wild-type G protein heterotrimer (Gi1).	C	D	E	gnai1_human	gnai1_human
9P84	gnai1_human	A	gbb1_human	B	gbg2_human	C	Wild-type human Gi1 heterotrimer.	A	D	E	gnai1_human	gnai1_human
9P86	gna11_human	A	gbb1_human	B	gbg2_human	G	Wild-type G11 heterotrimer in a nucleotide-free (apo) state.	E	A	B	gna11_human	gna11_human
9P87	gna11_human	A	gbb1_human	B	gbg2_human	G	Nucleotide-free baseline state with the alpha-helical domain (AHD) in a partially closed conformation.	E	A	B	gna11_human	gna11_human
9P88	gna11_human	A	gbb1_human	B	gbg2_human	G	Wild-type Gα11 heterotrimer.	C	A	B	gna11_human	gna11_human
9P89	gna11_human	A	gbb1_human	B	gbg2_human	G	Wild-type G11 heterotrimer expressed in Tni cells.	A	B	C	gna11_human	gna11_human
9P92	gnas2_human	A	gbb1_human	B	gbg2_human	G	Engineered dominant-negative Gs protein (DNGs).	A	B	C	gnas2_human	gnas2_human
9P93	gnas2_human	A	gbb1_human	B	gbg2_human	G	Engineered dominant-negative Gs protein (DNGs).	F	A	B	gnas2_human	gnas2_human
9P94	gnas2_human	A	gbb1_human	B	gbg2_human	G	Engineered dominant-negative Gs (DNGs) protein with G226A and S285E mutations to enhance complex stability.	F	A	B	gnas2_human	gnas2_human
9PA1	gnai1_human	B	gbb1_human	C	gbg2_human	D	Engineered dominant-negative G protein with S47N, E245A, G203A, and A326S mutations.	E	B	C	gnai1_human	gnai1_human
9PA2	gnai1_human	A	gbb1_human	B	gbg2_human	C	Dominant-negative Gi1 protein with S47N, E245A, G203A, and A326S mutations. The Galpha subunit is fused to Ggamma2 by a 9-residue linker.	B	C	D	gnai1_human	gnai1_human
9PA3	gnai1_human	A	gbb1_human	B	gbg2_human	C	Engineered dominant-negative Gαi1 protein with S47N, E245A, G203A, and A326S mutations. The Gα subunit was originally fused to the Gγ subunit by a 9-residue linker for expression.	C	A	B	gnai1_human	gnai1_human
9PA4	gnai1_human	B	gbb1_human	C	gbg2_human	D	Engineered dominant-negative human Gαi1 with S47N, E245A, G203A, and A326S mutations.	D	B	C	gnai1_human	gnai1_human
9PA5	gnai1_human	A	gbb1_human	B	gbg2_human	C	Engineered dominant-negative Gαi1 with S47N, E245A, G203A, and A326S mutations.	A	C	D	gnai1_human	gnai1_human
9PA6	gnai1_human	B	gbb1_human	C	gbg2_human	D	Engineered dominant-negative human Gαi1 with S47N, E245A, G203A, and A326S mutations.	B	C	D	gnai1_human	gnai1_human
9PLO	gnao_human	A	gbb1_human	B	gbg2_human	G	Go heterotrimer (Gao1b1g2)	A	B	C	gnao_human	gnao_human
9PPW	gnai1_human	B	gbb1_human	C	gbg2_human	D	Engineered dominant-negative Gi1 protein with four structure-stabilizing mutations: S47N, E245A, G203A, and A326S.	B	C	D	gnai1_human	gnai1_human
9PPX	gnai1_human	B	gbb1_human	C	gbg2_human	D	Engineered dominant-negative G protein alpha i1 with S47N, E245A, G203A, and A326S mutations to stabilize the complex.	B	C	D	gnai1_human	gnai1_human
9PPY	gnai1_human	B	gbb1_human	C	gbg2_human	D	Engineered dominant-negative G protein with S47N, E245A, G203A, and A326S mutations.	B	C	D	gnai1_human	gnai1_human
9PPZ	gnai1_human	B	gbb1_human	C	gbg2_human	D	Engineered dominant-negative Gi1 protein with S47N, E245A, G203A, and A326S mutations.	B	C	D	gnai1_human	gnai1_human
9PQ0	gnai1_human	B	gbb1_human	C	gbg2_human	D	Engineered dominant-negative Gi1 with S47N, E245A, G203A, and A326S mutations.	B	C	D	gnai1_human	gnai1_human
9PXV	gnai1_human	A	gbb1_human	B	gbg2_human	C	Wild-type Gi1 heterotrimer.	A	B	C	gnai1_human	gnai1_human
9PXW	gnai1_human	A	gbb1_human	B	gbg2_human	C	Wild-type human Gi heterotrimer.	A	B	C	gnai1_human	gnai1_human
9PXX	gnai1_human	A	gbb1_human	B	gbg2_human	C	Wild-type human Gi1 heterotrimer.	A	B	C	gnai1_human	gnai1_human
9PXY	gnai1_human	A	gbb1_human	B	gbg2_human	C	Wild-type human G protein heterotrimer (Gi1).	B	C	D	gnai1_human	gnai1_human
9PY3	gnai1_human	A	gbb1_human	B	gbg2_human	C	Gi1 heterotrimer bound to GDPbS in an 'unlatched' state.	D	A	B	gnai1_human	gnai1_human
9PY4	gnai1_human	A	gbb1_human	B	gbg2_human	C	Wild-type human Gi heterotrimer in the GDPβS-bound primed state.	A	B	C	gnai1_human	gnai1_human
9R41	gnai1_human	A	gbb1_human	B	gbg2_human	G	Wild-type heterotrimeric Gi1 protein.	A	B	C	gnai1_human	gnai1_human
9R42	gnai1_human	A	gbb1_human	B	gbg2_human	C		A	B	C	gnai1_human	gnai1_human
9U9V	gnas2_human	A	gbb1_human	B	gbg2_human	C	G(s) subunit alpha isoforms short	A	B	C	gnas2_human	gnas2_human
9UMJ	gnao_human	A	gbb1_human	B	gbg2_human	G	Engineered miniGao construct with N-terminal ScFv16 binding sequence.	C	D	E	gnao_human	gnao_human
9UMR	gnao_human	B	gbb1_human	C	gbg2_human	G	Engineered miniGao construct with an N-terminal ScFv16 binding sequence.	B	C	D	gnao_human	gnao_human
9UMX	gnao_human	B	gbb1_human	C	gbg2_human	G	Engineered mini-Gao subunit with an ScFv16 binding sequence at the N-terminus.	B	C	D	gnao_human	gnao_human
9UPU	gnai1_human	A	gbb1_human	B	gbg2_human	C	Engineered dominant-negative (DN) Gai1 protein; G-beta1 is fused with HiBit at the C-terminus.	C	A	B	gnai1_human	gnai1_human
9UPV	gnai1_human	A	gbb1_human	B	gbg2_human	C	Engineered dominant-negative Gαi1.	E	A	B	gnai1_human	gnai1_human
9UWV	gnai1_human	D	gbb1_rat	B	gbg2_bovin	C	Gi1 heterotrimer heterologously expressed.	A	B	C	gnai1_human	gnai1_human
9UXX	gnai1_human	B	gbb1_rat	A	gbg2_human	D		G	A	B	gnai1_human	gnai1_human
9V0U	gna13_human	A	gbb1_human	C	gbg2_human	G	Engineered human miniGα13 protein with stabilizing mutations and/or deletions.	B	D	C	gna13_human	gna13_human
9V6O	gnai1_human	A	gbb1_human	B	gbg2_human	G	Heterotrimeric Gi1 protein complex.	A	B	C	gnai1_human	gnai1_human
9VAT	gnao_human	A	gbb1_human	B	gbg2_human	C	Wild-type human Go heterotrimer.	C	D	E	gnao_human	gnao_human
9VAU	gnao_human	A	gbb1_human	B	gbg2_human	C	Nucleotide-free G protein complex in non-canonical state 1 (NC1).	C	D	E	gnao_human	gnao_human
9VAV	gnao_human	A	gbb1_human	B	gbg2_human	C	Native human G protein subunits.	C	D	E	gnao_human	gnao_human
9VAX	gnai1_human	A	gbb1_human	B	gbg2_human	C	Native human Gi1 heterotrimer in a nucleotide-free state.	A	B	C	gnai1_human	gnai1_human
9VAY	gnai1_human	A	gbb1_human	B	gbg2_human	C	Human native G-alpha-i1 heterotrimer; the beta-1 subunit contains an N-terminal 6x Histidine tag for purification.	A	B	C	gnai1_human	gnai1_human
9VAZ	gnai1_human	A	gbb1_human	B	gbg2_human	C	Native human heterotrimeric Gi1 protein.	A	B	C	gnai1_human	gnai1_human
9VB0	gnai1_human	A	gbb1_human	B	gbg2_human	C	Native human Gi1 heterotrimer in a nucleotide-free, non-canonical (NC) coupling state.	A	B	C	gnai1_human	gnai1_human
9VB1	gnai1_human	A	gbb1_human	B	gbg2_human	C	Native human Gi1 heterotrimer.	A	B	C	gnai1_human	gnai1_human
9VB2	gnai1_human	A	gbb1_human	B	gbg2_human	C	Wild-type Gi1 heterotrimer.	C	D	E	gnai1_human	gnai1_human
9VB3	gnai1_human	A	gbb1_human	B	gbg2_human	C	Human native Gαi1, Gβ1, and Gγ2 subunits.	C	D	E	gnai1_human	gnai1_human
9VB4	gnai1_human	A	gbb1_human	B	gbg2_human	C		C	D	E	gnai1_human	gnai1_human
9VB5	gnai1_human	A	gbb1_human	B	gbg2_human	C	Native human Gi1 heterotrimer.	C	D	E	gnai1_human	gnai1_human
9VB7	gnai1_human	A	gbb1_human	B	gbg2_human	C	Wild-type human G protein heterotrimer (Gi1).	C	D	E	gnai1_human	gnai1_human
9VBA	gnai1_human	A	gbb1_human	B	gbg2_human	C	Wild-type Gi1 heterotrimer.	A	B	C	gnai1_human	gnai1_human
9VI9	gnai1_human	B	gbb1_human	C	gbg2_human	D		B	C	D	gnai1_human	gnai1_human
9VIF	gnai1_human	B	gbb1_human	C	gbg2_human	D	Standard Gi heterotrimer used for complex stabilization.	B	C	D	gnai1_human	gnai1_human
9VJ5	gnao_human	B	gbb1_human	C	gbg2_human	D	Engineered dominant-negative GoA protein with C3S, S47N, G204A, E246A, and A326S mutations.	A	B	C	gnao_human	gnao_human
9VJE	gnao_human	B	gbb1_human	C	gbg2_human	D	Engineered dominant-negative GoA with C3S, S47N, G204A, E246A, and A326S mutations.	A	B	C	gnao_human	gnao_human
9VJF	gnai3_human	B	gbb1_human	C	gbg2_human	D	Engineered dominant-negative Gi3 protein with mutations S47N, G203A, E245A and A326S.	A	B	C	gnai3_human	gnai3_human
9VJG	gnaz_human	B	gbb1_human	C	gbg2_human	D	Chimeric Gz alpha subunit containing the N-terminus of Gi2 and six dominant-negative mutations (S47N, G204A, E246A, R249K, N262D, and A327S).	A	B	C	gnaz_human	unknown
9VJT	gnai1_human	A	gbb1_human	B	gbg2_human	C		A	B	C	gnai1_human	gnai1_human
9VMY	gnao_human	B	gbb1_human	C	gbg2_human	D	Engineered dominant-negative GoA with C3S, S47N, G204A, E246A, and A326S mutations.	A	B	C	gnao_human	gnao_human
9VNF	gnao_human	B	gbb1_human	C	gbg2_human	D	Dominant-negative GoA protein with C3S, S47N, G204A, E246A, and A326S mutations. These point mutations improve stability for complex formation.	A	B	C	gnao_human	gnao_human
9VNY	gnai1_human	D	gbb1_human	A	gbg2_human	C	Gi1 heterotrimer	C	A	B	gnai1_human	gnai1_human
9VNZ	gnai1_human	D	gbb1_human	A	gbg2_human	C		C	A	B	gnai1_human	gnai1_human
9VO0	gnai1_human	D	gbb1_human	A	gbg2_human	C	Gi1 heterotrimer.	C	A	B	gnai1_human	gnai1_human
9VO1	gnai1_human	D	gbb1_human	A	gbg2_human	C	G protein Gi heterotrimer.	E	A	B	gnai1_human	gnai1_human
9VPN	gnai1_human	A	gbb1_human	B	gbg2_human	G	Complex with heterotrimeric Gi protein.	B	C	A	gnai1_human	gnai1_human
9W0M	gnai1_human	D	gbb1_human	B	gbg2_human	C	Heterotrimeric Gi1 protein complex.	D	C	B	gnai1_human	gnai1_human
9W0O	gnai1_human	A	gbb1_human	B	gbg2_human	C	Heterotrimeric Gi1 protein.	A	B	C	gnai1_human	gnai1_human
9W0P	gnai1_human	A	gbb1_human	B	gbg2_human	C	Engineered dominant-negative Gs protein with five mutations: S47C, G202T, G203A, E245A and A326S.	A	B	C	gnai1_human	gnai1_human
9W0Q	gnai1_human	A	gbb1_human	B	gbg2_human	C	Dominant-negative human Gαi1 with S47C, G202T, G203A, E245A and A326S mutations.	A	B	C	gnai1_human	gnai1_human
9W0R	gnai1_human	A	gbb1_human	B	gbg2_human	C	Engineered dominant-negative Gi1 protein with S47C, G202T, G203A, E245A, and A326S mutations.	B	C	D	gnai1_human	gnai1_human
9W0S	gnai1_human	A	gbb1_human	B	gbg2_human	C	Engineered dominant-negative Gαi1 with mutations S47C, G202T, G203A, E245A, and A326S.	A	B	C	gnai1_human	gnai1_human
9W0T	gnai1_human	A	gbb1_human	B	gbg2_human	C	Engineered dominant-negative Gi1 protein with S47C, G202T, G203A, E245A and A326S mutations.	A	B	C	gnai1_human	gnai1_human
9W0U	gnai1_human	A	gbb1_human	B	gbg2_human	C	Engineered dominant-negative G protein with S47C, G202T, G203A, E245A, and A326S mutations.	A	B	C	gnai1_human	gnai1_human
9W0W	gnai1_human	A	gbb1_human	B	gbg2_human	C	Engineered dominant-negative Gi1 protein with five mutations (S47C, G202T, G203A, E245A, and A326S).	B	C	D	gnai1_human	gnai1_human
9W49	gnai1_human	A	gbb1_human	B	gbg2_human	G	Heterotrimeric Gi1 protein complex.	A	B	C	gnai1_human	gnai1_human
9W6W	gnai1_human	A	gbb1_human	B	gbg2_human	C	Heterotrimeric Gi1 protein complex.	C	A	B	gnai1_human	gnai1_human
9WIK	gnai1_human	A	gbb1_human	B	gbg2_human	C		A	B	C	gnai1_human	gnai1_human
9WQK	gnai1_human	A	gbb1_human	B	gbg2_human	G	Heterotrimeric Gi1 protein.	C	D	E	gnai1_human	gnai1_human
9WST	gnaz_human	A	gbb1_human	B	gbg2_human	G	Gαz/Gαi1 chimera (N-terminal residues 1–29 of Gαz replaced by Gi1). Engineered with dominant-negative mutations S47N, G204A, E246A, R249K, N258K, N262D, and A327S.	A	B	C	gnaz_human	unknown
9WSW	gnaz_human	A	gbb1_human	B	gbg2_human	G	Gαz chimera containing the N-terminal sequence (residues 1-29) of Gαi1 to facilitate scFv16 interaction; includes dominant-negative mutations S47N, G204A, E246A, R249K, N258K, N262D, and A327S.	A	B	C	gnaz_human	gnaz_human
9WXM	gnai3_human	A	gbb1_human	B	gbg2_human	C	Engineered dominant-negative human Gai3 with five mutations: S47C, G202T, G203A, E245A, and A326S.	C	D	E	gnai3_human	gnai3_human
9X20	gnai1_human	A	gbb1_human	B	gbg2_human	C	Human Gi1 heterotrimer.	C	D	E	gnai1_human	gnai1_human
9XDQ	gnai2_human	D	gbb1_human	B	gbg2_human	C	Engineered dominant-negative Gαi2 protein with S47N, G204A, E246A, and A327S mutations. Gγ2 is identical to bovine Gγ2.	D	B	C	gnai2_human	gnai2_human
9XJW	gnas2_human	A	gbb1_human	B	gbg2_human	C		A	B	C	gnas2_human	gnas2_human
9XXT	gnas2_human	A	gbb1_human	B	gbg2_human	C	Gs heterotrimer	B	C	E	gnas2_human	gnas2_human
9YDU	gnai1_human	B	gbb1_human	C	gbg2_human	D	Engineered dominant-negative Gi protein (dnGi) containing S47N, G203A, A326S, and E245A mutations.	A	B	C	gnai1_human	gnai1_human
9YDV	gnai1_human	B	gbb1_human	C	gbg2_human	D	Engineered dominant-negative Gi protein (dnGi) containing S47N, G203A, A326S and E245A mutations.	A	B	C	gnai1_human	gnai1_human
