PDB	Receptor_UniProt	Method	Resolution	State	ChainID	Note	Date	label_asym_id	Partner_UniProt	Partner_ChainID
10TM	oprm_human	ELECTRON MICROSCOPY	3.0	Active	F	[HOMOMER: chains F, R] [DB TRUNCATION: AI correctly identified chains F, R, but DB requires 1. Auto-selected primary chain F based on: Homomer (2 identical GPCR chains) — Rank 4: Preserving AI's originally correct choice (Chain F)] [WARNING: Ligands are bound to truncated chains R!]	2026-05-27	C	oprm_human	R
1F88	opsd_bovin	X-RAY DIFFRACTION	2.8	Inactive	A	[HOMOMER: chains A, B] [MISSED_PROTOMER] at 'oligomer_analysis': GPCR roster has chains ['A', 'B'] but AI only reported ['A']. Missed: ['B'].	2000-08-04	A	opsd_bovin	B
1GZM	opsd_bovin	X-RAY DIFFRACTION	2.65	Inactive	A	[HOMOMER: chains A, B] [DB TRUNCATION: AI correctly identified chains A, B, but DB requires 1. Auto-selected primary chain A based on: Homomer (2 identical GPCR chains) — Rank 4: Preserving AI's originally correct choice (Chain A)] [WARNING: Ligands are bound to truncated chains B!]	2003-11-20	A	opsd_bovin	B
1HZX	opsd_bovin	X-RAY DIFFRACTION	2.8	Inactive	A	[HOMOMER: chains A, B] [DB TRUNCATION: AI correctly identified chains A, B, but DB requires 1. Auto-selected primary chain A based on: Homomer (2 identical GPCR chains) — Rank 4: Preserving AI's originally correct choice (Chain A)] [WARNING: Ligands are bound to truncated chains B!]	2001-07-04	A	opsd_bovin	B
1L9H	opsd_bovin	X-RAY DIFFRACTION	2.6	Inactive	A	[HOMOMER: chains A, B] [DB TRUNCATION: AI correctly identified chains A, B, but DB requires 1. Auto-selected primary chain A based on: Homomer (2 identical GPCR chains) — Rank 4: Preserving AI's originally correct choice (Chain A)] [WARNING: Ligands are bound to truncated chains B!]	2002-05-15	A	opsd_bovin	B
1U19	opsd_bovin	X-RAY DIFFRACTION	2.2	Inactive	A	[HOMOMER: chains A, B] [DB TRUNCATION: AI correctly identified chains A, B, but DB requires 1. Auto-selected primary chain A based on: Homomer (2 identical GPCR chains) — Rank 4: Preserving AI's originally correct choice (Chain A)] [WARNING: Ligands are bound to truncated chains B!]	2004-10-12	A	opsd_bovin	B
20ZX	lpar5_human	ELECTRON MICROSCOPY	2.96	Active	R		2026-06-17	C		
21DU	agrg6_human	ELECTRON MICROSCOPY	2.9	Active	R		2026-02-11	E		
23SO	oprm_human	ELECTRON MICROSCOPY	2.95	Active	M	[HOMOMER: chains M, R] [DB TRUNCATION: AI correctly identified chains M, R, but DB requires 1. Auto-selected primary chain M based on: Homomer (2 identical GPCR chains) — Rank 4: Preserving AI's originally correct choice (Chain M)] [WARNING: Ligands are bound to truncated chains R!]	2026-07-01	D	oprm_human	R
24XY	p2y13_human	ELECTRON MICROSCOPY	3.0	Active	R		2026-06-10	A		
25IF	c5ar2_mouse	ELECTRON MICROSCOPY	3.42	Active	A		2026-07-01	A		
25IK	mas_human	ELECTRON MICROSCOPY	3.0	Active	R		2026-05-20	A		
25IL	mas_human	ELECTRON MICROSCOPY	3.2	Active	R		2026-05-20	C		
25ST	ta2r4_human	ELECTRON MICROSCOPY	3.0	Active	R		2026-06-24	E		
25SU	ta2r4_human	ELECTRON MICROSCOPY	3.3	Active	R		2026-07-15	A		
26XH	oxgr1_human	ELECTRON MICROSCOPY	2.82	Active	R		2026-06-17	D		
2G87	opsd_bovin	X-RAY DIFFRACTION	2.6	Intermediate	A	[HOMOMER: chains A, B] [MISSED_PROTOMER] at 'oligomer_analysis': GPCR roster has chains ['A', 'B'] but AI only reported ['A']. Missed: ['B'].	2006-09-02	A	opsd_bovin	B
2HPY	opsd_bovin	X-RAY DIFFRACTION	2.8	Intermediate	A	[HOMOMER: chains A, B] [DB TRUNCATION: AI correctly identified chains A, B, but DB requires 1. Auto-selected primary chain A based on: Homomer (2 identical GPCR chains) — Rank 4: Preserving AI's originally correct choice (Chain A)] [WARNING: Ligands are bound to truncated chains B!]	2006-08-22	A	opsd_bovin	B
2I36	opsd_bovin	X-RAY DIFFRACTION	4.1	Inactive	A	[HOMOMER: chains A, B, C] [DB TRUNCATION: AI correctly identified chains A, B, C, but DB requires 1. Auto-selected primary chain A based on: Homomer (3 identical GPCR chains) — Rank 2: Ligand binds exclusively to GPCR Chain A]	2006-10-17	A	opsd_bovin	B, C
2I37	opsd_bovin	X-RAY DIFFRACTION	4.15	Active	A	[HOMOMER: chains A, B, C] [DB TRUNCATION: AI correctly identified chains A, B, C, but DB requires 1. Auto-selected primary chain A based on: Homomer (3 identical GPCR chains) — Rank 4: Preserving AI's originally correct choice (Chain A)]	2006-10-17	A	opsd_bovin	B, C
2J4Y	opsd_bovin	X-RAY DIFFRACTION	3.4	Inactive	A	[HOMOMER: chains A, B] [DB TRUNCATION: AI correctly identified chains A, B, but DB requires 1. Auto-selected primary chain A based on: Homomer (2 identical GPCR chains) — Rank 4: Preserving AI's originally correct choice (Chain A)] [WARNING: Ligands are bound to truncated chains B!]	2007-09-25	A	opsd_bovin	B
2PED	opsd_bovin	X-RAY DIFFRACTION	2.95	Inactive	A	[HOMOMER: chains A, B] [DB TRUNCATION: AI correctly identified chains A, B, but DB requires 1. Auto-selected primary chain A based on: Homomer (2 identical GPCR chains) — Rank 4: Preserving AI's originally correct choice (Chain A)] [WARNING: Ligands are bound to truncated chains B!]	2007-10-30	A	opsd_bovin	B
2RH1	adrb2_human	X-RAY DIFFRACTION	2.4	Inactive	A		2007-10-30	A		
2VT4	adrb1_melga	X-RAY DIFFRACTION	2.7	Inactive	A	[HOMOMER: chains A, B, C, D] [DB TRUNCATION: AI correctly identified chains A, B, C, D, but DB requires 1. Auto-selected primary chain A based on: Homomer (4 identical GPCR chains) — Rank 4: Preserving AI's originally correct choice (Chain A)] [WARNING: Ligands are bound to truncated chains B, C, D!]	2008-06-24	A	adrb1_melga	B, C, D
2X72	opsd_bovin	X-RAY DIFFRACTION	3.0	Active	A		2011-03-16	A		
2Y00	adrb1_melga	X-RAY DIFFRACTION	2.5	Inactive	A	[HOMOMER: chains A, B] [DB TRUNCATION: AI correctly identified chains A, B, but DB requires 1. Auto-selected primary chain A based on: Homomer (2 identical GPCR chains) — Rank 2: Ligand binds exclusively to GPCR Chain A] [WARNING: Ligands are bound to truncated chains B!]	2011-01-12	A	adrb1_melga	B
2Y01	adrb1_melga	X-RAY DIFFRACTION	2.6	Inactive	A	[HOMOMER: chains A, B] [DB TRUNCATION: AI correctly identified chains A, B, but DB requires 1. Auto-selected primary chain A based on: Homomer (2 identical GPCR chains) — Rank 4: Preserving AI's originally correct choice (Chain A)] [WARNING: Ligands are bound to truncated chains B!]	2011-03-30	A	adrb1_melga	B
2Y02	adrb1_melga	X-RAY DIFFRACTION	2.6	Inactive	A	[HOMOMER: chains A, B] [DB TRUNCATION: AI correctly identified chains A, B, but DB requires 1. Auto-selected primary chain A based on: Homomer (2 identical GPCR chains) — Rank 2: Ligand binds exclusively to GPCR Chain A] [WARNING: Ligands are bound to truncated chains B!]	2011-01-12	A	adrb1_melga	B
2Y03	adrb1_melga	X-RAY DIFFRACTION	2.85	Inactive	A	[HOMOMER: chains A, B] [DB TRUNCATION: AI correctly identified chains A, B, but DB requires 1. Auto-selected primary chain A based on: Homomer (2 identical GPCR chains) — Rank 2: Ligand binds exclusively to GPCR Chain A] [WARNING: Ligands are bound to truncated chains B!]	2011-01-12	A	adrb1_melga	B
2Y04	adrb1_melga	X-RAY DIFFRACTION	3.05	Inactive	A	[HOMOMER: chains A, B] [DB TRUNCATION: AI correctly identified chains A, B, but DB requires 1. Auto-selected primary chain A based on: Homomer (2 identical GPCR chains) — Rank 2: Ligand binds exclusively to GPCR Chain A] [WARNING: Ligands are bound to truncated chains B!]	2011-01-12	A	adrb1_melga	B
2YCW	adrb1_melga	X-RAY DIFFRACTION	3.0	Inactive	A	[HOMOMER: chains A, B] [DB TRUNCATION: AI correctly identified chains A, B, but DB requires 1. Auto-selected primary chain A based on: Homomer (2 identical GPCR chains) — Rank 4: Preserving AI's originally correct choice (Chain A)] [WARNING: Ligands are bound to truncated chains B!]	2011-06-01	A	adrb1_melga	B
2Z73	opsd_todpa	X-RAY DIFFRACTION	2.5	Inactive	B	[HOMOMER: chains A, B] [DB TRUNCATION: AI correctly identified chains A, B, but DB requires 1. Auto-selected primary chain B based on: Homomer (2 identical GPCR chains) — Rank 2: Ligand binds exclusively to GPCR Chain B] [WARNING: Ligands are bound to truncated chains A!]	2008-05-13	B	opsd_todpa	A
3AYN	opsd_todpa	X-RAY DIFFRACTION	2.7	Inactive	B	The structure is of isorhodopsin, an artificial ground state containing 9-cis retinal. The receptor was C-terminally truncated by V8 protease at Glu373. [HOMOMER: chains A, B] [DB TRUNCATION: AI correctly identified chains A, B, but DB requires 1. Auto-selected primary chain B based on: Homomer (2 identical GPCR chains) — Rank 2: Ligand binds exclusively to GPCR Chain B] [WARNING: Ligands are bound to truncated chains A!]	2011-08-17	B	opsd_todpa	A
3C9L	opsd_bovin	X-RAY DIFFRACTION	2.646	Inactive	A		2008-08-05	A		
3CAP	opsd_bovin	X-RAY DIFFRACTION	2.9	Active	A	[HOMOMER: chains A, B] [DB TRUNCATION: AI correctly identified chains A, B, but DB requires 1. Auto-selected primary chain A based on: Homomer (2 identical GPCR chains) — Rank 4: Preserving AI's originally correct choice (Chain A)] [WARNING: Ligands are bound to truncated chains B!]	2008-06-24	A	opsd_bovin	B
3DQB	opsd_bovin	X-RAY DIFFRACTION	3.2	Active	A		2008-09-23	A		
3OAX	opsd_bovin	X-RAY DIFFRACTION	2.6	Inactive	A	[HOMOMER: chains A, B] [DB TRUNCATION: AI correctly identified chains A, B, but DB requires 1. Auto-selected primary chain A based on: Homomer (2 identical GPCR chains) — Rank 4: Preserving AI's originally correct choice (Chain A)] [WARNING: Ligands are bound to truncated chains B!]	2011-01-19	A	opsd_bovin	B
3ODU	cxcr4_human	X-RAY DIFFRACTION	2.5	Inactive	B	[HOMOMER: chains A, B] [DB TRUNCATION: AI correctly identified chains A, B, but DB requires 1. Auto-selected primary chain B based on: Homomer (2 identical GPCR chains) — Rank 2: Ligand binds exclusively to GPCR Chain B] [WARNING: Ligands are bound to truncated chains A!]	2010-10-27	B	cxcr4_human	A
3OE0	cxcr4_human	X-RAY DIFFRACTION	2.9	Inactive	A	Engineered CXCR4-3 construct featuring the L125W stabilizing mutation, T240P uncoupling mutation, and a C-terminal truncation.	2010-10-27	A		
3OE6	cxcr4_human	X-RAY DIFFRACTION	3.2	Inactive	A		2010-10-27	A		
3OE8	cxcr4_human	X-RAY DIFFRACTION	3.1	Inactive	A	[HOMOMER: chains A, B, C] [DB TRUNCATION: AI correctly identified chains A, B, C, but DB requires 1. Auto-selected primary chain A based on: Homomer (3 identical GPCR chains) — Rank 4: Preserving AI's originally correct choice (Chain A)] [WARNING: Ligands are bound to truncated chains B, C!]	2010-10-27	A	cxcr4_human	B, C
3PQR	opsd_bovin	X-RAY DIFFRACTION	2.85	Active	A		2011-03-09	A		
3SN6	adrb2_human	X-RAY DIFFRACTION	3.2	Active	R		2011-07-20	D		
3ZEV	ntr1_rat	X-RAY DIFFRACTION	3.0	Inactive	A	[HOMOMER: chains A, B] [DB TRUNCATION: AI correctly identified chains A, B, but DB requires 1. Auto-selected primary chain A based on: Homomer (2 identical GPCR chains) — Rank 2: Ligand binds exclusively to GPCR Chain A]	2014-01-29	A	ntr1_rat	B
3ZPR	adrb1_melga	X-RAY DIFFRACTION	2.7	Inactive	A	[HOMOMER: chains A, B] [DB TRUNCATION: AI correctly identified chains A, B, but DB requires 1. Auto-selected primary chain A based on: Homomer (2 identical GPCR chains) — Rank 4: Preserving AI's originally correct choice (Chain A)] [WARNING: Ligands are bound to truncated chains B!]	2013-04-03	A	adrb1_melga	B
4A4M	opsd_bovin	X-RAY DIFFRACTION	3.3	Active	A	Light-activated constitutively active mutant (N2C, M257Y, D282C). Contains an engineered disulfide bond (N2C-D282C) for thermal stability.	2012-01-25	A		
4AMJ	adrb1_melga	X-RAY DIFFRACTION	2.3	Inactive	A	[HOMOMER: chains A, B] [DB TRUNCATION: AI correctly identified chains A, B, but DB requires 1. Auto-selected primary chain A based on: Homomer (2 identical GPCR chains) — Rank 4: Preserving AI's originally correct choice (Chain A)] [WARNING: Ligands are bound to truncated chains B!]	2012-05-23	A	adrb1_melga	B
4BEY	opsd_bovin	X-RAY DIFFRACTION	2.9	Active	A		2013-05-08	A		
4BUO	ntr1_rat	X-RAY DIFFRACTION	2.75	Inactive	A	[HOMOMER: chains A, B] [DB TRUNCATION: AI correctly identified chains A, B, but DB requires 1. Auto-selected primary chain A based on: Homomer (2 identical GPCR chains) — Rank 4: Preserving AI's originally correct choice (Chain A)] [WARNING: Ligands are bound to truncated chains B!]	2014-01-29	A	ntr1_rat	B
4BVN	adrb1_melga	X-RAY DIFFRACTION	2.1	Inactive	A		2014-04-02	A		
4DAJ	acm3_rat	X-RAY DIFFRACTION	3.4	Inactive	A	[HOMOMER: chains A, B, C, D] [DB TRUNCATION: AI correctly identified chains A, B, C, D, but DB requires 1. Auto-selected primary chain A based on: Homomer (4 identical GPCR chains) — Rank 4: Preserving AI's originally correct choice (Chain A)] [WARNING: Ligands are bound to truncated chains B, C, D!]	2012-02-22	A	acm3_rat	B, C, D
4DKL	oprm_mouse	X-RAY DIFFRACTION	2.8	Inactive	A		2012-03-21	A		
4EA3	oprx_human	X-RAY DIFFRACTION	3.013	Inactive	A	[HOMOMER: chains A, B] [DB TRUNCATION: AI correctly identified chains A, B, but DB requires 1. Auto-selected primary chain A based on: Homomer (2 identical GPCR chains) — Rank 2: Ligand binds exclusively to GPCR Chain A] [WARNING: Ligands are bound to truncated chains B!]	2012-04-25	A	oprx_human	B
4EIY	aa2ar_human	X-RAY DIFFRACTION	1.8	Inactive	A		2012-07-25	A		
4J4Q	opsd_bovin	X-RAY DIFFRACTION	2.65	Active	A		2013-10-30	A		
4K5Y	crhr1_human	X-RAY DIFFRACTION	2.977	Inactive	B	[HOMOMER: chains A, B, C] [DB TRUNCATION: AI correctly identified chains A, B, C, but DB requires 1. Auto-selected primary chain B based on: Homomer (3 identical GPCR chains) — Rank 2: Ligand binds exclusively to GPCR Chain B] [WARNING: Ligands are bound to truncated chains A, C!]	2013-07-17	B	crhr1_human	A, C
4MBS	ccr5_human	X-RAY DIFFRACTION	2.71	Inactive	A	[HOMOMER: chains A, B] [DB TRUNCATION: AI correctly identified chains A, B, but DB requires 1. Auto-selected primary chain A based on: Homomer (2 identical GPCR chains) — Rank 4: Preserving AI's originally correct choice (Chain A)] [WARNING: Ligands are bound to truncated chains B!]	2013-09-11	A	ccr5_human	B
4QKX	adrb2_human	X-RAY DIFFRACTION	3.3	Active	A		2014-07-23	A		
4U15	acm3_rat	X-RAY DIFFRACTION	2.8	Inactive	A	[HOMOMER: chains A, B] [DB TRUNCATION: AI correctly identified chains A, B, but DB requires 1. Auto-selected primary chain A based on: Homomer (2 identical GPCR chains) — Rank 4: Preserving AI's originally correct choice (Chain A)] [WARNING: Ligands are bound to truncated chains B!]	2014-11-26	A	acm3_rat	B
4U16	acm3_rat	X-RAY DIFFRACTION	3.7	Inactive	A	[HOMOMER: chains A, B] [DB TRUNCATION: AI correctly identified chains A, B, but DB requires 1. Auto-selected primary chain A based on: Homomer (2 identical GPCR chains) — Rank 4: Preserving AI's originally correct choice (Chain A)] [WARNING: Ligands are bound to truncated chains B!]	2014-11-26	A	acm3_rat	B
4WW3	opsd_todpa	X-RAY DIFFRACTION	2.8	Intermediate	B	[HOMOMER: chains A, B] [DB TRUNCATION: AI correctly identified chains A, B, but DB requires 1. Auto-selected primary chain B based on: Homomer (2 identical GPCR chains) — Rank 2: Ligand binds exclusively to GPCR Chain B] [WARNING: Ligands are bound to truncated chains A!]	2015-06-17	B	opsd_todpa	A
4X1H	opsd_bovin	X-RAY DIFFRACTION	2.29	Active	A		2015-11-04	A		
4XNW	p2ry1_human	X-RAY DIFFRACTION	2.7	Inactive	A	[HOMOMER: chains A, C] [MISSED_PROTOMER] at 'oligomer_analysis': GPCR roster has chains ['A', 'C'] but AI only reported ['A']. Missed: ['C'].	2015-04-01	A	p2ry1_human	C
4ZJC	ox1r_human	X-RAY DIFFRACTION	2.832	Inactive	A		2016-03-09	A		
5A8E	adrb1_melga	X-RAY DIFFRACTION	2.4	Inactive	A	Thermostabilized construct (b44-TS) with nine mutations and truncations.	2015-09-30	A		
5CXV	acm1_human	X-RAY DIFFRACTION	2.7	Inactive	A	M1 receptor crystallized with N2Q, N12Q, and an unintentional N110Q mutation. T4-Lysozyme is fused in ICL3.	2016-03-09	A		
5D5A	adrb2_human	X-RAY DIFFRACTION	2.4826	Inactive	A		2016-01-13	A		
5DGY	opsd_human	X-RAY DIFFRACTION	7.7	Active	A	[HOMOMER: chains A, B, C, D] [DB TRUNCATION: AI correctly identified chains A, B, C, D, but DB requires 1. Auto-selected primary chain A based on: Homomer (4 identical GPCR chains) — Rank 4: Preserving AI's originally correct choice (Chain A)]	2016-03-23	A	opsd_human	B, C, D
5DHG	oprx_human	X-RAY DIFFRACTION	3.0	Inactive	A	[HOMOMER: chains A, B] [DB TRUNCATION: AI correctly identified chains A, B, but DB requires 1. Auto-selected primary chain A based on: Homomer (2 identical GPCR chains) — Rank 4: Preserving AI's originally correct choice (Chain A)] [WARNING: Ligands are bound to truncated chains B!]	2015-10-21	A	oprx_human	B
5DHH	oprx_human	X-RAY DIFFRACTION	3.004	Inactive	A	[HOMOMER: chains A, B] [DB TRUNCATION: AI correctly identified chains A, B, but DB requires 1. Auto-selected primary chain A based on: Homomer (2 identical GPCR chains) — Rank 4: Preserving AI's originally correct choice (Chain A)] [WARNING: Ligands are bound to truncated chains B!]	2015-10-21	A	oprx_human	B
5DSG	acm4_human	X-RAY DIFFRACTION	2.6	Inactive	A	[HOMOMER: chains A, B] [DB TRUNCATION: AI correctly identified chains A, B, but DB requires 1. Auto-selected primary chain A based on: Homomer (2 identical GPCR chains) — Rank 4: Preserving AI's originally correct choice (Chain A)] [WARNING: Ligands are bound to truncated chains B!]	2016-03-16	A	acm4_human	B
5EE7	glr_human	X-RAY DIFFRACTION	2.5	Inactive	A		2016-04-20	A		
5EN0	opsd_bovin	X-RAY DIFFRACTION	2.81	Active	A		2016-08-10	A		
5F8U	adrb1_melga	X-RAY DIFFRACTION	3.35	Inactive	A	[HOMOMER: chains A, B] [DB TRUNCATION: AI correctly identified chains A, B, but DB requires 1. Auto-selected primary chain A based on: Homomer (2 identical GPCR chains) — Rank 4: Preserving AI's originally correct choice (Chain A)] [WARNING: Ligands are bound to truncated chains B!]	2015-12-23	B	adrb1_melga	B
5K2C	aa2ar_human	X-RAY DIFFRACTION	1.9	Inactive	A		2016-09-21	A		
5L7D	smo_human	X-RAY DIFFRACTION	3.2	Inactive	A	[HOMOMER: chains A, B] [DB TRUNCATION: AI correctly identified chains A, B, but DB requires 1. Auto-selected primary chain A based on: Homomer (2 identical GPCR chains) — Rank 2: Ligand binds exclusively to GPCR Chain A]	2016-07-20	A	smo_human	B
5L7I	smo_human	X-RAY DIFFRACTION	3.3	Inactive	B	[HOMOMER: chains A, B] [DB TRUNCATION: AI correctly identified chains A, B, but DB requires 1. Auto-selected primary chain B based on: Homomer (2 identical GPCR chains) — Rank 2: Ligand binds exclusively to GPCR Chain B] [WARNING: Ligands are bound to truncated chains A!]	2016-07-20	B	smo_human	A
5NDZ	par2_human	X-RAY DIFFRACTION	3.6	Inactive	A		2017-05-03	A		
5O9H	c5ar1_human	X-RAY DIFFRACTION	2.7	Inactive	B	[HOMOMER: chains A, B] [DB TRUNCATION: AI correctly identified chains A, B, but DB requires 1. Auto-selected primary chain B based on: Homomer (2 identical GPCR chains) — Rank 2: Ligand binds exclusively to GPCR Chain B] [WARNING: Ligands are bound to truncated chains A!]	2018-01-10	B	c5ar1_human	A
5T04	ntr1_rat	X-RAY DIFFRACTION	3.3	Active	A		2016-12-21	A		
5UEN	aa1r_human	X-RAY DIFFRACTION	3.2	Inactive	A	[HOMOMER: chains A, B] [DB TRUNCATION: AI correctly identified chains A, B, but DB requires 1. Auto-selected primary chain A based on: Homomer (2 identical GPCR chains) — Rank 4: Preserving AI's originally correct choice (Chain A)] [WARNING: Ligands are bound to truncated chains B!]	2017-03-01	A	aa1r_human	B
5UNF	agtr2_human	X-RAY DIFFRACTION	2.8	Active	A	[HOMOMER: chains A, B] [DB TRUNCATION: AI correctly identified chains A, B, but DB requires 1. Auto-selected primary chain A based on: Homomer (2 identical GPCR chains) — Rank 4: Preserving AI's originally correct choice (Chain A)] [WARNING: Ligands are bound to truncated chains B!]	2017-04-05	A	agtr2_human	B
5UNH	agtr2_human	X-RAY DIFFRACTION	2.9	Active	A	[HOMOMER: chains A, B] [DB TRUNCATION: AI correctly identified chains A, B, but DB requires 1. Auto-selected primary chain A based on: Homomer (2 identical GPCR chains) — Rank 4: Preserving AI's originally correct choice (Chain A)] [WARNING: Ligands are bound to truncated chains B!]	2017-04-05	A	agtr2_human	B
5UZ7	calcr_human	ELECTRON MICROSCOPY	4.1	Active	R		2017-05-03	E		
5V56	smo_human	X-RAY DIFFRACTION	2.9	Inactive	A	[HOMOMER: chains A, B] [DB TRUNCATION: AI correctly identified chains A, B, but DB requires 1. Auto-selected primary chain A based on: Homomer (2 identical GPCR chains) — Rank 4: Preserving AI's originally correct choice (Chain A)] [WARNING: Ligands are bound to truncated chains B!]	2017-05-24	A	smo_human	B
5V57	smo_human	X-RAY DIFFRACTION	3.0	Inactive	A	[HOMOMER: chains A, B] [DB TRUNCATION: AI correctly identified chains A, B, but DB requires 1. Auto-selected primary chain A based on: Homomer (2 identical GPCR chains) — Rank 4: Preserving AI's originally correct choice (Chain A)] [WARNING: Ligands are bound to truncated chains B!]	2017-05-24	A	smo_human	B
5VEW	glp1r_human	X-RAY DIFFRACTION	2.7	Inactive	A	[HOMOMER: chains A, B] [DB TRUNCATION: AI correctly identified chains A, B, but DB requires 1. Auto-selected primary chain A based on: Homomer (2 identical GPCR chains) — Rank 2: Ligand binds exclusively to GPCR Chain A] [WARNING: Ligands are bound to truncated chains B!]	2017-05-24	A	glp1r_human	B
5WIU	drd4_human	X-RAY DIFFRACTION	1.962	Inactive	A		2017-10-18	A		
5WKT	opsd_bovin	X-RAY DIFFRACTION	3.2	Active	A		2017-12-13	A		
5X7D	adrb2_human	X-RAY DIFFRACTION	2.703	Inactive	A		2017-08-16	A		
5XF1	glr_human	X-RAY DIFFRACTION	3.19	Inactive	A	[HOMOMER: chains A, B] [DB TRUNCATION: AI correctly identified chains A, B, but DB requires 1. Auto-selected primary chain A based on: Homomer (2 identical GPCR chains) — Rank 4: Preserving AI's originally correct choice (Chain A)] [WARNING: Ligands are bound to truncated chains B!]	2017-05-24	A	glr_human	B
5XRA	cnr1_human	X-RAY DIFFRACTION	2.8	Active	A		2017-07-12	A		
5ZHP	acm3_rat	X-RAY DIFFRACTION	3.1	Inactive	A	[HOMOMER: chains A, B] [DB TRUNCATION: AI correctly identified chains A, B, but DB requires 1. Auto-selected primary chain A based on: Homomer (2 identical GPCR chains) — Rank 4: Preserving AI's originally correct choice (Chain A)] [WARNING: Ligands are bound to truncated chains B!]	2018-11-28	A	acm3_rat	B
5ZKQ	ptafr_human	X-RAY DIFFRACTION	2.9	Inactive	A	[HOMOMER: chains A, B] [DB TRUNCATION: AI correctly identified chains A, B, but DB requires 1. Auto-selected primary chain A based on: Homomer (2 identical GPCR chains) — Rank 4: Preserving AI's originally correct choice (Chain A)] [WARNING: Ligands are bound to truncated chains B!]	2018-06-20	A	ptafr_human	B
6AKX	ccr5_human	X-RAY DIFFRACTION	2.8	Inactive	A	[HOMOMER: chains A, B] [DB TRUNCATION: AI correctly identified chains A, B, but DB requires 1. Auto-selected primary chain A based on: Homomer (2 identical GPCR chains) — Rank 4: Preserving AI's originally correct choice (Chain A)] [WARNING: Ligands are bound to truncated chains B!]	2018-10-24	A	ccr5_human	B
6AKY	ccr5_human	X-RAY DIFFRACTION	2.8	Inactive	A		2018-10-24	A		
6C1R	c5ar1_human	X-RAY DIFFRACTION	2.2	Inactive	B		2018-05-30	A		
6CMO	opsd_human	ELECTRON MICROSCOPY	4.5	Active	R	Constitutively active rhodopsin (4M mutant) containing mutations N2C, E113Q, M257Y, and N282C.	2018-06-20	A		
6D26	pd2r2_human	X-RAY DIFFRACTION	2.798	Inactive	A		2018-10-03	A		
6D27	pd2r2_human	X-RAY DIFFRACTION	2.738	Inactive	A		2018-10-03	A		
6D32	smos_xenla	X-RAY DIFFRACTION	3.751	Active	A		2018-05-23	A		
6E67	adrb2_human	X-RAY DIFFRACTION	3.7	Active	A	[HOMOMER: chains A, B] [DB TRUNCATION: AI correctly identified chains A, B, but DB requires 1. Auto-selected primary chain A based on: Homomer (2 identical GPCR chains) — Rank 4: Preserving AI's originally correct choice (Chain A)] [WARNING: Ligands are bound to truncated chains B!]	2019-06-05	A	adrb2_human	B
6FJ3	pth1r_human	X-RAY DIFFRACTION	2.5	Inactive	A		2018-11-21	A		
6H7J	adrb1_melga	X-RAY DIFFRACTION	2.8	Active	A	[HOMOMER: chains A, B] [DB TRUNCATION: AI correctly identified chains A, B, but DB requires 1. Auto-selected primary chain A based on: Homomer (2 identical GPCR chains) — Rank 4: Preserving AI's originally correct choice (Chain A)] [WARNING: Ligands are bound to truncated chains B!]	2018-10-17	B	adrb1_melga	B
6H7O	adrb1_melga	X-RAY DIFFRACTION	2.8	Active	A	[HOMOMER: chains A, B] [DB TRUNCATION: AI correctly identified chains A, B, but DB requires 1. Auto-selected primary chain A based on: Homomer (2 identical GPCR chains) — Rank 4: Preserving AI's originally correct choice (Chain A)] [WARNING: Ligands are bound to truncated chains B!]	2018-10-17	B	adrb1_melga	B
6K42	ada2b_human	ELECTRON MICROSCOPY	4.1	Active	R		2020-04-15	D		
6KUW	ada2c_human	X-RAY DIFFRACTION	2.8	Inactive	A	[HOMOMER: chains A, B] [DB TRUNCATION: AI correctly identified chains A, B, but DB requires 1. Auto-selected primary chain A based on: Homomer (2 identical GPCR chains) — Rank 2: Ligand binds exclusively to GPCR Chain A] [WARNING: Ligands are bound to truncated chains B!]	2019-12-04	A	ada2c_human	B
6LN2	glp1r_human	X-RAY DIFFRACTION	3.2	Inactive	A		2020-03-18	A		
6LPL	aa2ar_human	X-RAY DIFFRACTION	2.0	Inactive	A		2020-11-25	A		
6ME6	mtr1b_human	X-RAY DIFFRACTION	2.8	Inactive	A	[HOMOMER: chains A, B] [DB TRUNCATION: AI correctly identified chains A, B, but DB requires 1. Auto-selected primary chain A based on: Homomer (2 identical GPCR chains) — Rank 2: Ligand binds exclusively to GPCR Chain A] [WARNING: Ligands are bound to truncated chains B!]	2019-04-24	A	mtr1b_human	B
6ME7	mtr1b_human	X-RAY DIFFRACTION	3.2	Inactive	A	[HOMOMER: chains A, B] [DB TRUNCATION: AI correctly identified chains A, B, but DB requires 1. Auto-selected primary chain A based on: Homomer (2 identical GPCR chains) — Rank 2: Ligand binds exclusively to GPCR Chain A] [WARNING: Ligands are bound to truncated chains B!]	2019-04-24	A	mtr1b_human	B
6MEO	ccr5_human	ELECTRON MICROSCOPY	3.9	Inactive	B		2018-12-12	C		
6MET	ccr5_human	ELECTRON MICROSCOPY	4.5	Inactive	B		2018-12-12	C		
6NBF	pth1r_human	ELECTRON MICROSCOPY	3.0	Active	R		2019-04-17	A		
6NBH	pth1r_human	ELECTRON MICROSCOPY	3.5	Active	R		2019-04-17	A		
6NBI	pth1r_human	ELECTRON MICROSCOPY	4.0	Active	R		2019-04-17	A		
6NWE	opsd_bovin	X-RAY DIFFRACTION	2.705	Active	A		2020-02-12	A		
6O3C	smo_mouse	X-RAY DIFFRACTION	2.8	Active	A		2019-07-03	A		
6OIJ	acm1_human	ELECTRON MICROSCOPY	3.3	Active	R		2019-05-08	B		
6OY9	opsd_bovin	ELECTRON MICROSCOPY	3.9	Active	R		2019-07-24	D		
6OYA	opsd_bovin	ELECTRON MICROSCOPY	3.3	Active	R		2019-07-24	E		
6PB0	crhr1_human	ELECTRON MICROSCOPY	3.0	Active	R		2020-02-12	A		
6PEL	opsd_bovin	X-RAY DIFFRACTION	3.186	Active	A		2020-06-24	A		
6PGS	opsd_bovin	X-RAY DIFFRACTION	2.905	Active	A		2020-07-01	A		
6PH7	opsd_bovin	X-RAY DIFFRACTION	2.902	Active	A		2020-07-01	A		
6PT2	oprd_human	X-RAY DIFFRACTION	2.8	Active	A	[HOMOMER: chains A, B] [DB TRUNCATION: AI correctly identified chains A, B, but DB requires 1. Auto-selected primary chain A based on: Homomer (2 identical GPCR chains) — Rank 2: Ligand binds exclusively to GPCR Chain A] [WARNING: Ligands are bound to truncated chains B!]	2019-12-11	A	oprd_human	B
6PT3	oprd_human	X-RAY DIFFRACTION	3.3	Active	A	[HOMOMER: chains A, B] [DB TRUNCATION: AI correctly identified chains A, B, but DB requires 1. Auto-selected primary chain A based on: Homomer (2 identical GPCR chains) — Rank 4: Preserving AI's originally correct choice (Chain A)] [WARNING: Ligands are bound to truncated chains B!]	2019-12-11	A	oprd_human	B
6QNO	opsd_bovin	ELECTRON MICROSCOPY	4.38	Active	R		2019-07-10	F		
6RZ5	cltr1_human	X-RAY DIFFRACTION	2.53	Inactive	B	[HOMOMER: chains A, B] [DB TRUNCATION: AI correctly identified chains A, B, but DB requires 1. Auto-selected primary chain B based on: Homomer (2 identical GPCR chains) — Rank 2: Ligand binds exclusively to GPCR Chain B] [WARNING: Ligands are bound to truncated chains A!]	2019-10-30	B	cltr1_human	A
6TOD	ox1r_human	X-RAY DIFFRACTION	2.11	Inactive	A	[HOMOMER: chains A, B] [DB TRUNCATION: AI correctly identified chains A, B, but DB requires 1. Auto-selected primary chain A based on: Homomer (2 identical GPCR chains) — Rank 4: Preserving AI's originally correct choice (Chain A)] [WARNING: Ligands are bound to truncated chains B!]	2020-01-01	A	ox1r_human	B
6TP4	ox1r_human	X-RAY DIFFRACTION	3.011	Inactive	A	[HOMOMER: chains A, B] [DB TRUNCATION: AI correctly identified chains A, B, but DB requires 1. Auto-selected primary chain A based on: Homomer (2 identical GPCR chains) — Rank 2: Ligand binds exclusively to GPCR Chain A] [WARNING: Ligands are bound to truncated chains B!]	2020-01-01	A	ox1r_human	B
6TP6	ox1r_human	X-RAY DIFFRACTION	2.338	Inactive	A	[HOMOMER: chains A, B] [DB TRUNCATION: AI correctly identified chains A, B, but DB requires 1. Auto-selected primary chain A based on: Homomer (2 identical GPCR chains) — Rank 4: Preserving AI's originally correct choice (Chain A)] [WARNING: Ligands are bound to truncated chains B!]	2020-01-01	A	ox1r_human	B
6TPJ	ox2r_human	X-RAY DIFFRACTION	2.74	Inactive	A	[HOMOMER: chains A, B] [DB TRUNCATION: AI correctly identified chains A, B, but DB requires 1. Auto-selected primary chain A based on: Homomer (2 identical GPCR chains) — Rank 4: Preserving AI's originally correct choice (Chain A)] [WARNING: Ligands are bound to truncated chains B!]	2020-01-01	A	ox2r_human	B
6TQ4	ox1r_human	X-RAY DIFFRACTION	2.299	Inactive	A	[HOMOMER: chains A, B] [DB TRUNCATION: AI correctly identified chains A, B, but DB requires 1. Auto-selected primary chain A based on: Homomer (2 identical GPCR chains) — Rank 2: Ligand binds exclusively to GPCR Chain A] [WARNING: Ligands are bound to truncated chains B!]	2020-01-01	A	ox1r_human	B
6TQ7	ox1r_human	X-RAY DIFFRACTION	2.6636	Inactive	A	[HOMOMER: chains A, B] [DB TRUNCATION: AI correctly identified chains A, B, but DB requires 1. Auto-selected primary chain A based on: Homomer (2 identical GPCR chains) — Rank 4: Preserving AI's originally correct choice (Chain A)] [WARNING: Ligands are bound to truncated chains B!]	2020-01-01	A	ox1r_human	B
6TQ9	ox1r_human	X-RAY DIFFRACTION	2.655	Inactive	A	[HOMOMER: chains A, B] [DB TRUNCATION: AI correctly identified chains A, B, but DB requires 1. Auto-selected primary chain A based on: Homomer (2 identical GPCR chains) — Rank 2: Ligand binds exclusively to GPCR Chain A] [WARNING: Ligands are bound to truncated chains B!]	2020-01-01	A	ox1r_human	B
6U1N	acm2_human	ELECTRON MICROSCOPY	4.0	Active	R		2020-02-26	A		
6UO9	gabr1_human	ELECTRON MICROSCOPY	4.8	Intermediate	A	[HETEROMER: chains A, B] [MISSED_PROTOMER] at 'oligomer_analysis': GPCR roster has chains ['A', 'B'] but AI only reported ['A']. Missed: ['B'].	2020-06-10	A	gabr2_human	B
6UOA	gabr1_human	ELECTRON MICROSCOPY	6.3	Intermediate	A	[HETEROMER: chains A, B] [MISSED_PROTOMER] at 'oligomer_analysis': GPCR roster has chains ['A', 'B'] but AI only reported ['A']. Missed: ['B'].	2020-06-10	A	gabr2_human	B
6UP7	ntr1_human	ELECTRON MICROSCOPY	4.2	Active	R		2020-02-26	C		
6VI4	oprk_human	X-RAY DIFFRACTION	3.3	Inactive	B	[HOMOMER: chains A, B] [DB TRUNCATION: AI correctly identified chains A, B, but DB requires 1. Auto-selected primary chain B based on: Homomer (2 identical GPCR chains) — Rank 2: Ligand binds exclusively to GPCR Chain B] [WARNING: Ligands are bound to truncated chains A!]	2020-03-18	B	oprk_human	A
6VMS	drd2_human	ELECTRON MICROSCOPY	3.8	Active	R		2020-06-17	E		
6W2Y	gabr1_human	ELECTRON MICROSCOPY	3.2	Active	A	[HOMOMER: chains A, B] [DB TRUNCATION: AI correctly identified chains A, B, but DB requires 1. Auto-selected primary chain A based on: Homomer (2 identical GPCR chains) — Rank 4: Preserving AI's originally correct choice (Chain A)] [WARNING: Ligands are bound to truncated chains B!]	2020-07-01	A	gabr1_human	B
6WH4	5ht2a_human	X-RAY DIFFRACTION	3.4	Inactive	A	[HOMOMER: chains A, B, C] [MISSED_PROTOMER] at 'oligomer_analysis': GPCR roster has chains ['A', 'B', 'C'] but AI only reported ['A']. Missed: ['B', 'C'].	2020-09-23	A	5ht2a_human	B, C
6WHA	5ht2a_human	ELECTRON MICROSCOPY	3.36	Active	A		2020-09-23	A		
6WIV	gabr1_human	ELECTRON MICROSCOPY	3.3	Inactive	A	[HETEROMER: chains A, B] [MISSED_PROTOMER] at 'oligomer_analysis': GPCR roster has chains ['A', 'B'] but AI only reported ['A']. Missed: ['B'].	2020-07-01	A	gabr2_human	B
6XBL	smo_human	ELECTRON MICROSCOPY	3.96	Active	R		2020-09-30	A		
6XBM	smo_human	ELECTRON MICROSCOPY	3.14	Active	R		2020-09-30	A		
6XOX	glp1r_human	ELECTRON MICROSCOPY	3.1	Active	R		2020-11-18	F		
6YVR	ntr1_rat	X-RAY DIFFRACTION	2.458	Inactive	A	[HOMOMER: chains AAA, BBB] [DB TRUNCATION: AI correctly identified chains AAA, BBB, but DB requires 1. Auto-selected primary chain AAA based on: Homomer (2 identical GPCR chains) — Rank 4: Preserving AI's originally correct choice (Chain AAA)]	2021-02-10	A	ntr1_rat	BBB
6Z8N	ntr1_rat	X-RAY DIFFRACTION	2.803	Active	A		2021-02-10	A		
7AD3	ste2_yeast	ELECTRON MICROSCOPY	3.5	Active	A	[HOMOMER: chains A, B] [DB TRUNCATION: AI correctly identified chains A, B, but DB requires 1. Auto-selected primary chain A based on: Homomer (2 identical GPCR chains) — Rank 4: Preserving AI's originally correct choice (Chain A)]	2020-12-09	B	ste2_yeast	B
7B6W	ada1b_human	X-RAY DIFFRACTION	2.873	Inactive	A	Engineered alpha1B-AR variant (alpha1BARXTAL) with stabilizing mutations and truncations, fused to a C-terminal DARPin crystallization chaperone.	2022-01-12	A		
7BVQ	adrb1_human	X-RAY DIFFRACTION	2.5	Inactive	A	[HOMOMER: chains A, B] [DB TRUNCATION: AI correctly identified chains A, B, but DB requires 1. Auto-selected primary chain A based on: Homomer (2 identical GPCR chains) — Rank 2: Ligand binds exclusively to GPCR Chain A] [WARNING: Ligands are bound to truncated chains B!]	2020-12-02	A	adrb1_human	B
7BW0	gpbar_human	ELECTRON MICROSCOPY	3.9	Active	R		2020-09-02	A		
7C6A	agtr2_human	X-RAY DIFFRACTION	3.4	Active	A		2020-07-29	C		
7CA3	gabr1_human	ELECTRON MICROSCOPY	4.5	Active	A	[HETEROMER: chains A, B] [MISSED_PROTOMER] at 'oligomer_analysis': GPCR roster has chains ['A', 'B'] but AI only reported ['A']. Missed: ['B'].	2020-11-11	A	gabr2_human	B
7CFM	gpbar_human	ELECTRON MICROSCOPY	3.0	Active	R		2020-09-09	E		
7CFN	gpbar_human	ELECTRON MICROSCOPY	3.0	Active	R		2020-09-09	E		
7CKZ	drd1_human	ELECTRON MICROSCOPY	3.1	Active	R		2021-03-03	E		
7CZ5	ghrhr_human	ELECTRON MICROSCOPY	2.6	Active	R		2020-11-18	A		
7D68	glp2r_human	ELECTRON MICROSCOPY	3.0	Active	R		2020-12-16	F		
7D76	agrg3_human	ELECTRON MICROSCOPY	3.1	Active	R		2021-02-03	D		
7D77	agrg3_human	ELECTRON MICROSCOPY	2.9	Active	R		2021-02-03	D		
7DD5	a0a8i3azv5_chick	ELECTRON MICROSCOPY	3.2	Inactive	A		2021-06-16	A, B		
7DD6	a0a8i3azv5_chick	ELECTRON MICROSCOPY	3.2	Active	A		2021-06-16	A, B		
7DD7	a0a8i3azv5_chick	ELECTRON MICROSCOPY	3.2	Active	B		2021-06-16	A, B		
7DFL	hrh1_human	ELECTRON MICROSCOPY	3.3	Active	R		2021-03-31	A		
7DTT	casr_human	ELECTRON MICROSCOPY	3.8	Active	A	[HOMOMER: chains A, B] [DB TRUNCATION: AI correctly identified chains A, B, but DB requires 1. Auto-selected primary chain A based on: Homomer (2 identical GPCR chains) — Rank 4: Preserving AI's originally correct choice (Chain A)] [WARNING: Ligands are bound to truncated chains B!]	2021-03-10	A	casr_human	B
7DTY	gipr_human	ELECTRON MICROSCOPY	2.98	Active	R		2021-08-04	A		
7E14	glp1r_human	ELECTRON MICROSCOPY	2.9	Active	R		2021-07-07	E		
7E2X	5ht1a_human	ELECTRON MICROSCOPY	3.0	Active	R		2021-04-14	D		
7E2Y	5ht1a_human	ELECTRON MICROSCOPY	3.0	Active	R		2021-04-14	D		
7E2Z	5ht1a_human	ELECTRON MICROSCOPY	3.1	Active	R		2021-04-14	D		
7E6T	casr_human	ELECTRON MICROSCOPY	3.0	Active	A	[HOMOMER: chains A, B] [DB TRUNCATION: AI correctly identified chains A, B, but DB requires 1. Auto-selected primary chain A based on: Homomer (2 identical GPCR chains) — Rank 4: Preserving AI's originally correct choice (Chain A)] [WARNING: Ligands are bound to truncated chains B!]	2021-09-22	B	casr_human	B
7EIB	bkrb1_human	ELECTRON MICROSCOPY	3.0	Active	A		2021-10-13	A		
7EPB	grm2_human	ELECTRON MICROSCOPY	3.1	Active	A	[HOMOMER: chains A, B] [DB TRUNCATION: AI correctly identified chains A, B, but DB requires 1. Auto-selected primary chain A based on: Homomer (2 identical GPCR chains) — Rank 4: Preserving AI's originally correct choice (Chain A)] [WARNING: Ligands are bound to truncated chains B!]	2021-06-23	A	grm2_human	B
7EQ1	agrg5_human	ELECTRON MICROSCOPY	3.3	Active	R		2022-05-11	B		
7EWP	mglyr_human	ELECTRON MICROSCOPY	4.3	Inactive	A	[HOMOMER: chains A, B] [DB TRUNCATION: AI correctly identified chains A, B, but DB requires 1. Auto-selected primary chain A based on: Homomer (2 identical GPCR chains) — Rank 4: Preserving AI's originally correct choice (Chain A)]	2021-12-01	A	mglyr_human	B
7EWR	mglyr_human	ELECTRON MICROSCOPY	4.7	Intermediate	A	[HOMOMER: chains A, B] [DB TRUNCATION: AI correctly identified chains A, B, but DB requires 1. Auto-selected primary chain A based on: Homomer (2 identical GPCR chains) — Rank 4: Preserving AI's originally correct choice (Chain A)]	2021-12-01	C	mglyr_human	B
7EZC	aa2ar_human	X-RAY DIFFRACTION	3.8	Intermediate	A	[HOMOMER: chains A, B] [DB TRUNCATION: AI correctly identified chains A, B, but DB requires 1. Auto-selected primary chain A based on: Homomer (2 identical GPCR chains) — Rank 4: Preserving AI's originally correct choice (Chain A)] [WARNING: Ligands are bound to truncated chains B!]	2022-04-13	A	aa2ar_human	B
7EZM	cckar_human	ELECTRON MICROSCOPY	2.9	Active	D		2021-08-25	C		
7F16	pth2r_human	ELECTRON MICROSCOPY	2.8	Active	R		2021-08-18	A		
7F1T	ccr5_human	X-RAY DIFFRACTION	2.6	Inactive	A		2021-07-14	A		
7F2O	bkrb2_human	ELECTRON MICROSCOPY	2.9	Active	R	B2 bradykinin receptor (residues 40-370) with N-terminal BRIL and C-terminal LgBiT fusions; contains C146W(3.41) mutation.	2021-10-13	D		
7F4D	mshr_human	ELECTRON MICROSCOPY	3.0	Active	R		2021-09-08	E		
7F4F	mshr_human	ELECTRON MICROSCOPY	2.9	Active	R		2021-09-08	B		
7F4H	mshr_human	ELECTRON MICROSCOPY	2.7	Active	R		2021-09-08	E		
7F4I	mshr_human	ELECTRON MICROSCOPY	3.1	Active	R		2021-09-08	E		
7F61	hrh3_human	X-RAY DIFFRACTION	2.6	Inactive	A		2022-10-26	A		
7F6G	agtr1_human	ELECTRON MICROSCOPY	2.9	Active	A		2023-03-29	A		
7F6H	bkrb2_human	ELECTRON MICROSCOPY	2.9	Active	A		2022-01-05	A		
7F83	ghsr_human	X-RAY DIFFRACTION	2.94	Inactive	A	[HOMOMER: chains A, B] [DB TRUNCATION: AI correctly identified chains A, B, but DB requires 1. Auto-selected primary chain A based on: Homomer (2 identical GPCR chains) — Rank 4: Preserving AI's originally correct choice (Chain A)] [WARNING: Ligands are bound to truncated chains B!]	2022-01-19	A	ghsr_human	B
7F8W	gasr_human	ELECTRON MICROSCOPY	3.1	Active	R		2021-10-13	F		
7F9Y	ghsr_human	ELECTRON MICROSCOPY	2.9	Active	R		2021-08-18	F		
7F9Z	ghsr_human	ELECTRON MICROSCOPY	3.2	Active	R		2021-08-18	G		
7FIG	lshr_human	ELECTRON MICROSCOPY	3.9	Active	R		2021-09-29	E		
7FIH	lshr_human	ELECTRON MICROSCOPY	3.2	Active	R		2021-09-29	D		
7FII	lshr_human	ELECTRON MICROSCOPY	4.3	Active	R		2021-09-29	D		
7FIM	glp1r_human	ELECTRON MICROSCOPY	3.4	Active	R		2022-03-02	D		
7FIN	gipr_human	ELECTRON MICROSCOPY	3.1	Active	R		2022-02-23	A		
7FIY	gipr_human	ELECTRON MICROSCOPY	3.4	Active	R		2022-03-02	A		
7IN4	aa2ar_human	X-RAY DIFFRACTION	2.66	Inactive	A		2026-05-20	A		
7INC	aa2ar_human	X-RAY DIFFRACTION	2.18	Inactive	A		2026-05-20	A		
7IOF	aa2ar_human	X-RAY DIFFRACTION	1.9	Inactive	A		2026-05-20	A		
7ION	aa2ar_human	X-RAY DIFFRACTION	2.14	Inactive	A		2026-05-20	A		
7IOR	aa2ar_human	X-RAY DIFFRACTION	1.89	Inactive	A		2026-05-20	A		
7IPF	aa2ar_human	X-RAY DIFFRACTION	1.9	Inactive	A		2026-05-20	A		
7JJO	adrb1_melga	ELECTRON MICROSCOPY	2.6	Active	R		2020-09-02	E		
7KI0	glp1r_human	ELECTRON MICROSCOPY	2.5	Active	R		2021-08-04	F		
7KNU	calrl_human	ELECTRON MICROSCOPY	3.49	Inactive	R		2021-02-24	C		
7L1U	ox2r_human	ELECTRON MICROSCOPY	3.2	Active	R		2021-02-10	E		
7L1V	ox2r_human	ELECTRON MICROSCOPY	3.0	Active	R		2021-02-10	E		
7LJC	drd1_human	ELECTRON MICROSCOPY	3.0	Active	R		2021-03-03	A		
7LJD	drd1_human	ELECTRON MICROSCOPY	3.2	Active	R		2021-03-03	A		
7MBY	cckar_human	ELECTRON MICROSCOPY	2.44	Active	R		2021-05-26	D		
7P00	nk1r_human	ELECTRON MICROSCOPY	2.71	Active	R		2021-12-15	E		
7QVM	oxyr_human	ELECTRON MICROSCOPY	3.25	Active	R		2022-08-10	E		
7RAN	5ht2a_human	ELECTRON MICROSCOPY	3.45	Active	A		2022-07-06	A		
7RKF	us28_hcmva	ELECTRON MICROSCOPY	4.0	Intermediate	R		2022-01-26	F		
7RKM	us28_hcmva	ELECTRON MICROSCOPY	3.5	Active	R		2022-01-26	F		
7RMG	nk1r_human	ELECTRON MICROSCOPY	3.0	Active	R		2021-11-03	B		
7RMI	nk1r_human	ELECTRON MICROSCOPY	3.2	Active	R		2021-11-03	B		
7RYC	oxyr_human	ELECTRON MICROSCOPY	2.9	Active	O		2022-03-09	B		
7S0F	adrb1_melga	ELECTRON MICROSCOPY	2.96	Active	R		2021-11-17	A		
7S0G	adrb1_melga	ELECTRON MICROSCOPY	3.86	Active	R		2021-11-17	A		
7S3I	glp1r_human	ELECTRON MICROSCOPY	2.51	Active	R		2022-01-05	E		
7S8L	mrgx2_human	ELECTRON MICROSCOPY	2.45	Active	R		2021-11-17	A		
7S8N	mrgx2_human	ELECTRON MICROSCOPY	2.9	Active	R		2021-11-17	D		
7S8P	mrgx4_human	ELECTRON MICROSCOPY	2.6	Active	R		2021-11-17	E		
7SHE	mglyr_human	ELECTRON MICROSCOPY	3.4	Inactive	A	[HOMOMER: chains A, B] [DB TRUNCATION: AI correctly identified chains A, B, but DB requires 1. Auto-selected primary chain A based on: Homomer (2 identical GPCR chains) — Rank 2: Ligand binds exclusively to GPCR Chain A] [WARNING: Ligands are bound to truncated chains B!]	2021-12-01	A	mglyr_human	B
7SHF	mglyr_human	ELECTRON MICROSCOPY	3.4	Inactive	A	[HOMOMER: chains A, B] [DB TRUNCATION: AI correctly identified chains A, B, but DB requires 1. Auto-selected primary chain A based on: Homomer (2 identical GPCR chains) — Rank 2: Ligand binds exclusively to GPCR Chain A] [WARNING: Ligands are bound to truncated chains B!]	2021-12-01	D	mglyr_human	B
7SIM	casr_human	ELECTRON MICROSCOPY	2.7	Active	A	[HOMOMER: chains A, B] [DB TRUNCATION: AI correctly identified chains A, B, but DB requires 1. Auto-selected primary chain A based on: Homomer (2 identical GPCR chains) — Rank 4: Preserving AI's originally correct choice (Chain A)] [WARNING: Ligands are bound to truncated chains B!]	2022-01-19	A	casr_human	B
7SR8	ox2r_human	ELECTRON MICROSCOPY	3.3	Active	R		2022-06-08	E		
7SRR	5ht2b_human	ELECTRON MICROSCOPY	2.9	Active	R		2022-09-21	E		
7T6T	fpr1_human	ELECTRON MICROSCOPY	3.2	Active	R		2022-03-30	E		
7T6U	fpr2_human	ELECTRON MICROSCOPY	2.9	Active	R		2022-03-30	F		
7T9I	tshr_human	ELECTRON MICROSCOPY	2.9	Active	R		2022-08-03	D		
7TD0	lpar1_human	ELECTRON MICROSCOPY	2.83	Active	R		2022-02-09	A		
7TD1	lpar1_human	ELECTRON MICROSCOPY	3.08	Active	R		2022-02-09	A		
7TD2	lpar1_human	ELECTRON MICROSCOPY	3.11	Active	R	LPA1-Gi signaling complex in state a' (as defined by the paper). The receptor construct includes residues 2-340.	2022-02-09	A		
7TD3	s1pr1_human	ELECTRON MICROSCOPY	3.0	Active	R		2022-02-09	D		
7TD4	s1pr1_human	ELECTRON MICROSCOPY	2.6	Active	R		2022-02-09	D		
7TRY	crhr2_human	ELECTRON MICROSCOPY	3.7	Active	P		2022-11-09	A		
7TS0	crhr2_human	ELECTRON MICROSCOPY	2.8	Active	P		2022-11-09	A		
7UL2	ntr1_human	ELECTRON MICROSCOPY	2.4	Inactive	R		2022-06-29	A		
7UM4	5ht5a_human	X-RAY DIFFRACTION	2.8	Inactive	A		2022-07-20	A		
7UTZ	tshr_human	ELECTRON MICROSCOPY	2.4	Active	R		2022-08-03	D		
7V35	glr_human	ELECTRON MICROSCOPY	3.5	Active	R		2022-03-02	F		
7V3Z	cnr1_human	X-RAY DIFFRACTION	3.29	Active	A		2021-11-24	A		
7VKT	lt4r1_human	ELECTRON MICROSCOPY	2.9	Active	A		2022-03-09	A		
7VOD	5ht2a_human	X-RAY DIFFRACTION	3.3	Inactive	A		2021-12-22	A		
7VQX	vipr2_human	ELECTRON MICROSCOPY	2.74	Active	R		2022-05-18	F		
7VUH	gp139_human	ELECTRON MICROSCOPY	3.22	Active	R		2021-12-29	E		
7VUI	gp139_human	ELECTRON MICROSCOPY	3.3	Active	R		2021-12-29	E		
7VUJ	gp139_human	ELECTRON MICROSCOPY	3.8	Active	R		2021-12-29	E		
7VUY	mrgx2_human	ELECTRON MICROSCOPY	2.84	Active	R		2021-12-01	A		
7VUZ	mrgx2_human	ELECTRON MICROSCOPY	2.89	Active	R		2021-12-01	A		
7W3Z	grpr_human	ELECTRON MICROSCOPY	3.0	Active	A		2023-02-22	A		
7W40	grpr_human	ELECTRON MICROSCOPY	3.0	Active	A		2023-02-22	A		
7W53	nmur1_human	ELECTRON MICROSCOPY	3.2	Active	R		2022-04-20	F		
7W55	nmur2_human	ELECTRON MICROSCOPY	2.8	Active	R		2022-04-20	F		
7W56	nmur1_human	ELECTRON MICROSCOPY	2.9	Active	R		2022-04-20	F		
7W57	nmur2_human	ELECTRON MICROSCOPY	3.2	Active	R		2022-04-20	F		
7W7E	ada2a_human	ELECTRON MICROSCOPY	3.4	Active	R		2022-09-28	E		
7WBJ	vipr2_human	ELECTRON MICROSCOPY	3.42	Active	R		2022-05-18	A		
7WKD	trfr_human	ELECTRON MICROSCOPY	3.01	Active	R		2022-06-15	E		
7WQ4	galr2_human	ELECTRON MICROSCOPY	2.6	Active	R		2022-04-20	A		
7WU3	agrf1_human	ELECTRON MICROSCOPY	3.1	Active	R		2022-04-27	E		
7WU5	agrf1_human	ELECTRON MICROSCOPY	3.0	Active	R		2022-04-27	D		
7WUI	agrg2_mouse	ELECTRON MICROSCOPY	3.1	Active	R		2022-04-27	E		
7WV9	cnr1_human	ELECTRON MICROSCOPY	3.36	Active	R		2022-06-15	D		
7WVY	fpr2_human	ELECTRON MICROSCOPY	3.0	Active	R		2022-04-13	B		
7WXU	agrf1_human	ELECTRON MICROSCOPY	2.85	Active	R	GPR110 CTF (residues 567-873) in complex with mini-Gq heterotrimer and Nb35.	2022-09-28	E		
7WY5	agrl3_mouse	ELECTRON MICROSCOPY	2.83	Active	R		2022-10-26	E		
7X1T	trfr_human	ELECTRON MICROSCOPY	3.26	Active	A		2022-08-31	B		
7X1U	trfr_human	ELECTRON MICROSCOPY	3.19	Active	A		2022-08-31	B		
7X2C	drd1_human	ELECTRON MICROSCOPY	3.2	Active	F		2022-06-29	A		
7X8R	glp1r_human	ELECTRON MICROSCOPY	2.61	Active	R		2022-06-29	E		
7X8S	glp1r_human	ELECTRON MICROSCOPY	3.09	Active	R		2022-06-29	E		
7XBD	galr2_human	ELECTRON MICROSCOPY	3.11	Active	A		2022-07-13	A		
7XBW	cx3c1_human	ELECTRON MICROSCOPY	2.8	Active	R		2022-07-13	D		
7XBX	cx3c1_human	ELECTRON MICROSCOPY	3.4	Active	R		2022-07-13	D		
7XJK	galr2_human	ELECTRON MICROSCOPY	3.3	Active	F		2022-06-29	F		
7XJL	galr2_human	ELECTRON MICROSCOPY	3.5	Active	F		2022-06-29	F		
7XOW	gasr_human	ELECTRON MICROSCOPY	3.1	Active	R		2022-07-20	A		
7XP4	t2r46_human	ELECTRON MICROSCOPY	3.01	Active	R		2022-10-12	E		
7XP5	t2r46_human	ELECTRON MICROSCOPY	3.08	Active	R		2022-10-12	A		
7XP6	t2r46_human	ELECTRON MICROSCOPY	3.01	Active	R		2022-10-12	E		
7XV3	gp174_human	ELECTRON MICROSCOPY	2.76	Active	R		2023-02-15	A		
7XW6	tshr_human	ELECTRON MICROSCOPY	2.78	Active	R		2022-08-17	F		
7XW9	trfr_human	ELECTRON MICROSCOPY	2.7	Active	R		2022-12-28	A		
7XWO	nk2r_human	ELECTRON MICROSCOPY	2.7	Active	B		2023-05-31	A		
7XXH	p2ry1_human	ELECTRON MICROSCOPY	2.9	Active	R		2023-06-07	A		
7Y15	mrgrd_human	ELECTRON MICROSCOPY	2.9	Active	R		2022-07-20	D		
7Y26	ssr2_human	ELECTRON MICROSCOPY	3.3	Active	E		2022-10-19	E		
7Y27	ssr2_human	ELECTRON MICROSCOPY	3.48	Active	E		2022-10-19	D		
7YDM	agre5_human	ELECTRON MICROSCOPY	2.89	Active	R		2023-07-12	E		
7YFC	hrh4_human	ELECTRON MICROSCOPY	3.0	Active	R		2023-10-25	F		
7YFD	hrh4_human	ELECTRON MICROSCOPY	3.1	Active	R		2023-10-25	D		
7YJ4	rl3r2_human	ELECTRON MICROSCOPY	3.19	Active	R	Cryo-EM structure of the INSL5-bound RXFP4-Gi complex.	2023-03-01	E		
7YM8	ada1a_human	ELECTRON MICROSCOPY	2.92	Active	A		2023-07-05	B		
7YMH	ada1a_human	ELECTRON MICROSCOPY	3.52	Active	A		2023-07-05	A		
7YXA	s1pr5_human	X-RAY DIFFRACTION	2.2	Inactive	B	[HOMOMER: chains A, B] [DB TRUNCATION: AI correctly identified chains A, B, but DB requires 1. Auto-selected primary chain B based on: Homomer (2 identical GPCR chains) — Rank 2: Ligand binds exclusively to GPCR Chain B] [WARNING: Ligands are bound to truncated chains A!]	2022-08-10	B	s1pr5_human	A
7ZI0	smo_human	X-RAY DIFFRACTION	3.0	Inactive	A	[HOMOMER: chains A, B] [DB TRUNCATION: AI correctly identified chains A, B, but DB requires 1. Auto-selected primary chain A based on: Homomer (2 identical GPCR chains) — Rank 4: Preserving AI's originally correct choice (Chain A)] [WARNING: Ligands are bound to truncated chains B!]	2022-06-15	A	smo_human	B
8DCR	adrb1_melga	ELECTRON MICROSCOPY	2.6	Active	R		2022-07-27	E		
8DCS	adrb1_melga	ELECTRON MICROSCOPY	2.5	Active	R		2022-07-27	E		
8DPF	5ht2c_human	ELECTRON MICROSCOPY	2.84	Active	A		2022-08-24	A		
8DPG	5ht2c_human	ELECTRON MICROSCOPY	3.6	Active	A		2022-08-24	A		
8DPH	5ht2c_human	ELECTRON MICROSCOPY	3.2	Active	A		2022-08-24	A		
8DPI	5ht2c_human	ELECTRON MICROSCOPY	3.4	Active	A		2022-08-24	A		
8DWC	mrgx1_human	ELECTRON MICROSCOPY	2.87	Active	R		2022-11-02	D		
8DWG	mrgx1_human	ELECTRON MICROSCOPY	2.71	Active	R		2022-11-02	E		
8DWH	mrgx1_human	ELECTRON MICROSCOPY	3.25	Active	R		2022-11-02	D		
8DZR	oprk_human	ELECTRON MICROSCOPY	2.61	Active	A		2023-05-03	A		
8E0G	oprm_mouse	X-RAY DIFFRACTION	2.1	Active	A		2023-10-18	A		
8E9W	acm3_human	ELECTRON MICROSCOPY	2.69	Active	A		2022-11-30	A		
8E9Y	acm3_human	ELECTRON MICROSCOPY	2.79	Active	A		2022-11-30	A		
8E9Z	acm3_human	ELECTRON MICROSCOPY	2.69	Active	A		2022-11-30	A		
8EFQ	oprm_human	ELECTRON MICROSCOPY	3.3	Active	R	DAMGO-bound mu-opioid receptor in complex with a Gi1 heterotrimer.	2022-11-09	E		
8EIT	ffar1_human	ELECTRON MICROSCOPY	2.8	Active	R		2023-05-24	E		
8EJC	ffar1_human	ELECTRON MICROSCOPY	3.0	Active	R		2023-05-24	E		
8EJK	ffar1_human	ELECTRON MICROSCOPY	3.4	Active	R		2023-05-24	E		
8F0J	calcr_human	ELECTRON MICROSCOPY	2.0	Active	R		2023-08-02	B		
8F2B	calcr_human	ELECTRON MICROSCOPY	2.0	Active	R		2023-08-02	G		
8F7Q	oprm_human	ELECTRON MICROSCOPY	3.22	Active	M	[HOMOMER: chains M, R] [DB TRUNCATION: AI correctly identified chains M, R, but DB requires 1. Auto-selected primary chain M based on: Homomer (2 identical GPCR chains) — Rank 4: Preserving AI's originally correct choice (Chain M)] [WARNING: Ligands are bound to truncated chains R!]	2022-12-14	G	oprm_human	R
8F7R	oprm_human	ELECTRON MICROSCOPY	3.28	Active	M	[HOMOMER: chains M, R] [DB TRUNCATION: AI correctly identified chains M, R, but DB requires 1. Auto-selected primary chain M based on: Homomer (2 identical GPCR chains) — Rank 4: Preserving AI's originally correct choice (Chain M)] [WARNING: Ligands are bound to truncated chains R!]	2022-12-14	G	oprm_human	R
8FD0	opsd_bovin	X-RAY DIFFRACTION	3.71	Inactive	A	[HOMOMER: chains A, B] [DB TRUNCATION: AI correctly identified chains A, B, but DB requires 1. Auto-selected primary chain A based on: Homomer (2 identical GPCR chains) — Rank 4: Preserving AI's originally correct choice (Chain A)]	2023-08-30	A	opsd_bovin	B
8FD1	opsd_bovin	X-RAY DIFFRACTION	4.25	Intermediate	A	[HOMOMER: chains A, B] [DB TRUNCATION: AI correctly identified chains A, B, but DB requires 1. Auto-selected primary chain A based on: Homomer (2 identical GPCR chains) — Rank 4: Preserving AI's originally correct choice (Chain A)]	2023-08-30	A	opsd_bovin	B
8FMZ	ntr1_rat	ELECTRON MICROSCOPY	2.59	Active	A		2023-03-29	E		
8FX5	acm4_human	ELECTRON MICROSCOPY	2.45	Active	R		2023-09-13	A		
8G2Y	agrf1_human	ELECTRON MICROSCOPY	3.44	Active	R		2023-05-10	E		
8G59	ffar4_human	ELECTRON MICROSCOPY	2.64	Active	R		2023-03-08	E		
8G94	s1pr1_human	ELECTRON MICROSCOPY	3.15	Active	A		2023-04-19	A		
8GTM	crhr1_human	X-RAY DIFFRACTION	2.6	Inactive	A		2023-09-13	A		
8GY7	acthr_human	ELECTRON MICROSCOPY	3.3	Active	R		2023-01-11	F		
8H0P	nmbr_human	ELECTRON MICROSCOPY	3.15	Active	R		2023-08-09	B		
8H0Q	grpr_human	ELECTRON MICROSCOPY	3.3	Active	R		2023-08-09	A		
8H4K	ffar4_human	ELECTRON MICROSCOPY	3.1	Active	R		2023-06-21	E		
8H4L	ffar4_human	ELECTRON MICROSCOPY	3.07	Active	R		2023-06-21	E		
8H8J	gpr35_human	ELECTRON MICROSCOPY	3.2	Active	C		2023-02-08	C		
8HAF	pth1r_human	ELECTRON MICROSCOPY	3.25	Active	R		2022-12-21	F		
8HAO	pth1r_human	ELECTRON MICROSCOPY	3.76	Active	I	[HOMOMER: chains I, R] [DB TRUNCATION: AI correctly identified chains I, R, but DB requires 1. Auto-selected primary chain I based on: Homomer (2 identical GPCR chains) — Rank 4: Preserving AI's originally correct choice (Chain I)]	2022-12-21	I	pth1r_human	R
8HCQ	ednra_human	ELECTRON MICROSCOPY	3.01	Active	R		2023-03-22	F		
8HCX	ednrb_human	ELECTRON MICROSCOPY	3.5	Active	C		2023-03-22	C		
8HDP	aa2br_human	ELECTRON MICROSCOPY	3.2	Active	R		2023-01-18	E		
8HJ5	mrgx1_human	ELECTRON MICROSCOPY	3.0	Active	F		2023-05-31	E		
8HN1	ada1a_human	ELECTRON MICROSCOPY	2.9	Inactive	A		2023-12-20	B		
8HTI	o52e4_human	ELECTRON MICROSCOPY	2.97	Active	R		2023-12-20	E		
8I2G	fshr_human	ELECTRON MICROSCOPY	2.8	Active	R		2023-03-29	E		
8I9A	c3ar_human	ELECTRON MICROSCOPY	3.57	Active	C		2023-10-18	E		
8IA7	gasr_human	ELECTRON MICROSCOPY	3.1	Active	R		2023-12-06	A		
8IBU	mtlr_human	ELECTRON MICROSCOPY	3.51	Active	R		2023-04-12	E		
8IBV	mtlr_human	ELECTRON MICROSCOPY	3.19	Active	R		2023-04-12	A		
8IQ4	pf2r_human	ELECTRON MICROSCOPY	2.7	Active	R		2024-01-31	A		
8IQ6	pf2r_human	ELECTRON MICROSCOPY	3.4	Active	R		2024-01-31	E		
8IRU	drd4_human	ELECTRON MICROSCOPY	3.2	Active	R		2023-06-21	E		
8ITL	gipr_human	ELECTRON MICROSCOPY	3.23	Active	R		2023-10-18	A		
8ITM	gipr_human	ELECTRON MICROSCOPY	3.13	Active	R		2023-10-18	A		
8IUK	pf2r_human	ELECTRON MICROSCOPY	2.67	Active	R		2023-07-12	F		
8IUL	pf2r_human	ELECTRON MICROSCOPY	2.78	Active	R		2023-07-12	E		
8IUM	pf2r_human	ELECTRON MICROSCOPY	3.14	Active	R		2023-07-12	F		
8IW1	taar9_mouse	ELECTRON MICROSCOPY	3.4	Active	R		2023-05-31	D		
8IW9	taar9_mouse	ELECTRON MICROSCOPY	3.08	Active	R		2023-05-31	D		
8IZ4	gpr34_human	ELECTRON MICROSCOPY	2.93	Active	R		2024-04-10	E		
8IZB	gp174_human	ELECTRON MICROSCOPY	3.06	Active	R		2023-11-01	E		
8J46	o52e4_human	ELECTRON MICROSCOPY	3.66	Inactive	A		2023-12-20	A		
8J9N	fzd1_human	ELECTRON MICROSCOPY	3.5	Active	B		2024-01-17	A		
8JBF	nk3r_human	ELECTRON MICROSCOPY	3.0	Active	B		2024-02-28	A		
8JBG	nk3r_human	ELECTRON MICROSCOPY	2.8	Active	B		2024-02-07	A		
8JBH	nk3r_human	ELECTRON MICROSCOPY	2.9	Active	B		2024-02-07	A		
8JCU	grm2_human	ELECTRON MICROSCOPY	2.8	Inactive	2	[HETEROMER: chains 2, 3] [DB TRUNCATION: AI correctly identified chains 2, 3, but DB requires 1. Auto-selected primary chain 2 based on: Rank 4: Preserving AI's originally correct choice (Chain 2)] [WARNING: Ligands are bound to truncated chains 3!]	2023-06-21	A	grm3_human	3
8JCX	grm2_human	ELECTRON MICROSCOPY	3.0	Inactive	2	[HETEROMER: chains 2, 3] [DB TRUNCATION: AI correctly identified chains 2, 3, but DB requires 1. Auto-selected primary chain 2 based on: Rank 4: Preserving AI's originally correct choice (Chain 2)] [WARNING: Ligands are bound to truncated chains 3!]	2023-06-21	A	grm3_human	3
8JD3	grm2_human	ELECTRON MICROSCOPY	3.3	Active	2	[HETEROMER: chains 2, 3] [DB TRUNCATION: AI correctly identified chains 2, 3, but DB requires 1. Auto-selected primary chain 2 based on: Rank 0: G protein-coupling protomer (structure geometry) on Chain 2] [WARNING: Ligands are bound to truncated chains 3!]	2023-06-21	A	grm3_human	3
8JD5	grm2_human	ELECTRON MICROSCOPY	3.6	Active	2	[HETEROMER: chains 2, 4] [DB TRUNCATION: AI correctly identified chains 2, 4, but DB requires 1. Auto-selected primary chain 2 based on: Rank 0: G protein-coupling protomer (structure geometry) on Chain 2] [WARNING: Ligands are bound to truncated chains 4!]	2023-06-21	A	grm4_human	4
8JGF	mrgx1_human	ELECTRON MICROSCOPY	2.7	Active	R		2024-01-10	F		
8JHB	fzd6_human	ELECTRON MICROSCOPY	3.3	Active	R		2024-01-17	E		
8JHI	fzd3_human	ELECTRON MICROSCOPY	3.2	Active	R		2024-01-17	E		
8JIP	glp1r_human	ELECTRON MICROSCOPY	2.85	Active	R		2023-09-06	A		
8JIR	glp1r_human	ELECTRON MICROSCOPY	2.57	Active	R		2023-09-06	F		
8JIT	glr_human	ELECTRON MICROSCOPY	2.91	Active	R		2023-09-06	F		
8JLJ	taar1_mouse	ELECTRON MICROSCOPY	3.1	Active	R		2023-11-15	C		
8JLK	taar1_mouse	ELECTRON MICROSCOPY	3.22	Active	R		2023-11-15	C		
8JLN	taar1_human	ELECTRON MICROSCOPY	3.24	Active	R		2023-11-15	C		
8JLP	taar1_human	ELECTRON MICROSCOPY	3.23	Active	R		2023-11-15	C		
8JLQ	taar1_human	ELECTRON MICROSCOPY	2.84	Active	R		2023-11-15	C		
8JLR	taar1_human	ELECTRON MICROSCOPY	3.0	Active	R		2023-11-15	C		
8JPB	ntr1_human	ELECTRON MICROSCOPY	3.07	Active	R		2023-08-09	D		
8JPC	ntr1_human	ELECTRON MICROSCOPY	3.07	Active	R		2023-08-09	B		
8JPP	sucr1_human	ELECTRON MICROSCOPY	3.2	Active	R		2024-05-22	D		
8JRV	glr_human	ELECTRON MICROSCOPY	3.3	Active	R		2023-08-16	A		
8JSO	taar1_human	ELECTRON MICROSCOPY	3.4	Active	R		2023-11-15	C		
8JSR	ghsr_human	ELECTRON MICROSCOPY	2.9	Active	R		2025-01-22	A		
8JXR	drd1_human	ELECTRON MICROSCOPY	3.57	Active	A		2024-09-04	A		
8JXS	drd1_human	ELECTRON MICROSCOPY	3.0	Active	A		2024-09-04	A		
8K3Z	cxcr4_human	ELECTRON MICROSCOPY	2.81	Active	A		2024-07-17	A		
8K4S	mrgx4_human	ELECTRON MICROSCOPY	2.9	Active	E		2024-11-06	A		
8K8J	cnr1_human	ELECTRON MICROSCOPY	2.88	Active	R		2024-02-14	E		
8K9K	oprm_human	ELECTRON MICROSCOPY	2.98	Active	R	N-terminally BRIL-tagged human MOR construct with F158W mutation and C-terminal truncation (Q363-P400). Structure 8K9K is the control structure without the allosteric modulator BMS-986122.	2024-05-29	A		
8KIG	mc3r_human	ELECTRON MICROSCOPY	3.1	Inactive	R		2025-02-26	A		
8PJK	5ht1a_human	ELECTRON MICROSCOPY	2.4	Active	R		2024-05-29	D		
8RQL	t2r14_human	ELECTRON MICROSCOPY	3.03	Active	R		2024-11-27	A		
8RWI	aa2ar_human	X-RAY DIFFRACTION	2.8	Inactive	A		2025-01-08	A		
8S4D	apj_human	X-RAY DIFFRACTION	2.584	Intermediate	A		2024-12-04	A		
8SZF	casr_human	ELECTRON MICROSCOPY	2.8	Active	A	[HOMOMER: chains A, B] [DB TRUNCATION: AI correctly identified chains A, B, but DB requires 1. Auto-selected primary chain A based on: Homomer (2 identical GPCR chains) — Rank 4: Preserving AI's originally correct choice (Chain A)] [WARNING: Ligands are bound to truncated chains B!]	2024-02-07	A	casr_human	B
8SZG	casr_human	ELECTRON MICROSCOPY	3.6	Active	A	[HOMOMER: chains A, B] [DB TRUNCATION: AI correctly identified chains A, B, but DB requires 1. Auto-selected primary chain A based on: Homomer (2 identical GPCR chains) — Rank 0: G protein-coupling protomer (structure geometry) on Chain A] [WARNING: Ligands are bound to truncated chains B!]	2024-02-07	C	casr_human	B
8SZH	casr_human	ELECTRON MICROSCOPY	3.1	Active	A	[HOMOMER: chains A, B] [DB TRUNCATION: AI correctly identified chains A, B, but DB requires 1. Auto-selected primary chain A based on: Homomer (2 identical GPCR chains) — Rank 0: G protein-coupling protomer (structure geometry) on Chain A] [WARNING: Ligands are bound to truncated chains B!]	2024-02-07	A	casr_human	B
8SZI	casr_human	ELECTRON MICROSCOPY	3.5	Active	A	[HOMOMER: chains A, B] [DB TRUNCATION: AI correctly identified chains A, B, but DB requires 1. Auto-selected primary chain A based on: Homomer (2 identical GPCR chains) — Rank 0: G protein-coupling protomer (structure geometry) on Chain A] [WARNING: Ligands are bound to truncated chains B!]	2024-02-07	D	casr_human	B
8T3O	ffar4_human	ELECTRON MICROSCOPY	3.06	Active	R		2024-01-17	A		
8T3Q	ffar4_human	ELECTRON MICROSCOPY	3.14	Active	R		2024-01-24	E		
8T3S	ffar2_human	ELECTRON MICROSCOPY	3.07	Active	R		2024-01-24	E		
8T3V	ffar1_human	ELECTRON MICROSCOPY	3.39	Active	R		2024-01-24	E		
8TB0	gpr61_human	ELECTRON MICROSCOPY	3.47	Active	R		2023-10-04	B		
8TF5	gpr6_human	X-RAY DIFFRACTION	2.1	Active	A		2024-12-04	A		
8TH3	agtr1_human	ELECTRON MICROSCOPY	3.0	Inactive	A	[HOMOMER: chains A, B] [MISSED_PROTOMER] at 'oligomer_analysis': GPCR roster has chains ['A', 'B'] but AI only reported ['A']. Missed: ['B'].	2024-05-22	A	agtr1_human	B
8THK	ada1a_human	ELECTRON MICROSCOPY	2.6	Active	R		2023-08-16	E		
8THL	ada1a_human	ELECTRON MICROSCOPY	3.1	Active	R		2023-08-16	E		
8U4S	cxcr4_human	ELECTRON MICROSCOPY	3.35	Other	C	[HOMOMER: chains C, G, R] [DB TRUNCATION: AI correctly identified chains C, G, R, but DB requires 1. Auto-selected primary chain C based on: Homomer (3 identical GPCR chains) — Rank 4: Preserving AI's originally correct choice (Chain C)] [WARNING: Ligands are bound to truncated chains G, R!]	2024-03-13	F	cxcr4_human	G, R
8UHB	taar1_human	ELECTRON MICROSCOPY	3.35	Active	A		2024-01-10	A		
8UWL	5ht2a_human	ELECTRON MICROSCOPY	2.8	Active	A		2024-05-29	A		
8UXV	o51g2_human	ELECTRON MICROSCOPY	3.2	Active	A		2024-10-30	E		
8UXY	or1f1_human	ELECTRON MICROSCOPY	3.3	Active	A		2024-10-30	E		
8UY0	or2t2_human	ELECTRON MICROSCOPY	3.2	Active	A		2024-10-30	A		
8UYQ	or4d5_human	ELECTRON MICROSCOPY	3.5	Active	A		2024-10-30	A		
8V6U	5ht2a_human	ELECTRON MICROSCOPY	3.0	Active	A		2024-05-29	A		
8VVG	oprk_human	ELECTRON MICROSCOPY	3.3	Active	A		2025-01-15	A		
8VY9	t2r14_human	ELECTRON MICROSCOPY	2.88	Active	R		2024-04-03	E		
8W1V	adrb2_human	X-RAY DIFFRACTION	3.0	Inactive	A	[HOMOMER: chains A, B] [DB TRUNCATION: AI correctly identified chains A, B, but DB requires 1. Auto-selected primary chain A based on: Homomer (2 identical GPCR chains) — Rank 4: Preserving AI's originally correct choice (Chain A)] [WARNING: Ligands are bound to truncated chains B!]	2024-07-17	A	adrb2_human	B
8W77	o52e4_human	ELECTRON MICROSCOPY	3.61	Inactive	A		2023-12-20	A		
8W8R	gp101_human	ELECTRON MICROSCOPY	3.3	Active	R		2024-01-03	C		
8W8X	mc3r_human	ELECTRON MICROSCOPY	2.9	Active	R		2025-03-19	E		
8WA3	gipr_human	ELECTRON MICROSCOPY	2.86	Active	R		2024-03-06	A		
8WC9	taar1_mouse	ELECTRON MICROSCOPY	3.2	Active	R		2023-12-27	C		
8WCA	taar1_human	ELECTRON MICROSCOPY	3.48	Active	R		2023-12-27	C		
8WCB	taar1_mouse	ELECTRON MICROSCOPY	3.1	Active	R		2023-12-27	C		
8WG8	glr_human	ELECTRON MICROSCOPY	2.71	Active	R		2024-03-06	E		
8WG9	grm4_human	ELECTRON MICROSCOPY	4.46	Intermediate	B	[HETEROMER: chains B, C] [MISSED_PROTOMER] at 'oligomer_analysis': GPCR roster has chains ['B', 'C'] but AI only reported ['B']. Missed: ['C'].	2024-11-27	A	grm2_human	C
8WGB	grm4_human	ELECTRON MICROSCOPY	3.7	Active	R	[HETEROMER: chains B, R] [MISSED_PROTOMER] at 'oligomer_analysis': GPCR roster has chains ['B', 'R'] but AI only reported ['R']. Missed: ['B'].	2024-10-30	E	grm2_human	B
8WGC	grm2_human	ELECTRON MICROSCOPY	5.95	Intermediate	D	[HETEROMER: chains A, D] [MISSED_PROTOMER] at 'oligomer_analysis': GPCR roster has chains ['A', 'D'] but AI only reported ['D']. Missed: ['A'].	2024-11-27	A	grm4_human	A
8WGD	grm4_human	ELECTRON MICROSCOPY	4.45	Inactive	C	[HETEROMER: chains B, C] [MISSED_PROTOMER] at 'oligomer_analysis': GPCR roster has chains ['B', 'C'] but AI only reported ['C']. Missed: ['B'].	2024-11-27	A	grm4_human	B
8WJX	p2ry1_human	ELECTRON MICROSCOPY	3.2	Active	R		2024-10-02	E		
8WM9	fzd4_human	ELECTRON MICROSCOPY	3.53	Active	A	CRD-truncated receptor; engineered with M309L, C450I, C507F, S508Y mutations; stabilized by NanoBiT fusions. [HOMOMER: chains A, B] [DB TRUNCATION: AI correctly identified chains A, B, but DB requires 1. Auto-selected primary chain A based on: Homomer (2 identical GPCR chains) — Rank 4: Preserving AI's originally correct choice (Chain A)]	2024-09-11	A	fzd4_human	B
8WMA	fzd4_human	ELECTRON MICROSCOPY	3.47	Active	A	Local refined active protomer; FZD4 is CRD-truncated and contains M309L, C450I, C507F, and S508Y mutations.	2024-09-11	A		
8WPG	casr_human	ELECTRON MICROSCOPY	2.7	Active	A	[HOMOMER: chains A, B] [DB TRUNCATION: AI correctly identified chains A, B, but DB requires 1. Auto-selected primary chain A based on: Homomer (2 identical GPCR chains) — Rank 4: Preserving AI's originally correct choice (Chain A)] [WARNING: Ligands are bound to truncated chains B!]	2023-11-22	B	casr_human	B
8WPU	casr_human	ELECTRON MICROSCOPY	3.1	Active	A	[HOMOMER: chains A, B] [DB TRUNCATION: AI correctly identified chains A, B, but DB requires 1. Auto-selected primary chain A based on: Homomer (2 identical GPCR chains) — Rank 0: G protein-coupling protomer (structure geometry) on Chain A] [WARNING: Ligands are bound to truncated chains B!]	2023-11-22	B	casr_human	B
8WRB	gpr34_human	ELECTRON MICROSCOPY	2.91	Active	R		2023-11-08	E		
8WRZ	cnr1_human	ELECTRON MICROSCOPY	3.6	Active	R		2024-02-28	C		
8WST	mchr2_human	ELECTRON MICROSCOPY	2.4	Active	R	Receptor contains an L256(6.40)Y mutation. G protein is an engineered mini-Gq chimera.	2024-06-19	F		
8WVU	lgr4_human	ELECTRON MICROSCOPY	3.61	Inactive	A		2024-10-30	A		
8WW2	gpr3_human	ELECTRON MICROSCOPY	2.79	Active	R		2024-02-14	E		
8WWH	mchr1_human	ELECTRON MICROSCOPY	2.84	Active	R		2024-11-13	E		
8WZ2	qrfpr_human	ELECTRON MICROSCOPY	2.73	Active	R		2024-06-19	F		
8X0F	grm5_human	ELECTRON MICROSCOPY	3.3	Active	A	[HOMOMER: chains A, B] [DB TRUNCATION: AI correctly identified chains A, B, but DB requires 1. Auto-selected primary chain A based on: Homomer (2 identical GPCR chains) — Rank 2: Ligand binds exclusively to GPCR Chain A] [WARNING: Ligands are bound to truncated chains B!]	2024-11-06	A	grm5_human	B
8X16	aa3r_human	ELECTRON MICROSCOPY	3.29	Active	R		2024-04-24	A		
8X17	aa3r_human	ELECTRON MICROSCOPY	3.19	Active	R		2024-04-24	B		
8X8L	ssr5_human	ELECTRON MICROSCOPY	2.7	Active	R		2024-06-12	F		
8X8N	ssr5_human	ELECTRON MICROSCOPY	2.9	Active	R		2024-06-12	E		
8X9S	agrd1_human	ELECTRON MICROSCOPY	3.49	Active	R		2025-02-12	C		
8X9T	agrd1_human	ELECTRON MICROSCOPY	2.75	Active	R		2025-02-12	D		
8X9U	agrd1_human	ELECTRON MICROSCOPY	2.88	Active	R		2025-02-12	E		
8XFP	lgr4_human	ELECTRON MICROSCOPY	3.21	Inactive	A		2024-12-04	A		
8XFS	lgr4_human	ELECTRON MICROSCOPY	3.2	Inactive	A		2024-12-04	A		
8XFT	lgr4_human	ELECTRON MICROSCOPY	3.24	Inactive	A		2024-12-04	A		
8XGO	kissr_human	ELECTRON MICROSCOPY	2.68	Active	A		2024-10-30	A		
8XGR	ednrb_human	ELECTRON MICROSCOPY	3.2	Active	R		2024-04-03	D		
8XGS	kissr_human	ELECTRON MICROSCOPY	2.95	Active	A		2024-10-30	A		
8XIO	ssr1_human	ELECTRON MICROSCOPY	2.65	Active	A	Receptor contains the V6.40Y stabilizing mutation.	2024-07-03	A		
8XIP	ssr1_human	ELECTRON MICROSCOPY	3.29	Active	A		2024-07-03	A		
8XIQ	ssr3_human	ELECTRON MICROSCOPY	2.71	Active	A		2024-07-03	A		
8XIR	ssr3_human	ELECTRON MICROSCOPY	2.52	Active	A		2024-07-03	A		
8XJK	pf2r_human	ELECTRON MICROSCOPY	2.63	Active	R		2024-02-28	E		
8XJL	pf2r_human	ELECTRON MICROSCOPY	2.77	Active	R		2024-02-28	E		
8XJM	pf2r_human	ELECTRON MICROSCOPY	2.85	Active	R		2024-02-28	E		
8XJN	ta2r_human	ELECTRON MICROSCOPY	3.06	Active	R		2024-02-28	E		
8XJO	ta2r_human	ELECTRON MICROSCOPY	3.11	Active	R		2024-02-28	E		
8XOF	gper1_human	ELECTRON MICROSCOPY	2.6	Active	R		2024-04-10	E		
8XOG	gper1_human	ELECTRON MICROSCOPY	2.9	Active	R		2024-04-10	E		
8XOH	gper1_human	ELECTRON MICROSCOPY	3.2	Active	R		2024-04-10	E		
8XOI	gper1_human	ELECTRON MICROSCOPY	3.2	Active	R		2024-04-10	E		
8XOJ	gper1_human	ELECTRON MICROSCOPY	3.1	Active	R		2024-04-10	E		
8XOR	par1_human	ELECTRON MICROSCOPY	3.0	Active	R		2024-09-18	E		
8XQL	t2r14_human	ELECTRON MICROSCOPY	2.99	Active	R		2024-07-10	E		
8XQN	t2r14_human	ELECTRON MICROSCOPY	3.05	Active	R		2024-07-10	E		
8XQO	t2r14_human	ELECTRON MICROSCOPY	2.77	Active	R		2024-07-10	E		
8XQP	t2r14_human	ELECTRON MICROSCOPY	3.29	Active	R		2024-07-10	D		
8XQR	t2r14_human	ELECTRON MICROSCOPY	3.2	Active	R		2024-07-10	E		
8XQS	t2r14_human	ELECTRON MICROSCOPY	3.3	Active	R		2024-07-10	E		
8XQT	t2r14_human	ELECTRON MICROSCOPY	2.94	Active	R		2024-07-10	E		
8XVE	ednrb_human	ELECTRON MICROSCOPY	3.0	Active	R		2024-08-28	F		
8XVH	ednrb_human	ELECTRON MICROSCOPY	3.26	Active	R		2024-08-28	F		
8XVI	ednra_human	ELECTRON MICROSCOPY	3.32	Active	R		2024-08-28	E		
8XXU	pd2r2_human	ELECTRON MICROSCOPY	2.54	Active	A		2024-12-04	A		
8Y52	brs3_human	ELECTRON MICROSCOPY	2.9	Active	R		2024-09-11	D		
8Y53	brs3_human	ELECTRON MICROSCOPY	2.93	Active	R		2024-09-11	F		
8Y69	lgr4_human	ELECTRON MICROSCOPY	3.38	Inactive	A	[HOMOMER: chains A, C, D, H] [DB TRUNCATION: AI correctly identified chains A, D, but DB requires 1. Auto-selected primary chain A based on: Homomer (2 identical GPCR chains) — Rank 4: Preserving AI's originally correct choice (Chain A)] [WARNING: Ligands are bound to truncated chains D!]	2024-12-04	A	lgr4_human	D
8YFS	a0a9l0jpp9_equas	ELECTRON MICROSCOPY	2.8	Active	R		2025-03-05	E		
8YH0	aa3r_sheep	ELECTRON MICROSCOPY	2.86	Active	R		2024-11-06	A		
8YH2	aa3r_sheep	ELECTRON MICROSCOPY	3.27	Active	R		2024-11-06	C		
8YH3	aa3r_sheep	ELECTRON MICROSCOPY	3.4	Active	R		2024-11-06	B		
8YH5	aa3r_sheep	ELECTRON MICROSCOPY	3.66	Active	R		2024-11-06	E		
8YH6	aa3r_sheep	ELECTRON MICROSCOPY	3.62	Active	R		2024-11-06	D		
8YJP	gp156_human	ELECTRON MICROSCOPY	3.09	Active	A	[HOMOMER: chains A, B] [MISSED_PROTOMER] at 'oligomer_analysis': GPCR roster has chains ['A', 'B'] but AI only reported ['A']. Missed: ['B'].	2025-02-05	A	gp156_human	B
8YK0	gp156_human	ELECTRON MICROSCOPY	2.4	Active	A	[HOMOMER: chains A, B] [DB TRUNCATION: AI correctly identified chains A, B, but DB requires 1. Auto-selected primary chain A based on: Homomer (2 identical GPCR chains) — Rank 0: G protein-coupling protomer (structure geometry) on Chain A] [WARNING: Ligands are bound to truncated chains B!]	2025-02-05	E	gp156_human	B
8YKD	agrg2_mouse	ELECTRON MICROSCOPY	2.9	Active	R		2025-08-13	E		
8YKY	t2r14_human	ELECTRON MICROSCOPY	2.99	Active	R		2024-07-10	E		
8YN2	hrh1_human	ELECTRON MICROSCOPY	2.66	Active	R		2024-10-09	E		
8YN4	hrh2_human	ELECTRON MICROSCOPY	2.97	Active	R		2024-10-09	E		
8YNS	mchr1_human	ELECTRON MICROSCOPY	3.33	Inactive	R		2024-12-18	D		
8YRG	mrgx4_human	ELECTRON MICROSCOPY	3.14	Active	R		2024-05-22	E		
8YRQ	par4_human	ELECTRON MICROSCOPY	2.8	Active	R	PAR4-Gq complex stabilized by ScFv16 and MBP fusion.	2026-06-10	A		
8YU7	cxcr4_human	ELECTRON MICROSCOPY	3.01	Inactive	A	[HOMOMER: chains A, B, C, D] [MISSED_PROTOMER] at 'oligomer_analysis': GPCR roster has chains ['A', 'B', 'C', 'D'] but AI only reported ['A']. Missed: ['B', 'C', 'D'].	2025-03-05	A	cxcr4_human	B, C, D
8YUU	hrh3_human	ELECTRON MICROSCOPY	2.7	Active	R		2024-06-05	A		
8YY8	fzd7_human	ELECTRON MICROSCOPY	3.22	Active	R		2024-04-24	E		
8YYW	oxgr1_human	ELECTRON MICROSCOPY	3.16	Active	E		2025-04-09	D		
8YYX	oxgr1_human	ELECTRON MICROSCOPY	2.84	Active	E		2025-04-09	E		
8Z3M	gpr4_human	ELECTRON MICROSCOPY	2.9	Active	R		2025-04-23	E		
8Z67	gpr4_human	ELECTRON MICROSCOPY	3.2	Active	R		2025-04-23	A		
8Z9O	gpr4_human	ELECTRON MICROSCOPY	2.4	Active	R		2025-07-16	E		
8Z9P	gpr4_human	ELECTRON MICROSCOPY	2.5	Active	R		2025-07-09	C		
8ZBE	ssr5_human	ELECTRON MICROSCOPY	3.24	Active	A		2024-07-10	A		
8ZFA	gpr4_xentr	ELECTRON MICROSCOPY	2.96	Active	R		2025-02-26	D		
8ZFB	gpr4_xentr	ELECTRON MICROSCOPY	3.78	Intermediate	R		2025-02-26	A		
8ZFD	gpr4_mouse	ELECTRON MICROSCOPY	2.56	Intermediate	R		2025-02-26	A		
8ZH8	qrfpr_human	ELECTRON MICROSCOPY	3.19	Active	R		2024-07-03	A		
8ZJD	kissr_human	ELECTRON MICROSCOPY	3.06	Active	R		2024-07-03	A		
8ZJE	kissr_human	ELECTRON MICROSCOPY	3.07	Active	R		2024-07-03	D		
8ZMD	par2_human	ELECTRON MICROSCOPY	3.25	Active	R		2025-05-28	D		
8ZPS	prlhr_human	ELECTRON MICROSCOPY	2.97	Active	R		2024-09-25	F		
8ZPT	prlhr_human	ELECTRON MICROSCOPY	2.96	Active	R		2024-09-25	F		
8ZYU	ntr1_human	ELECTRON MICROSCOPY	2.65	Active	R		2025-04-16	E		
9ARY	5ht2a_human	ELECTRON MICROSCOPY	3.27	Active	A		2025-04-02	A		
9AS0	5ht2a_human	ELECTRON MICROSCOPY	3.38	Active	A		2025-04-02	A		
9AS2	5ht2a_human	ELECTRON MICROSCOPY	3.21	Active	A		2025-04-02	A		
9AS4	5ht2a_human	ELECTRON MICROSCOPY	3.06	Active	A		2025-04-02	A		
9AS6	5ht2a_human	ELECTRON MICROSCOPY	3.07	Active	A		2025-04-02	C		
9AS8	5ht2a_human	ELECTRON MICROSCOPY	2.54	Active	A		2025-04-02	A		
9ASA	5ht2a_human	ELECTRON MICROSCOPY	3.12	Intermediate	A		2025-04-02	A		
9ASB	casr_human	ELECTRON MICROSCOPY	3.4	Active	R	[HOMOMER: chains Q, R] [DB TRUNCATION: AI correctly identified chains Q, R, but DB requires 1. Auto-selected primary chain R based on: Homomer (2 identical GPCR chains) — Rank 0: G protein-coupling protomer (structure geometry) on Chain R] [WARNING: Ligands are bound to truncated chains Q!]	2024-04-17	B	casr_human	Q
9AST	xcr1_human	ELECTRON MICROSCOPY	3.07	Active	R		2024-12-11	C		
9AU0	pd2r_human	ELECTRON MICROSCOPY	2.45	Active	R		2025-08-27	E		
9AVG	casr_human	ELECTRON MICROSCOPY	3.6	Active	R	[HOMOMER: chains Q, R] [DB TRUNCATION: AI correctly identified chains Q, R, but DB requires 1. Auto-selected primary chain R based on: Homomer (2 identical GPCR chains) — Rank 0: G protein-coupling protomer (structure geometry) on Chain R] [WARNING: Ligands are bound to truncated chains Q!]	2024-04-17	B	casr_human	Q
9AVL	casr_human	ELECTRON MICROSCOPY	3.8	Active	R	[HOMOMER: chains Q, R] [DB TRUNCATION: AI correctly identified chains Q, R, but DB requires 1. Auto-selected primary chain R based on: Homomer (2 identical GPCR chains) — Rank 0: G protein-coupling protomer (structure geometry) on Chain R] [WARNING: Ligands are bound to truncated chains Q!]	2024-04-17	B	casr_human	Q
9AXF	casr_human	ELECTRON MICROSCOPY	3.5	Active	R	[HOMOMER: chains Q, R] [DB TRUNCATION: AI correctly identified chains Q, R, but DB requires 1. Auto-selected primary chain R based on: Homomer (2 identical GPCR chains) — Rank 0: G protein-coupling protomer (structure geometry) on Chain R] [WARNING: Ligands are bound to truncated chains Q!]	2024-04-17	A	casr_human	Q
9AYF	casr_human	ELECTRON MICROSCOPY	3.6	Active	R	[HOMOMER: chains Q, R] [DB TRUNCATION: AI correctly identified chains Q, R, but DB requires 1. Auto-selected primary chain R based on: Homomer (2 identical GPCR chains) — Rank 0: G protein-coupling protomer (structure geometry) on Chain R] [WARNING: Ligands are bound to truncated chains Q!]	2024-04-17	B	casr_human	Q
9B5Y	pth1r_human	ELECTRON MICROSCOPY	3.49	Active	R		2025-03-19	A		
9BI6	gpr68_human	ELECTRON MICROSCOPY	2.9	Active	R		2025-01-15	E		
9BKJ	cckar_human	ELECTRON MICROSCOPY	2.59	Active	R		2024-05-22	D		
9BKK	cckar_human	ELECTRON MICROSCOPY	2.51	Active	R	CCK1R sterol 7M mutant (F130L, S136A, G141S, I216L, L219F, I223V, M226A) bound to G protein and CCK-8.	2024-05-22	E		
9BP3	calcr_human	ELECTRON MICROSCOPY	2.2	Active	R		2025-04-23	C		
9BQ3	calcr_human	ELECTRON MICROSCOPY	2.8	Active	R		2025-04-23	C		
9BUB	calcr_human	ELECTRON MICROSCOPY	2.3	Active	R		2025-04-23	B		
9C1P	casr_human	ELECTRON MICROSCOPY	2.8	Active	A	[HOMOMER: chains A, B] [DB TRUNCATION: AI correctly identified chains A, B, but DB requires 1. Auto-selected primary chain A based on: Homomer (2 identical GPCR chains) — Rank 4: Preserving AI's originally correct choice (Chain A)] [WARNING: Ligands are bound to truncated chains B!]	2024-10-02	A	casr_human	B
9CBL	ada2a_human	ELECTRON MICROSCOPY	2.8	Active	R		2024-09-11	D		
9CBM	ada2a_human	ELECTRON MICROSCOPY	3.2	Active	R		2024-09-11	D		
9CLW	ffar2_human	ELECTRON MICROSCOPY	3.19	Active	R		2025-06-25	D		
9CM3	ffar2_human	ELECTRON MICROSCOPY	3.06	Active	R		2025-06-25	D		
9D0A	par2_human	ELECTRON MICROSCOPY	3.1	Active	R		2025-05-07	D		
9D3E	ccr6_human	ELECTRON MICROSCOPY	3.02	Inactive	A		2024-09-11	A		
9D3G	ccr6_human	ELECTRON MICROSCOPY	3.26	Inactive	A		2024-09-11	A		
9D4Z	par1_human	ELECTRON MICROSCOPY	2.74	Active	R		2025-05-07	C		
9DQH	mrgrd_human	ELECTRON MICROSCOPY	2.92	Active	A		2024-12-11	A		
9DQJ	mrgrd_human	ELECTRON MICROSCOPY	2.9	Active	A		2024-12-11	A		
9DYD	5ht1a_human	ELECTRON MICROSCOPY	2.96	Active	R		2025-08-13	D		
9E7R	par2_human	ELECTRON MICROSCOPY	3.18	Active	R		2025-05-07	B		
9EAH	agtr1_human	ELECTRON MICROSCOPY	3.1	Inactive	A	[HOMOMER: chains A, B] [MISSED_PROTOMER] at 'oligomer_analysis': GPCR roster has chains ['A', 'B'] but AI only reported ['A']. Missed: ['B'].	2025-03-05	A	agtr1_human	B
9EAI	agtr1_human	ELECTRON MICROSCOPY	3.1	Inactive	A	[HOMOMER: chains A, B] [MISSED_PROTOMER] at 'oligomer_analysis': GPCR roster has chains ['A', 'B'] but AI only reported ['A']. Missed: ['B'].	2025-03-05	A	agtr1_human	B
9EAJ	agtr1_human	ELECTRON MICROSCOPY	3.2	Inactive	A	[HOMOMER: chains A, B] [MISSED_PROTOMER] at 'oligomer_analysis': GPCR roster has chains ['A', 'B'] but AI only reported ['A']. Missed: ['B'].	2025-03-05	A	agtr1_human	B
9EBI	aa3r_human	ELECTRON MICROSCOPY	3.6	Active	R		2025-08-20	A		
9EBQ	glp1r_human	ELECTRON MICROSCOPY	3.16	Active	R		2025-03-26	E		
9EJZ	acm5_human	ELECTRON MICROSCOPY	2.06	Active	R		2025-08-13	F		
9EK0	acm5_human	ELECTRON MICROSCOPY	2.79	Active	R		2025-10-08	A		
9EPO	fzd7_human	ELECTRON MICROSCOPY	1.9	Inactive	A	[HOMOMER: chains A, D] [MISSED_PROTOMER] at 'oligomer_analysis': GPCR roster has chains ['A', 'D'] but AI only reported ['A']. Missed: ['D'].	2024-10-02	A	fzd7_human	D
9EPP	b1b1u5_9arac	ELECTRON MICROSCOPY	4.06	Active	R		2024-10-23	A		
9EPQ	b1b1u5_9arac	ELECTRON MICROSCOPY	4.15	Active	R		2024-10-23	A		
9GE2	gpr55_human	ELECTRON MICROSCOPY	2.51	Active	R		2025-03-05	E		
9GG5	ta2r_human	ELECTRON MICROSCOPY	3.26	Active	R		2025-08-27	A		
9GGG	ta2r_human	ELECTRON MICROSCOPY	3.25	Active	R		2025-08-27	A		
9GL2	5ht1a_human	ELECTRON MICROSCOPY	3.2	Active	R		2025-07-02	D		
9GYO	gpbar_human	ELECTRON MICROSCOPY	2.5	Active	R		2024-10-09	E		
9IIW	t2r14_human	ELECTRON MICROSCOPY	3.15	Active	R		2024-07-24	A		
9IIX	t2r14_human	ELECTRON MICROSCOPY	2.89	Active	R		2024-07-24	D		
9IJD	adrb3_human	ELECTRON MICROSCOPY	2.76	Active	R		2024-08-21	D		
9IJE	adrb3_human	ELECTRON MICROSCOPY	2.34	Active	R		2024-08-21	D		
9IQT	hcar2_human	ELECTRON MICROSCOPY	2.9	Active	R		2024-10-02	A		
9ITB	lpar6_human	ELECTRON MICROSCOPY	2.89	Active	R		2025-01-15	D		
9ITE	lpar6_human	ELECTRON MICROSCOPY	3.06	Active	R		2025-01-15	E		
9IV2	agrd1_human	ELECTRON MICROSCOPY	3.53	Active	R		2025-02-12	D		
9IXX	cltr2_human	ELECTRON MICROSCOPY	3.15	Active	R		2025-04-02	E		
9IYB	pd2r2_human	ELECTRON MICROSCOPY	2.82	Active	A		2024-12-04	A		
9IZG	lpar1_human	ELECTRON MICROSCOPY	3.04	Active	R		2025-01-01	C		
9J31	gpr4_danre	ELECTRON MICROSCOPY	3.05	Active	R		2025-01-22	D		
9J5V	lpar1_human	ELECTRON MICROSCOPY	2.86	Active	R		2024-11-27	D		
9J87	5ht2a_human	ELECTRON MICROSCOPY	2.84	Active	A		2026-02-25	A		
9JCL	p2ry1_human	ELECTRON MICROSCOPY	2.76	Active	R		2025-09-10	E		
9JCO	gpr4_human	ELECTRON MICROSCOPY	2.36	Active	R		2025-07-09	E		
9JCP	gpr4_human	ELECTRON MICROSCOPY	2.55	Active	R		2025-07-09	D		
9JFK	ur2r_human	ELECTRON MICROSCOPY	3.23	Active	R		2025-12-03	E		
9JFT	gpr65_human	ELECTRON MICROSCOPY	3.27	Active	R		2025-08-13	E		
9JFV	gpr4_human	ELECTRON MICROSCOPY	2.67	Active	R		2025-04-23	D		
9JFX	gpr4_human	ELECTRON MICROSCOPY	2.87	Active	R		2025-04-23	E		
9JFZ	gpr4_human	ELECTRON MICROSCOPY	2.9	Intermediate	R		2025-04-23	E		
9JH5	cltr2_human	ELECTRON MICROSCOPY	2.76	Active	R		2025-04-23	A		
9JH6	cltr2_human	ELECTRON MICROSCOPY	2.89	Active	R		2025-04-30	A		
9JHP	gpr4_human	ELECTRON MICROSCOPY	3.35	Active	R		2025-04-23	E		
9JMC	mtlr_human	ELECTRON MICROSCOPY	2.57	Active	R		2025-05-28	E		
9JMD	mtlr_human	ELECTRON MICROSCOPY	2.74	Active	R		2025-05-28	E		
9JR2	pth1r_human	ELECTRON MICROSCOPY	2.8	Active	R		2024-10-16	F		
9JR3	pth1r_human	ELECTRON MICROSCOPY	2.8	Active	R		2024-10-16	A		
9JVG	gpr4_mouse	ELECTRON MICROSCOPY	2.76	Active	R		2025-02-26	B		
9JVH	gpr4_mouse	ELECTRON MICROSCOPY	2.76	Active	R		2025-02-26	A		
9K07	brs3_human	ELECTRON MICROSCOPY	2.83	Active	R		2025-08-27	A		
9K0K	p2ry4_human	ELECTRON MICROSCOPY	3.14	Active	I		2025-06-11	E		
9K0X	p2ry2_human	ELECTRON MICROSCOPY	2.83	Active	I	The receptor contains a D320N mutation introduced for stabilization.	2025-06-11	D		
9K1D	ffar2_human	ELECTRON MICROSCOPY	3.34	Active	R		2024-12-11	A		
9K25	p2ry2_human	ELECTRON MICROSCOPY	3.31	Active	I		2025-06-11	D		
9KB8	lgr4_human	ELECTRON MICROSCOPY	3.25	Inactive	A		2025-10-15	B		
9KB9	lgr4_human	ELECTRON MICROSCOPY	3.59	Inactive	A	[HOMOMER: chains A, C, D, E] [DB TRUNCATION: AI correctly identified chains A, D, but DB requires 1. Auto-selected primary chain A based on: Homomer (2 identical GPCR chains) — Rank 4: Preserving AI's originally correct choice (Chain A)]	2025-10-15	A	lgr4_human	D
9KDF	ednrb_human	ELECTRON MICROSCOPY	3.3	Inactive	R		2025-05-07	A		
9KDG	ednrb_human	ELECTRON MICROSCOPY	3.33	Inactive	A	Thermostabilized receptor with five mutations; stabilized using a calcineurin-fusion strategy.	2025-05-07	A		
9KPD	t2r16_human	ELECTRON MICROSCOPY	2.84	Active	R		2025-04-02	E		
9KPE	t2r16_human	ELECTRON MICROSCOPY	3.35	Active	R		2025-04-02	D		
9KUV	apj_human	ELECTRON MICROSCOPY	3.21	Active	R		2025-09-17	B		
9KUW	apj_human	ELECTRON MICROSCOPY	3.49	Active	Q	[HOMOMER: chains Q, R] [DB TRUNCATION: AI correctly identified chains Q, R, but DB requires 1. Auto-selected primary chain Q based on: Homomer (2 identical GPCR chains) — Rank 4: Preserving AI's originally correct choice (Chain Q)] [WARNING: Ligands are bound to truncated chains R!]	2025-09-17	C	apj_human	R
9KUX	apj_human	ELECTRON MICROSCOPY	3.57	Active	Q	[HOMOMER: chains Q, R] [DB TRUNCATION: AI correctly identified chains Q, R, but DB requires 1. Auto-selected primary chain Q based on: Homomer (2 identical GPCR chains) — Rank 4: Preserving AI's originally correct choice (Chain Q)] [WARNING: Ligands are bound to truncated chains R!]	2025-09-17	B	apj_human	R
9KZK	c3ar_mouse	ELECTRON MICROSCOPY	3.54	Active	E		2025-11-26	D		
9L42	hrh4_human	ELECTRON MICROSCOPY	2.9	Active	A		2025-10-22	A		
9L74	s1pr3_human	ELECTRON MICROSCOPY	3.73	Active	R		2025-11-26	F		
9L84	adrb1_human	ELECTRON MICROSCOPY	3.22	Active	R		2025-12-31	E		
9L8L	adrb2_human	ELECTRON MICROSCOPY	3.22	Active	R	Megacomplex structure of ADRB2 bound to G protein and beta-arrestin. The receptor contains three mutations (K6.35R, G6.38S, I6.39V) to mimic GPR119.	2025-12-31	E		
9LDV	o6c76_human	ELECTRON MICROSCOPY	2.78	Active	R	Complex of consensus olfactory receptor with engineered mini-Golf protein.	2026-01-28	D		
9LDW	o6c76_human	ELECTRON MICROSCOPY	2.62	Active	R		2026-01-28	D		
9LDX	o6c76_human	ELECTRON MICROSCOPY	2.83	Active	R		2026-01-28	D		
9LDZ	o6c76_human	ELECTRON MICROSCOPY	3.17	Active	R		2026-01-28	D		
9LE0	or6a2_human	ELECTRON MICROSCOPY	2.54	Active	R		2026-01-28	E		
9LE1	or6a2_human	ELECTRON MICROSCOPY	3.3	Active	R		2026-01-28	C		
9LE2	or6a2_human	ELECTRON MICROSCOPY	3.33	Active	R		2026-01-28	C		
9LL9	5ht2a_human	ELECTRON MICROSCOPY	2.76	Active	R		2026-01-14	D		
9LLA	5ht2a_human	ELECTRON MICROSCOPY	3.27	Active	R		2026-01-14	D		
9LLB	5ht2a_human	ELECTRON MICROSCOPY	2.98	Active	R		2026-01-14	D		
9LLJ	drd1_human	ELECTRON MICROSCOPY	2.61	Active	R		2026-03-04	A		
9LQT	apj_human	ELECTRON MICROSCOPY	2.6	Inactive	A	[HOMOMER: chains A, B] [DB TRUNCATION: AI correctly identified chains A, B, but DB requires 1. Auto-selected primary chain A based on: Homomer (2 identical GPCR chains) — Rank 4: Preserving AI's originally correct choice (Chain A)] [WARNING: Ligands are bound to truncated chains B!]	2026-02-04	A	apj_human	B
9LR1	apj_human	ELECTRON MICROSCOPY	2.5	Active	R		2026-02-04	F		
9LRS	mrgx4_human	ELECTRON MICROSCOPY	2.83	Active	R		2026-02-04	A		
9LWC	drd1_human	ELECTRON MICROSCOPY	2.9	Active	R		2026-02-18	E		
9LWP	brs3_human	ELECTRON MICROSCOPY	2.93	Active	R		2025-07-16	A		
9LXP	pth1r_human	ELECTRON MICROSCOPY	3.2	Active	R		2026-03-04	E		
9LZ1	pth1r_human	ELECTRON MICROSCOPY	3.2	Active	R		2026-03-11	D		
9M0J	brs3_human	ELECTRON MICROSCOPY	2.9	Active	R		2026-03-04	E		
9M0X	q5qnq1_danre	ELECTRON MICROSCOPY	2.71	Active	R		2026-03-04	A		
9M1H	pe2r1_human	ELECTRON MICROSCOPY	2.55	Active	A		2025-04-30	A		
9M1R	oxgr1_human	ELECTRON MICROSCOPY	2.66	Active	R		2026-06-17	F		
9M1S	oxgr1_human	ELECTRON MICROSCOPY	2.65	Active	R		2026-06-17	F		
9M1U	oxgr1_human	ELECTRON MICROSCOPY	2.64	Active	R		2026-06-17	F		
9M42	gp139_human	ELECTRON MICROSCOPY	3.2	Active	R	Engineered GPR139 with N-terminal xylanase fusion, C-terminal truncation (322-353), and stabilizing S62(2.39)V mutation.	2026-01-21	E		
9M54	npff2_human	ELECTRON MICROSCOPY	3.24	Active	R		2025-07-23	A		
9M55	octb2_ixosc	ELECTRON MICROSCOPY	3.39	Active	R		2025-12-17	D		
9M57	a0a6p7vyn1_ixosc	ELECTRON MICROSCOPY	3.65	Active	R		2025-12-17	D		
9M88	gpr3_human	ELECTRON MICROSCOPY	3.1	Intermediate	A	[CORRECTED 2026-08-12: receptor is GPR3 on chains A,B; chains C,D are the PGS crystallisation fusion (Pyrococcus abyssi glycogen synthase). The HALLUCINATION alert below fired against a CORRECT AI answer because the GPCR roster itself was inverted -- it listed the fusion chains as the receptors and excluded the real receptor chains.] [CHAIN CORRECTED: A, B -> D, reason: HALLUCINATION] [HOMOMER: chains C, D] [HALLUCINATION] at 'oligomer_analysis': AI selected chain(s) ['A', 'B'] which are NOT in the GPCR roster (roster: ['C', 'D']). The AI may have picked a G protein, nanobody, or other non-GPCR chain. [DB TRUNCATION: AI correctly identified chains A, B, but DB requires 1. Auto-selected primary chain D based on: Homomer (2 identical GPCR chains) — Rank 4: Longest sequence (Chain D: 196aa, Chain C: 196aa)] [WARNING: Ligands are bound to truncated chains A, B!]	2025-09-24	D		
9MD1	5ht1a_human	ELECTRON MICROSCOPY	3.03	Active	R	[HOMOMER: chains C, R] [DB TRUNCATION: AI correctly identified chains C, R, but DB requires 1. Auto-selected primary chain R based on: Homomer (2 identical GPCR chains) — Rank 0: G protein-coupling protomer (structure geometry) on Chain R] [WARNING: Ligands are bound to truncated chains C!]	2025-08-13	E	5ht1a_human	C
9ME1	cxcr4_human	ELECTRON MICROSCOPY	3.37	Inactive	A	[HOMOMER: chains A, B, C, D, E, I, K, L] [DB TRUNCATION: AI correctly identified chains A, B, C, D, E, I, K, L, but DB requires 1. Auto-selected primary chain A based on: Homomer (8 identical GPCR chains) — Rank 4: Preserving AI's originally correct choice (Chain A)]	2025-09-10	B	cxcr4_human	B, C, D, E, I, K, L
9MET	cxcr4_human	ELECTRON MICROSCOPY	5.65	Inactive	M	[HOMOMER: chains M, N, O, S] [DB TRUNCATION: AI correctly identified chains M, N, O, S, but DB requires 1. Auto-selected primary chain M based on: Homomer (4 identical GPCR chains) — Rank 4: Preserving AI's originally correct choice (Chain M)]	2025-09-10	A	cxcr4_human	N, O, S
9MM5	calrl_human	ELECTRON MICROSCOPY	3.26	Inactive	R		2026-01-28	C		
9MNI	calrl_human	ELECTRON MICROSCOPY	4.06	Inactive	R		2025-10-22	B		
9MQI	oprm_human	ELECTRON MICROSCOPY	3.3	Inactive	A		2025-02-12	A		
9MQK	oprk_human	ELECTRON MICROSCOPY	3.18	Inactive	A	[HOMOMER: chains A, B] [DB TRUNCATION: AI correctly identified chains A, B, but DB requires 1. Auto-selected primary chain A based on: Homomer (2 identical GPCR chains) — Rank 4: Preserving AI's originally correct choice (Chain A)] [WARNING: Ligands are bound to truncated chains B!]	2025-02-12	A	oprk_human	B
9MQL	oprk_human	ELECTRON MICROSCOPY	2.96	Inactive	A		2025-02-12	A		
9MXU	glp1r_human	ELECTRON MICROSCOPY	2.5	Active	R	Active state complex stabilized by Nb35.	2026-04-22	A		
9N09	acm4_human	ELECTRON MICROSCOPY	2.57	Active	R	Active state complex with mini-Gsi chimera and Nb35.	2026-01-28	E		
9N29	acm4_human	ELECTRON MICROSCOPY	2.6	Active	R		2026-07-15	E		
9NOT	ts1r2_human	ELECTRON MICROSCOPY	3.8	Active	A	[HETEROMER: chains A, B] [MISSED_PROTOMER] at 'oligomer_analysis': GPCR roster has chains ['A', 'B'] but AI only reported ['A']. Missed: ['B'].	2025-05-14	B	ts1r3_human	B
9NOX	ts1r2_human	ELECTRON MICROSCOPY	3.0	Active	A	[HETEROMER: chains A, B] [MISSED_PROTOMER] at 'oligomer_analysis': GPCR roster has chains ['A', 'B'] but AI only reported ['A']. Missed: ['B'].	2025-05-14	E	ts1r3_human	B
9NOZ	opsd_bovin	ELECTRON MICROSCOPY	3.48	Inactive	C	[HOMOMER: chains C, D] [DB TRUNCATION: AI correctly identified chains C, D, but DB requires 1. Auto-selected primary chain C based on: Homomer (2 identical GPCR chains) — Rank 4: Preserving AI's originally correct choice (Chain C)]	2026-02-18	C	opsd_bovin	D
9O38	ts1r2_human	ELECTRON MICROSCOPY	3.0	Active	A	[HETEROMER: chains A, B, F] [MISSED_PROTOMER] at 'oligomer_analysis': GPCR roster has chains ['A', 'B', 'F'] but AI only reported ['A', 'F']. Missed: ['B']. [DB TRUNCATION: AI correctly identified chains A, F, but DB requires 1. Auto-selected primary chain A based on: Rank 4: Preserving AI's originally correct choice (Chain A)]	2025-05-14	E	ts1r3_human	B, F
9ODG	oprm_mouse	ELECTRON MICROSCOPY	4.3	Active	R		2026-03-04	D		
9ODJ	oprm_mouse	ELECTRON MICROSCOPY	3.0	Active	D		2026-01-07	C		
9OXB	t2r43_human	ELECTRON MICROSCOPY	3.0	Active	R		2026-04-22	E		
9P1S	aa2ar_human	ELECTRON MICROSCOPY	3.34	Inactive	A		2025-12-24	A		
9P85	ntr1_human	ELECTRON MICROSCOPY	3.0	Active	R		2026-03-25	A		
9PEE	ccr6_human	ELECTRON MICROSCOPY	3.35	Inactive	A		2025-10-01	A		
9PU5	oprm_human	ELECTRON MICROSCOPY	3.5	Active	F	[HOMOMER: chains F, R] [DB TRUNCATION: AI correctly identified chains F, R, but DB requires 1. Auto-selected primary chain F based on: Homomer (2 identical GPCR chains) — Rank 4: Preserving AI's originally correct choice (Chain F)] [WARNING: Ligands are bound to truncated chains R!]	2026-05-27	I	oprm_human	R
9PUD	oprm_human	ELECTRON MICROSCOPY	3.0	Active	F	[HOMOMER: chains F, R] [DB TRUNCATION: AI correctly identified chains F, R, but DB requires 1. Auto-selected primary chain F based on: Homomer (2 identical GPCR chains) — Rank 4: Preserving AI's originally correct choice (Chain F)] [WARNING: Ligands are bound to truncated chains R!]	2026-05-27	I	oprm_human	R
9PXU	oprm_human	ELECTRON MICROSCOPY	3.4	Inactive	R		2025-11-12	A		
9PY2	oprm_human	ELECTRON MICROSCOPY	3.16	Active	R		2025-11-12	A		
9QXL	agrl4_human	ELECTRON MICROSCOPY	3.14	Active	A		2026-01-14	A		
9RKI	adrb2_human	X-RAY DIFFRACTION	2.6	Inactive	A		2026-04-22	A		
9S38	lgr4_human	ELECTRON MICROSCOPY	3.94	Unknown	D		2025-09-03	B		
9U4W	gnrhr_pig	ELECTRON MICROSCOPY	3.18	Active	R		2025-06-11	E		
9U4Y	q90wj2_xenla	ELECTRON MICROSCOPY	2.67	Active	R		2025-06-11	F		
9UAM	cltr2_human	ELECTRON MICROSCOPY	3.3	Active	A		2026-03-18	A		
9UAN	cltr2_human	ELECTRON MICROSCOPY	3.5	Active	A		2026-03-18	A		
9UAP	acm1_human	ELECTRON MICROSCOPY	3.62	Active	A	Engineered receptor with de novo designed fusion protein insert and tethered G-protein alpha5 helix fragment.	2025-10-29	A		
9UAZ	acm1_human	ELECTRON MICROSCOPY	3.29	Inactive	B		2025-10-29	A		
9UCO	agre1_mouse	ELECTRON MICROSCOPY	3.58	Active	H	[HOMOMER: chains G, H, L, R] [DB TRUNCATION: AI correctly identified chains H, R, but DB requires 1. Auto-selected primary chain H based on: Homomer (2 identical GPCR chains) — Rank 4: Preserving AI's originally correct choice (Chain H)]	2026-04-08	J	agre1_mouse	R
9UCP	acm1_human	ELECTRON MICROSCOPY	2.88	Active	A		2025-10-29	A		
9UK2	oxgr1_human	ELECTRON MICROSCOPY	2.9	Active	A		2026-04-22	A		
9UST	a0a9l0jpp9_equas	ELECTRON MICROSCOPY	3.02	Active	R		2025-07-02	D		
9UTB	ts1r2_human	ELECTRON MICROSCOPY	3.59	Active	A	[HETEROMER: chains A, B] [DB TRUNCATION: AI correctly identified chains A, B, but DB requires 1. Auto-selected primary chain A based on: Rank 2: Ligand binds exclusively to GPCR Chain A]	2025-07-16	A	ts1r3_human	B
9UWM	calcr_human	ELECTRON MICROSCOPY	3.1	Active	R		2026-05-27	E		
9UWQ	calcr_human	ELECTRON MICROSCOPY	3.1	Active	R		2026-05-27	F		
9UXU	oprk_human	ELECTRON MICROSCOPY	3.6	Active	r	[HOMOMER: chains R, r] [DB TRUNCATION: AI correctly identified chains R, r, but DB requires 1. Auto-selected primary chain r based on: Homomer (2 identical GPCR chains) — Rank 2: Ligand binds exclusively to GPCR Chain r] [WARNING: Ligands are bound to truncated chains R!]	2026-05-27	F	oprk_human	R
9UY3	ghsr_human	ELECTRON MICROSCOPY	2.52	Active	R		2025-07-02	E		
9UYN	cml2_human	ELECTRON MICROSCOPY	2.9	Active	R		2025-11-19	A		
9V0X	prlhr_human	ELECTRON MICROSCOPY	2.66	Active	R		2026-02-04	F		
9V1H	npff2_human	ELECTRON MICROSCOPY	2.85	Active	R		2026-02-04	F		
9V2N	ghsr_human	ELECTRON MICROSCOPY	2.63	Active	R		2025-07-02	E		
9V81	mrgx4_human	ELECTRON MICROSCOPY	2.63	Intermediate	R		2026-05-06	E		
9VAW	ntr1_human	ELECTRON MICROSCOPY	2.24	Active	R		2026-06-03	A		
9VB6	ntr1_human	ELECTRON MICROSCOPY	3.38	Active	R		2026-06-03	E		
9VJ6	5ht1a_human	ELECTRON MICROSCOPY	2.62	Active	R		2025-11-12	E		
9VMG	a0a678xlr1_petma	ELECTRON MICROSCOPY	2.82	Active	R		2026-05-13	A		
9VMN	oxgr1_human	ELECTRON MICROSCOPY	2.6	Active	R		2026-03-18	D		
9VMO	oxgr1_human	ELECTRON MICROSCOPY	2.4	Active	R		2026-03-18	D		
9VMP	oxgr1_human	ELECTRON MICROSCOPY	2.5	Active	R		2026-03-18	D		
9VO2	oxgr1_human	ELECTRON MICROSCOPY	2.7	Active	R		2026-03-18	D		
9VPM	apj_human	ELECTRON MICROSCOPY	4.0	Active	Q	[HOMOMER: chains Q, R] [DB TRUNCATION: AI correctly identified chains Q, R, but DB requires 1. Auto-selected primary chain Q based on: Homomer (2 identical GPCR chains) — Rank 4: Preserving AI's originally correct choice (Chain Q)]	2026-07-08	F	apj_human	R
9VUS	oxgr1_human	ELECTRON MICROSCOPY	2.37	Active	A		2026-07-15	E		
9VV6	oxgr1_human	ELECTRON MICROSCOPY	2.62	Active	A	OXGR1-Gq-scFv16 complex bound to itaconate.	2026-07-15	A		
9W1J	nk2r_human	ELECTRON MICROSCOPY	2.97	Active	R		2026-06-17	E		
9W2G	nk2r_human	ELECTRON MICROSCOPY	3.4	Active	R	Receptor in complex with miniGs/q70 and Nb35.	2026-06-17	D		
9W2H	nk2r_human	ELECTRON MICROSCOPY	3.12	Active	R	Active state NK2R-miniGs/q70 complex bound to peptide agonist EB1002.	2026-06-17	B		
9W2I	nk2r_human	ELECTRON MICROSCOPY	2.93	Active	R	Active-state complex with peptide agonist and G protein.	2026-06-17	D		
9W2J	nk2r_human	ELECTRON MICROSCOPY	2.82	Active	R	Active state NK2R-G protein complex.	2026-06-17	D		
9W32	ssr5_human	ELECTRON MICROSCOPY	2.59	Inactive	A	[HOMOMER: chains A, B] [DB TRUNCATION: AI correctly identified chains A, B, but DB requires 1. Auto-selected primary chain A based on: Homomer (2 identical GPCR chains) — Rank 4: Preserving AI's originally correct choice (Chain A)] [WARNING: Ligands are bound to truncated chains B!]	2026-01-21	A	ssr5_human	B
9W33	ssr5_human	ELECTRON MICROSCOPY	2.69	Inactive	A	[HOMOMER: chains A, B] [DB TRUNCATION: AI correctly identified chains A, B, but DB requires 1. Auto-selected primary chain A based on: Homomer (2 identical GPCR chains) — Rank 4: Preserving AI's originally correct choice (Chain A)] [WARNING: Ligands are bound to truncated chains B!]	2026-01-21	A	ssr5_human	B
9W3K	gp151_human	ELECTRON MICROSCOPY	3.08	Inactive	A		2026-05-06	D		
9W45	q7trw7_mouse	ELECTRON MICROSCOPY	3.2	Active	R		2026-03-04	E		
9WDI	c5ar2_mouse	ELECTRON MICROSCOPY	3.33	Active	A	[HOMOMER: chains A, C] [DB TRUNCATION: AI correctly identified chains A, C, but DB requires 1. Auto-selected primary chain A based on: Homomer (2 identical GPCR chains) — Rank 4: Preserving AI's originally correct choice (Chain A)]	2026-07-01	A	c5ar2_mouse	C
9WEY	ul33_hcmva	ELECTRON MICROSCOPY	3.3	Active	R		2026-02-25	E		
9WG4	o52e8_human	ELECTRON MICROSCOPY	3.29	Active	R		2026-06-17	B		
9WP9	s1pr3_human	ELECTRON MICROSCOPY	3.25	Active	R		2025-11-26	F		
9WPM	o5b21_human	ELECTRON MICROSCOPY	2.6	Active	A		2026-01-28	A		
9WQL	grm5_human	ELECTRON MICROSCOPY	3.2	Active	X	[HOMOMER: chains X, Y] [DB TRUNCATION: AI correctly identified chains X, Y, but DB requires 1. Auto-selected primary chain X based on: Homomer (2 identical GPCR chains) — Rank 2: Ligand binds exclusively to GPCR Chain X] [WARNING: Ligands are bound to truncated chains Y!]	2026-05-27	A	grm5_human	Y
9WQM	grm1_human	ELECTRON MICROSCOPY	3.3	Active	X	[HOMOMER: chains X, Y] [DB TRUNCATION: AI correctly identified chains X, Y, but DB requires 1. Auto-selected primary chain X based on: Homomer (2 identical GPCR chains) — Rank 0: G protein-coupling protomer (structure geometry) on Chain X] [WARNING: Ligands are bound to truncated chains Y!]	2026-05-27	D	grm1_human	Y
9WQN	grm1_human	ELECTRON MICROSCOPY	3.7	Active	X	[HOMOMER: chains X, Y] [DB TRUNCATION: AI correctly identified chains X, Y, but DB requires 1. Auto-selected primary chain X based on: Homomer (2 identical GPCR chains) — Rank 2: Ligand binds exclusively to GPCR Chain X] [WARNING: Ligands are bound to truncated chains Y!]	2026-05-27	A	grm1_human	Y
9X22	glp1r_human	ELECTRON MICROSCOPY	2.92	Active	R		2026-03-25	B		
9X3Z	mas_human	ELECTRON MICROSCOPY	2.54	Active	R		2026-04-15	A		
9X40	mas_human	ELECTRON MICROSCOPY	3.07	Active	R		2026-05-20	E		
9XC6	oprm_human	ELECTRON MICROSCOPY	3.04	Active	R		2026-07-08	D		
9XDR	oprk_human	ELECTRON MICROSCOPY	2.58	Active	R		2026-07-08	D		
9XF4	oprd_human	ELECTRON MICROSCOPY	3.05	Active	A		2026-07-08	A		
9XHH	ccr7_human	ELECTRON MICROSCOPY	3.0	Active	R		2026-04-22	B		
9XHI	ccr7_human	ELECTRON MICROSCOPY	3.2	Active	R		2026-04-22	B		
9XQB	aa2ar_human	ELECTRON MICROSCOPY	3.45	Inactive	C		2026-01-07	B		
9XQC	gpr75_human	ELECTRON MICROSCOPY	3.0	Active	R		2026-02-04	E		
9YDA	opsg_human	ELECTRON MICROSCOPY	2.9	Active	R		2025-12-24	A		
9YDP	oprd_human	ELECTRON MICROSCOPY	1.95	Active	R		2025-12-10	E		
9YDQ	oprd_human	ELECTRON MICROSCOPY	1.94	Active	R		2025-12-10	E		
9YDR	oprd_human	ELECTRON MICROSCOPY	2.14	Active	R		2025-12-10	F		
9YGZ	opsg_human	ELECTRON MICROSCOPY	3.04	Active	R		2026-05-20	A		
10KT	aa2ar_human	X-RAY DIFFRACTION	2.59	Inactive	A		2026-05-20	A		
10TL	oprm_human	ELECTRON MICROSCOPY	3.5	Active	F	[HOMOMER: chains F, R] [DB TRUNCATION: AI correctly identified chains F, R, but DB requires 1. Auto-selected primary chain F based on: Homomer (2 identical GPCR chains) — Rank 4: Preserving AI's originally correct choice (Chain F)] [WARNING: Ligands are bound to truncated chains R!]	2026-05-27	C	oprm_human	R
11TD	ccr4_human	ELECTRON MICROSCOPY	3.7	Inactive	R		2026-04-01	A		
11TF	ccr4_human	ELECTRON MICROSCOPY	3.4	Inactive	R	CCR4 fused to BRIL and stabilized by an anti-BRIL Fab.	2026-04-01	A		
11TH	ccr4_human	ELECTRON MICROSCOPY	3.5	Inactive	R		2026-04-01	C		
11TK	ccr4_human	ELECTRON MICROSCOPY	3.54	Inactive	R		2026-04-01	A		
11TL	ccr4_human	ELECTRON MICROSCOPY	3.9	Inactive	R	CCR4-BRIL fusion in complex with GSK2239633A and anti-BRIL Fab.	2026-04-01	A		
12IY	cnr2_human	ELECTRON MICROSCOPY	2.94	Active	R		2026-07-15	A		
12IZ	cnr2_human	ELECTRON MICROSCOPY	2.72	Active	R		2026-07-15	E		
12JA	cnr2_human	ELECTRON MICROSCOPY	2.9	Active	R		2026-07-15	D		
20YC	gp174_human	ELECTRON MICROSCOPY	3.4	Active	R		2026-04-15	B		
20ZC	ntr1_human	ELECTRON MICROSCOPY	2.6	Active	R		2026-06-03	F		
20ZD	ntr1_human	ELECTRON MICROSCOPY	2.8	Active	R		2026-06-03	D		
20ZG	ntr1_human	ELECTRON MICROSCOPY	2.4	Active	R		2026-06-03	F		
20ZH	ntr1_human	ELECTRON MICROSCOPY	2.4	Active	R		2026-06-03	E		
20ZI	ntr1_human	ELECTRON MICROSCOPY	2.7	Active	R		2026-06-03	E		
20ZJ	ntr1_human	ELECTRON MICROSCOPY	2.9	Active	R		2026-06-03	E		
20ZK	ntr1_human	ELECTRON MICROSCOPY	2.7	Active	R		2026-06-03	E		
20ZL	ntr1_human	ELECTRON MICROSCOPY	3.1	Active	R		2026-06-03	A		
21AG	5ht1f_human	ELECTRON MICROSCOPY	3.13	Active	R		2026-04-08	D		
21AH	5ht1f_human	ELECTRON MICROSCOPY	3.18	Active	R		2026-04-08	A		
21CI	ox2r_human	X-RAY DIFFRACTION	3.29	Inactive	A		2026-06-03	A		
22EM	oprk_human	ELECTRON MICROSCOPY	2.86	Active	F		2026-05-06	D		
22ES	oprk_human	ELECTRON MICROSCOPY	2.43	Active	R		2026-05-06	C		
22XC	cxcr4_human	ELECTRON MICROSCOPY	3.28	Inactive	C	[HOMOMER: chains C, G, R] [DB TRUNCATION: AI correctly identified chains C, G, R, but DB requires 1. Auto-selected primary chain C based on: Homomer (3 identical GPCR chains) — Rank 4: Preserving AI's originally correct choice (Chain C)] [WARNING: Ligands are bound to truncated chains G, R!]	2026-04-22	C	cxcr4_human	G, R
23IV	cnr1_human	ELECTRON MICROSCOPY	2.42	Active	D		2026-05-20	E		
23IW	cnr1_human	ELECTRON MICROSCOPY	2.42	Active	R		2026-05-20	A		
23OI	oprx_human	ELECTRON MICROSCOPY	2.74	Active	R		2026-07-01	C		
24QH	ffar4_human	ELECTRON MICROSCOPY	2.74	Active	A		2026-07-08	E		
24TB	ghrhr_human	ELECTRON MICROSCOPY	3.04	Active	R		2026-07-08	D		
24TI	ghrhr_human	ELECTRON MICROSCOPY	2.88	Active	R		2026-07-08	A		
24XB	ffar4_human	ELECTRON MICROSCOPY	2.65	Active	A		2026-07-08	E		
24XZ	p2y14_human	ELECTRON MICROSCOPY	2.93	Active	R		2026-06-10	C		
25NV	pth1r_human	ELECTRON MICROSCOPY	3.21	Active	R		2026-06-03	F		
25NX	pth1r_human	ELECTRON MICROSCOPY	2.86	Active	R		2026-06-03	F		
27TM	grm1_human	ELECTRON MICROSCOPY	3.2	Active	X	[HOMOMER: chains X, Y] [DB TRUNCATION: AI correctly identified chains X, Y, but DB requires 1. Auto-selected primary chain X based on: Homomer (2 identical GPCR chains) — Rank 2: Ligand binds exclusively to GPCR Chain X] [WARNING: Ligands are bound to truncated chains Y!]	2026-06-24	A	grm1_human	Y
27XK	glp1r_human	ELECTRON MICROSCOPY	2.64	Active	R	Active state complex with peptide agonist and Gs protein.	2026-07-01	F		
2I35	opsd_bovin	X-RAY DIFFRACTION	3.8	Inactive	A		2006-10-17	A		
2R4R	adrb2_human	X-RAY DIFFRACTION	3.4	Inactive	A		2007-11-06	A		
2R4S	adrb2_human	X-RAY DIFFRACTION	3.4	Inactive	A		2007-11-06	A		
2YCX	adrb1_melga	X-RAY DIFFRACTION	3.25	Inactive	A	[HOMOMER: chains A, B] [DB TRUNCATION: AI correctly identified chains A, B, but DB requires 1. Auto-selected primary chain A based on: Homomer (2 identical GPCR chains) — Rank 4: Preserving AI's originally correct choice (Chain A)] [WARNING: Ligands are bound to truncated chains B!]	2011-06-01	A	adrb1_melga	B
2YCY	adrb1_melga	X-RAY DIFFRACTION	3.15	Inactive	B	[HOMOMER: chains A, B] [DB TRUNCATION: AI correctly identified chains A, B, but DB requires 1. Auto-selected primary chain B based on: Homomer (2 identical GPCR chains) — Rank 2: Ligand binds exclusively to GPCR Chain B] [WARNING: Ligands are bound to truncated chains A!]	2011-06-08	B	adrb1_melga	A
2YCZ	adrb1_melga	X-RAY DIFFRACTION	3.65	Inactive	A	[HOMOMER: chains A, B] [DB TRUNCATION: AI correctly identified chains A, B, but DB requires 1. Auto-selected primary chain A based on: Homomer (2 identical GPCR chains) — Rank 4: Preserving AI's originally correct choice (Chain A)] [WARNING: Ligands are bound to truncated chains B!]	2011-06-01	A	adrb1_melga	B
2YDO	aa2ar_human	X-RAY DIFFRACTION	3.0	Intermediate	A		2011-05-18	A		
2YDV	aa2ar_human	X-RAY DIFFRACTION	2.6	Intermediate	A		2011-05-18	A		
2ZIY	opsd_todpa	X-RAY DIFFRACTION	3.7	Inactive	A		2008-05-06	A		
3AYM	opsd_todpa	X-RAY DIFFRACTION	2.8	Intermediate	A	[HOMOMER: chains A, B] [DB TRUNCATION: AI correctly identified chains A, B, but DB requires 1. Auto-selected primary chain A based on: Homomer (2 identical GPCR chains) — Rank 4: Preserving AI's originally correct choice (Chain A)] [WARNING: Ligands are bound to truncated chains B!]	2011-08-17	A	opsd_todpa	B
3C9M	opsd_bovin	X-RAY DIFFRACTION	3.4	Inactive	A		2008-08-05	A		
3D4S	adrb2_human	X-RAY DIFFRACTION	2.8	Inactive	A		2008-06-17	A		
3EML	aa2ar_human	X-RAY DIFFRACTION	2.6	Inactive	A		2008-10-14	A		
3KJ6	adrb2_human	X-RAY DIFFRACTION	3.4	Inactive	A		2010-02-16	A		
3NY8	adrb2_human	X-RAY DIFFRACTION	2.84	Inactive	A		2010-08-11	A		
3NY9	adrb2_human	X-RAY DIFFRACTION	2.84	Inactive	A		2010-08-11	A		
3NYA	adrb2_human	X-RAY DIFFRACTION	3.16	Inactive	A		2010-08-11	A		
3OE9	cxcr4_human	X-RAY DIFFRACTION	3.1	Inactive	A	[HOMOMER: chains A, B] [DB TRUNCATION: AI correctly identified chains A, B, but DB requires 1. Auto-selected primary chain A based on: Homomer (2 identical GPCR chains) — Rank 4: Preserving AI's originally correct choice (Chain A)] [WARNING: Ligands are bound to truncated chains B!]	2010-10-27	A	cxcr4_human	B
3P0G	adrb2_human	X-RAY DIFFRACTION	3.5	Active	A		2011-01-19	A		
3PBL	drd3_human	X-RAY DIFFRACTION	2.89	Inactive	A	Engineered for stability with L119W mutation and T4-Lysozyme fusion in ICL3. [HOMOMER: chains A, B] [DB TRUNCATION: AI correctly identified chains A, B, but DB requires 1. Auto-selected primary chain A based on: Homomer (2 identical GPCR chains) — Rank 4: Preserving AI's originally correct choice (Chain A)] [WARNING: Ligands are bound to truncated chains B!]	2010-11-03	A	drd3_human	B
3PDS	adrb2_human	X-RAY DIFFRACTION	3.5	Inactive	A		2011-01-12	A		
3PWH	aa2ar_human	X-RAY DIFFRACTION	3.296	Inactive	A		2011-09-07	A		
3PXO	opsd_bovin	X-RAY DIFFRACTION	3.0	Active	A		2011-03-09	A		
3QAK	aa2ar_human	X-RAY DIFFRACTION	2.71	Active	A		2011-03-09	A		
3REY	aa2ar_human	X-RAY DIFFRACTION	3.309	Inactive	A		2011-09-07	A		
3RFM	aa2ar_human	X-RAY DIFFRACTION	3.598	Inactive	A		2011-09-07	A		
3RZE	hrh1_human	X-RAY DIFFRACTION	3.1	Inactive	A		2011-06-15	A		
3UON	acm2_human	X-RAY DIFFRACTION	3.0	Inactive	A		2012-02-01	A		
3UZA	aa2ar_human	X-RAY DIFFRACTION	3.273	Inactive	A	Thermostabilised StaR2 construct.	2012-03-21	A		
3UZC	aa2ar_human	X-RAY DIFFRACTION	3.341	Inactive	A		2012-03-21	A		
3V2W	s1pr1_human	X-RAY DIFFRACTION	3.35	Inactive	A		2012-02-15	A		
3V2Y	s1pr1_human	X-RAY DIFFRACTION	2.8	Inactive	A		2012-02-15	A		
3VG9	aa2ar_human	X-RAY DIFFRACTION	2.7	Inactive	A	Receptor residues 1-316; contains point mutation N154Q to remove glycosylation.	2012-02-01	A		
3VGA	aa2ar_human	X-RAY DIFFRACTION	3.1	Inactive	A	Engineered A2A receptor with N154Q mutation and C-terminal truncation (residues 1-316).	2012-02-01	A		
3VW7	par1_human	X-RAY DIFFRACTION	2.2	Inactive	A	PAR1-T4L fusion protein; glycosylation sites mutated; N-terminal exodomain truncated.	2012-12-12	A		
3ZPQ	adrb1_melga	X-RAY DIFFRACTION	2.8	Inactive	A	[HOMOMER: chains A, B] [DB TRUNCATION: AI correctly identified chains A, B, but DB requires 1. Auto-selected primary chain A based on: Homomer (2 identical GPCR chains) — Rank 4: Preserving AI's originally correct choice (Chain A)] [WARNING: Ligands are bound to truncated chains B!]	2013-04-03	A	adrb1_melga	B
4AMI	adrb1_melga	X-RAY DIFFRACTION	3.2	Inactive	A	[HOMOMER: chains A, B] [DB TRUNCATION: AI correctly identified chains A, B, but DB requires 1. Auto-selected primary chain A based on: Homomer (2 identical GPCR chains) — Rank 4: Preserving AI's originally correct choice (Chain A)] [WARNING: Ligands are bound to truncated chains B!]	2012-05-23	A	adrb1_melga	B
4BEZ	opsd_bovin	X-RAY DIFFRACTION	3.3	Active	A	Active-state G90D rhodopsin mutant.	2013-04-24	A		
4BV0	ntr1_rat	X-RAY DIFFRACTION	3.1	Inactive	A	[HOMOMER: chains A, B] [DB TRUNCATION: AI correctly identified chains A, B, but DB requires 1. Auto-selected primary chain A based on: Homomer (2 identical GPCR chains) — Rank 4: Preserving AI's originally correct choice (Chain A)]	2014-01-29	A	ntr1_rat	B
4BWB	ntr1_rat	X-RAY DIFFRACTION	3.57	Inactive	A	[HOMOMER: chains A, B] [DB TRUNCATION: AI correctly identified chains A, B, but DB requires 1. Auto-selected primary chain A based on: Homomer (2 identical GPCR chains) — Rank 4: Preserving AI's originally correct choice (Chain A)]	2014-01-29	A	ntr1_rat	B
4DJH	oprk_human	X-RAY DIFFRACTION	2.9	Inactive	A	[HOMOMER: chains A, B] [DB TRUNCATION: AI correctly identified chains A, B, but DB requires 1. Auto-selected primary chain A based on: Homomer (2 identical GPCR chains) — Rank 4: Preserving AI's originally correct choice (Chain A)] [WARNING: Ligands are bound to truncated chains B!]	2012-03-21	A	oprk_human	B
4EJ4	oprd_mouse	X-RAY DIFFRACTION	3.4	Inactive	A		2012-05-16	A		
4GBR	adrb2_human	X-RAY DIFFRACTION	3.993	Inactive	A		2012-10-24	A		
4GPO	adrb1_melga	X-RAY DIFFRACTION	3.5	Inactive	A	Ligand-free basal state; thermostabilized mutant (m23). [HOMOMER: chains A, B] [DB TRUNCATION: AI correctly identified chains A, B, but DB requires 1. Auto-selected primary chain A based on: Homomer (2 identical GPCR chains) — Rank 4: Preserving AI's originally correct choice (Chain A)]	2013-02-27	A	adrb1_melga	B
4GRV	ntr1_rat	X-RAY DIFFRACTION	2.802	Active	A		2012-10-17	A		
4IAQ	5ht1b_human	X-RAY DIFFRACTION	2.8	Active	A		2013-03-13	A		
4IAR	5ht1b_human	X-RAY DIFFRACTION	2.7	Active	A		2013-03-13	A		
4IB4	5ht2b_human	X-RAY DIFFRACTION	2.7	Intermediate	A		2013-03-13	A		
4JKV	smo_human	X-RAY DIFFRACTION	2.45	Inactive	A	Human SMO 7TM domain (residues 190-555) fused to BRIL at the N-terminus. [HOMOMER: chains A, B] [DB TRUNCATION: AI correctly identified chains A, B, but DB requires 1. Auto-selected primary chain A based on: Homomer (2 identical GPCR chains) — Rank 4: Preserving AI's originally correct choice (Chain A)] [WARNING: Ligands are bound to truncated chains B!]	2013-04-24	A	smo_human	B
4L6R	glr_human	X-RAY DIFFRACTION	3.3	Inactive	A		2013-07-24	A		
4LDE	adrb2_human	X-RAY DIFFRACTION	2.79	Active	A		2013-09-25	A		
4LDL	adrb2_human	X-RAY DIFFRACTION	3.1	Active	A		2013-09-25	A		
4LDO	adrb2_human	X-RAY DIFFRACTION	3.2	Active	A		2013-09-25	A		
4MQS	acm2_human	X-RAY DIFFRACTION	3.5	Active	A		2013-11-27	A		
4MQT	acm2_human	X-RAY DIFFRACTION	3.7	Active	A		2013-11-27	A		
4N4W	smo_human	X-RAY DIFFRACTION	2.8	Inactive	A		2014-01-22	A		
4N6H	oprd_human	X-RAY DIFFRACTION	1.8	Inactive	A		2013-12-25	A		
4NC3	5ht2b_human	X-RAY DIFFRACTION	2.8	Active	A		2013-12-18	A		
4NTJ	p2y12_human	X-RAY DIFFRACTION	2.62	Inactive	A		2014-03-26	A		
4O9R	smo_human	X-RAY DIFFRACTION	3.204	Inactive	A		2014-03-05	A		
4OO9	grm5_human	X-RAY DIFFRACTION	2.6	Inactive	A		2014-07-02	A		
4OR2	grm1_human	X-RAY DIFFRACTION	2.8	Inactive	A	[HOMOMER: chains A, B] [DB TRUNCATION: AI correctly identified chains A, B, but DB requires 1. Auto-selected primary chain A based on: Homomer (2 identical GPCR chains) — Rank 2: Ligand binds exclusively to GPCR Chain A] [WARNING: Ligands are bound to truncated chains B!]	2014-03-19	A	grm1_human	B
4PHU	ffar1_human	X-RAY DIFFRACTION	2.332	Inactive	A		2014-07-16	A		
4PXF	opsd_bovin	X-RAY DIFFRACTION	2.75	Active	A		2014-09-17	A		
4PXZ	p2y12_human	X-RAY DIFFRACTION	2.5	Inactive	A		2014-04-30	A		
4PY0	p2y12_human	X-RAY DIFFRACTION	3.1	Inactive	A		2014-04-30	A		
4QIM	smo_human	X-RAY DIFFRACTION	2.61	Inactive	A		2014-07-23	A		
4QIN	smo_human	X-RAY DIFFRACTION	2.6	Inactive	A		2014-07-23	A		
4RWA	oprd_human	X-RAY DIFFRACTION	3.28	Inactive	A	[HOMOMER: chains A, B] [DB TRUNCATION: AI correctly identified chains A, B, but DB requires 1. Auto-selected primary chain A based on: Homomer (2 identical GPCR chains) — Rank 4: Preserving AI's originally correct choice (Chain A)]	2015-01-14	A	oprd_human	B
4RWD	oprd_human	X-RAY DIFFRACTION	2.7	Inactive	A	Serial femtosecond crystallography (XFEL) structure; room temperature. [HOMOMER: chains A, B] [DB TRUNCATION: AI correctly identified chains A, B, but DB requires 1. Auto-selected primary chain A based on: Homomer (2 identical GPCR chains) — Rank 4: Preserving AI's originally correct choice (Chain A)] [WARNING: Ligands are bound to truncated chains B!]	2015-01-14	A	oprd_human	B
4RWS	cxcr4_human	X-RAY DIFFRACTION	3.1	Inactive	A		2015-02-11	A		
4S0V	ox2r_human	X-RAY DIFFRACTION	2.5	Inactive	A		2015-01-14	A		
4U14	acm3_rat	X-RAY DIFFRACTION	3.57	Inactive	A		2014-11-26	A		
4UG2	aa2ar_human	X-RAY DIFFRACTION	2.6	Active	A	[HOMOMER: chains A, B] [DB TRUNCATION: AI correctly identified chains A, B, but DB requires 1. Auto-selected primary chain A based on: Homomer (2 identical GPCR chains) — Rank 4: Preserving AI's originally correct choice (Chain A)] [WARNING: Ligands are bound to truncated chains B!]	2015-04-08	A	aa2ar_human	B
4UHR	aa2ar_human	X-RAY DIFFRACTION	2.6	Active	A	Thermostabilized A2A receptor (A2AR-GL31) with point mutations L48A, A54L, T65A, Q89A, and N154A.	2015-04-08	A		
4XEE	ntr1_rat	X-RAY DIFFRACTION	2.9	Active	A		2015-07-29	A		
4XES	ntr1_rat	X-RAY DIFFRACTION	2.6	Active	A		2015-07-29	A		
4XNV	p2ry1_human	X-RAY DIFFRACTION	2.2	Inactive	A	The receptor is fused with Rubredoxin in ICL3; an N-terminal BRIL fusion was part of the construct but degraded and is not modeled. BPTU-bound structure.	2015-04-01	A		
4XT1	us28_hcmva	X-RAY DIFFRACTION	2.886	Active	A		2015-03-04	A		
4XT3	us28_hcmva	X-RAY DIFFRACTION	3.801	Active	A		2015-03-04	A		
4YAY	agtr1_human	X-RAY DIFFRACTION	2.9	Inactive	A	XFEL structure; fused with N-terminal BRIL.	2015-04-22	A		
4Z34	lpar1_human	X-RAY DIFFRACTION	3.0	Inactive	A		2015-06-03	A		
4Z35	lpar1_human	X-RAY DIFFRACTION	2.9	Inactive	A		2015-06-03	A		
4Z36	lpar1_human	X-RAY DIFFRACTION	2.9	Inactive	A		2015-06-03	A		
4Z9G	crhr1_human	X-RAY DIFFRACTION	3.183	Inactive	A	[HOMOMER: chains A, B, C] [DB TRUNCATION: AI correctly identified chains A, B, C, but DB requires 1. Auto-selected primary chain A based on: Homomer (3 identical GPCR chains) — Rank 4: Preserving AI's originally correct choice (Chain A)] [WARNING: Ligands are bound to truncated chains B, C!]	2016-06-29	A	crhr1_human	B, C
4ZJ8	ox1r_human	X-RAY DIFFRACTION	2.751	Inactive	A		2016-03-09	A		
4ZUD	agtr1_human	X-RAY DIFFRACTION	2.8	Inactive	A		2015-10-07	A		
4ZWJ	opsd_human	X-RAY DIFFRACTION	3.302	Active	A	[HOMOMER: chains A, B, C, D] [DB TRUNCATION: AI correctly identified chains A, B, C, D, but DB requires 1. Auto-selected primary chain A based on: Homomer (4 identical GPCR chains) — Rank 4: Preserving AI's originally correct choice (Chain A)]	2015-07-29	A	opsd_human	B, C, D
5C1M	oprm_mouse	X-RAY DIFFRACTION	2.07	Active	A		2015-08-05	A		
5CGC	grm5_human	X-RAY DIFFRACTION	3.101	Inactive	A		2015-08-12	A		
5CGD	grm5_human	X-RAY DIFFRACTION	2.603	Inactive	A		2015-08-12	A		
5D5B	adrb2_human	X-RAY DIFFRACTION	3.8	Inactive	A		2016-01-13	A		
5D6L	adrb2_human	X-RAY DIFFRACTION	3.2	Inactive	A		2016-08-17	A		
5DYS	opsd_bovin	X-RAY DIFFRACTION	2.3	Active	A		2016-08-10	A		
5G53	aa2ar_human	X-RAY DIFFRACTION	3.4	Active	A	[HOMOMER: chains A, B] [DB TRUNCATION: AI correctly identified chains A, B, but DB requires 1. Auto-selected primary chain A based on: Homomer (2 identical GPCR chains) — Rank 4: Preserving AI's originally correct choice (Chain A)] [WARNING: Ligands are bound to truncated chains B!]	2016-08-03	A	aa2ar_human	B
5GLH	ednrb_human	X-RAY DIFFRACTION	2.8	Inactive	A		2016-09-07	A		
5GLI	ednrb_human	X-RAY DIFFRACTION	2.5	Inactive	A		2016-09-07	A		
5IU4	aa2ar_human	X-RAY DIFFRACTION	1.72	Inactive	A		2016-06-29	A		
5IU7	aa2ar_human	X-RAY DIFFRACTION	1.9	Inactive	A		2016-06-29	A		
5IU8	aa2ar_human	X-RAY DIFFRACTION	2.002	Inactive	A		2016-06-29	A		
5IUA	aa2ar_human	X-RAY DIFFRACTION	2.2	Inactive	A		2016-06-29	A		
5IUB	aa2ar_human	X-RAY DIFFRACTION	2.1	Inactive	A	Thermostabilized receptor (StaR2) fused with bRIL in complex with high-affinity antagonist 12x.	2016-06-29	A		
5JQH	adrb2_human	X-RAY DIFFRACTION	3.2	Inactive	A	Inactive-state structure stabilized by nanobody Nb60. [HOMOMER: chains A, B] [DB TRUNCATION: AI correctly identified chains A, B, but DB requires 1. Auto-selected primary chain A based on: Homomer (2 identical GPCR chains) — Rank 4: Preserving AI's originally correct choice (Chain A)] [WARNING: Ligands are bound to truncated chains B!]	2016-07-13	A	adrb2_human	B
5JTB	aa2ar_human	X-RAY DIFFRACTION	2.8	Inactive	A		2017-05-31	A		
5K2A	aa2ar_human	X-RAY DIFFRACTION	2.5	Inactive	A		2016-09-21	A		
5K2B	aa2ar_human	X-RAY DIFFRACTION	2.5	Inactive	A		2016-09-21	A		
5K2D	aa2ar_human	X-RAY DIFFRACTION	1.9	Inactive	A		2016-09-21	A		
5KW2	ffar1_human	X-RAY DIFFRACTION	2.76	Inactive	A		2018-05-02	A		
5LWE	ccr9_human	X-RAY DIFFRACTION	2.8	Inactive	A	[HOMOMER: chains A, B] [DB TRUNCATION: AI correctly identified chains A, B, but DB requires 1. Auto-selected primary chain A based on: Homomer (2 identical GPCR chains) — Rank 2: Ligand binds exclusively to GPCR Chain A] [WARNING: Ligands are bound to truncated chains B!]	2016-12-07	A	ccr9_human	B
5MZJ	aa2ar_human	X-RAY DIFFRACTION	2.0	Inactive	A		2017-07-26	A		
5MZP	aa2ar_human	X-RAY DIFFRACTION	2.1	Inactive	A		2017-07-26	A		
5N2R	aa2ar_human	X-RAY DIFFRACTION	2.8	Inactive	A		2017-07-26	A		
5N2S	aa1r_human	X-RAY DIFFRACTION	3.303	Inactive	A		2017-07-26	A		
5NDD	par2_human	X-RAY DIFFRACTION	2.801	Inactive	A		2017-05-03	A		
5NJ6	par2_human	X-RAY DIFFRACTION	4.0	Inactive	A		2017-05-03	A		
5NLX	aa2ar_human	X-RAY DIFFRACTION	2.14	Inactive	A	Room-temperature SMX structure; contains 8 thermostabilizing mutations (A54L, T88A, R107A, K122A, L202A, L235A, V239A, S277A) and N154A deglycosylation.	2017-09-27	A		
5NM2	aa2ar_human	X-RAY DIFFRACTION	1.948	Inactive	A		2017-09-27	A		
5NM4	aa2ar_human	X-RAY DIFFRACTION	1.7	Inactive	A		2017-09-27	A		
5NX2	glp1r_human	X-RAY DIFFRACTION	3.7	Active	A		2017-06-14	A		
5OLG	aa2ar_human	X-RAY DIFFRACTION	1.87	Inactive	A		2018-01-17	A		
5OLH	aa2ar_human	X-RAY DIFFRACTION	2.6	Inactive	A		2018-01-17	A		
5OLO	aa2ar_human	X-RAY DIFFRACTION	3.1	Inactive	A		2018-01-17	A		
5OLV	aa2ar_human	X-RAY DIFFRACTION	1.998	Inactive	A		2018-01-17	A		
5OLZ	aa2ar_human	X-RAY DIFFRACTION	1.9	Inactive	A		2018-01-17	A		
5OM1	aa2ar_human	X-RAY DIFFRACTION	2.1	Inactive	A		2018-01-17	A		
5OM4	aa2ar_human	X-RAY DIFFRACTION	2.0	Inactive	A		2018-01-17	A		
5T1A	ccr2_human	X-RAY DIFFRACTION	2.806	Inactive	A		2016-12-14	A		
5TE3	opsd_bovin	X-RAY DIFFRACTION	2.7	Active	A		2017-03-15	A		
5TE5	opsd_bovin	X-RAY DIFFRACTION	4.01	Inactive	A		2017-03-15	A		
5TGZ	cnr1_human	X-RAY DIFFRACTION	2.8	Inactive	A		2016-11-02	A		
5TUD	5ht2b_human	X-RAY DIFFRACTION	3.0	Active	A	[HOMOMER: chains A, D] [DB TRUNCATION: AI correctly identified chains A, D, but DB requires 1. Auto-selected primary chain A based on: Homomer (2 identical GPCR chains) — Rank 4: Preserving AI's originally correct choice (Chain A)] [WARNING: Ligands are bound to truncated chains D!]	2017-07-26	A	5ht2b_human	D
5TVN	5ht2b_human	X-RAY DIFFRACTION	2.9	Active	A		2017-02-01	A		
5TZR	ffar1_human	X-RAY DIFFRACTION	2.2	Inactive	A		2017-06-07	A		
5TZY	ffar1_human	X-RAY DIFFRACTION	3.22	Active	A		2017-06-07	A		
5U09	cnr1_human	X-RAY DIFFRACTION	2.6	Inactive	A		2016-12-07	A		
5UIG	aa2ar_human	X-RAY DIFFRACTION	3.5	Inactive	A		2017-02-08	A		
5UIW	ccr5_human	X-RAY DIFFRACTION	2.204	Inactive	A		2017-06-28	A		
5UNG	agtr2_human	X-RAY DIFFRACTION	2.8	Active	B		2017-04-05	A		
5UVI	aa2ar_human	X-RAY DIFFRACTION	3.2	Inactive	A		2017-05-24	A		
5V54	5ht1b_human	X-RAY DIFFRACTION	3.9	Inactive	A	[HOMOMER: chains A, B] [DB TRUNCATION: AI correctly identified chains A, B, but DB requires 1. Auto-selected primary chain A based on: Homomer (2 identical GPCR chains) — Rank 4: Preserving AI's originally correct choice (Chain A)] [WARNING: Ligands are bound to truncated chains B!]	2018-02-07	A	5ht1b_human	B
5VAI	g1sgd4_rabit	ELECTRON MICROSCOPY	4.1	Active	R		2017-05-24	A		
5VBL	apj_human	X-RAY DIFFRACTION	2.6	Inactive	B		2017-05-31	B		
5VEX	glp1r_human	X-RAY DIFFRACTION	3.0	Inactive	A	Engineered construct with 10 thermostabilizing mutations and a disulfide bond (I317-G361) that locks the receptor in an inactive state. [HOMOMER: chains A, B] [DB TRUNCATION: AI correctly identified chains A, B, but DB requires 1. Auto-selected primary chain A based on: Homomer (2 identical GPCR chains) — Rank 4: Preserving AI's originally correct choice (Chain A)] [WARNING: Ligands are bound to truncated chains B!]	2017-05-17	A	glp1r_human	B
5VRA	aa2ar_human	X-RAY DIFFRACTION	2.35	Inactive	A		2017-12-13	A		
5W0P	opsd_human	X-RAY DIFFRACTION	3.013	Active	A	[HOMOMER: chains A, B, C, D] [DB TRUNCATION: AI correctly identified chains A, B, C, D, but DB requires 1. Auto-selected primary chain A based on: Homomer (4 identical GPCR chains) — Rank 4: Preserving AI's originally correct choice (Chain A)]	2017-08-09	A	opsd_human	B, C, D
5WB1	us28_hcmvt	X-RAY DIFFRACTION	3.508	Active	A		2018-06-13	A		
5WB2	us28_hcmvt	X-RAY DIFFRACTION	3.5	Active	A		2018-06-13	A		
5WF5	aa2ar_human	X-RAY DIFFRACTION	2.6	Active	A		2018-02-21	A		
5WF6	aa2ar_human	X-RAY DIFFRACTION	2.9	Active	A		2018-02-21	A		
5WIV	drd4_human	X-RAY DIFFRACTION	2.143	Inactive	A		2017-10-18	A		
5WQC	ox2r_human	X-RAY DIFFRACTION	1.96	Inactive	A		2017-11-29	A		
5WS3	ox2r_human	X-RAY DIFFRACTION	2.3	Inactive	A		2017-12-13	A		
5X33	q9wtk1_cavpo	X-RAY DIFFRACTION	3.7	Inactive	A		2018-01-03	A		
5X93	ednrb_human	X-RAY DIFFRACTION	2.2	Inactive	A		2017-08-16	A		
5XEZ	glr_human	X-RAY DIFFRACTION	3.0	Inactive	A	[HOMOMER: chains A, B] [DB TRUNCATION: AI correctly identified chains A, B, but DB requires 1. Auto-selected primary chain A based on: Homomer (2 identical GPCR chains) — Rank 4: Preserving AI's originally correct choice (Chain A)] [WARNING: Ligands are bound to truncated chains B!]	2017-05-24	A	glr_human	B
5XJM	agtr2_human	X-RAY DIFFRACTION	3.2	Active	A	Receptor fused with BRIL in ICL3; complexed with peptide agonist and PAM Fab.	2018-07-11	A		
5XPR	ednrb_human	X-RAY DIFFRACTION	3.6	Inactive	A		2017-08-16	A		
5XR8	cnr1_human	X-RAY DIFFRACTION	2.95	Active	A		2017-07-12	A		
5XSZ	q08bg4_danre	X-RAY DIFFRACTION	3.2	Inactive	A		2017-08-16	A		
5YC8	acm2_human	X-RAY DIFFRACTION	2.5	Inactive	A		2018-11-21	A		
5YHL	pe2r4_human	X-RAY DIFFRACTION	4.2	Inactive	A		2018-12-05	A		
5YQZ	glr_human	X-RAY DIFFRACTION	3.0	Intermediate	R		2018-01-17	A		
5YWY	pe2r4_human	X-RAY DIFFRACTION	3.2	Inactive	A		2018-12-05	A		
5ZBH	npy1r_human	X-RAY DIFFRACTION	3.0	Inactive	A		2018-04-25	A		
5ZBQ	npy1r_human	X-RAY DIFFRACTION	2.7	Inactive	A		2018-04-25	A		
5ZK3	acm2_human	X-RAY DIFFRACTION	2.6	Inactive	A		2018-11-21	A		
5ZK8	acm2_human	X-RAY DIFFRACTION	3.0	Inactive	A		2018-11-21	A		
5ZKB	acm2_human	X-RAY DIFFRACTION	2.95	Inactive	A		2018-11-21	A		
5ZKC	acm2_human	X-RAY DIFFRACTION	2.3	Inactive	A		2018-11-21	A		
5ZKP	ptafr_human	X-RAY DIFFRACTION	2.81	Intermediate	A		2018-06-20	A		
5ZTY	cnr2_human	X-RAY DIFFRACTION	2.8	Inactive	A	Engineered CB2 construct with T4L in ICL3 and five stabilization mutations: G78(2.48)L, T127(3.46)A, T153(4.45)L, R242(6.32)E, and G304(8.48)E.	2019-01-30	A		
6A93	5ht2a_human	X-RAY DIFFRACTION	3.0	Inactive	A	[HOMOMER: chains A, B] [DB TRUNCATION: AI correctly identified chains A, B, but DB requires 1. Auto-selected primary chain A based on: Homomer (2 identical GPCR chains) — Rank 4: Preserving AI's originally correct choice (Chain A)] [WARNING: Ligands are bound to truncated chains B!]	2019-02-13	A	5ht2a_human	B
6A94	5ht2a_human	X-RAY DIFFRACTION	2.9	Inactive	A	[HOMOMER: chains A, B] [DB TRUNCATION: AI correctly identified chains A, B, but DB requires 1. Auto-selected primary chain A based on: Homomer (2 identical GPCR chains) — Rank 4: Preserving AI's originally correct choice (Chain A)] [WARNING: Ligands are bound to truncated chains B!]	2019-02-13	A	5ht2a_human	B
6AK3	pe2r3_human	X-RAY DIFFRACTION	2.9	Active	A	[HOMOMER: chains A, B] [DB TRUNCATION: AI correctly identified chains A, B, but DB requires 1. Auto-selected primary chain A based on: Homomer (2 identical GPCR chains) — Rank 4: Preserving AI's originally correct choice (Chain A)] [WARNING: Ligands are bound to truncated chains B!]	2018-12-05	B	pe2r3_human	B
6AQF	aa2ar_human	X-RAY DIFFRACTION	2.51	Inactive	A		2018-01-10	A		
6B3J	glp1r_human	ELECTRON MICROSCOPY	3.3	Active	R		2018-02-21	A		
6B73	oprk_human	X-RAY DIFFRACTION	3.1	Active	A	[HOMOMER: chains A, B] [DB TRUNCATION: AI correctly identified chains A, B, but DB requires 1. Auto-selected primary chain A based on: Homomer (2 identical GPCR chains) — Rank 2: Ligand binds exclusively to GPCR Chain A] [WARNING: Ligands are bound to truncated chains B!]	2018-01-17	A	oprk_human	B
6BD4	fzd4_human	X-RAY DIFFRACTION	2.4	Inactive	A		2018-08-22	A		
6BQG	5ht2c_human	X-RAY DIFFRACTION	3.0	Active	A		2018-02-14	A		
6BQH	5ht2c_human	X-RAY DIFFRACTION	2.7	Inactive	A		2018-02-14	A		
6C1Q	c5ar1_human	X-RAY DIFFRACTION	2.9	Inactive	B		2018-05-30	A		
6CM4	drd2_human	X-RAY DIFFRACTION	2.867	Inactive	A		2018-03-14	A		
6D35	smos_xenla	X-RAY DIFFRACTION	3.9	Active	A		2018-05-23	A		
6D9H	aa1r_human	ELECTRON MICROSCOPY	3.6	Active	R		2018-06-20	D		
6DDE	oprm_mouse	ELECTRON MICROSCOPY	3.5	Active	R		2018-06-13	E		
6DDF	oprm_mouse	ELECTRON MICROSCOPY	3.5	Active	R		2018-06-13	D		
6DO1	agtr1_human	X-RAY DIFFRACTION	2.901	Active	A	[HOMOMER: chains A, B] [DB TRUNCATION: AI correctly identified chains A, B, but DB requires 1. Auto-selected primary chain A based on: Homomer (2 identical GPCR chains) — Rank 4: Preserving AI's originally correct choice (Chain A)]	2019-01-30	A	agtr1_human	B
6DRX	5ht2b_human	X-RAY DIFFRACTION	3.1	Intermediate	A		2018-08-29	A		
6DRY	5ht2b_human	X-RAY DIFFRACTION	2.918	Intermediate	A		2018-08-29	A		
6DRZ	5ht2b_human	X-RAY DIFFRACTION	3.102	Active	A		2018-08-29	A		
6DS0	5ht2b_human	X-RAY DIFFRACTION	3.188	Intermediate	A		2018-08-29	A		
6E3Y	calrl_human	ELECTRON MICROSCOPY	3.3	Active	R		2018-09-19	F		
6E59	nk1r_human	X-RAY DIFFRACTION	3.4	Inactive	A		2018-12-12	A		
6FFH	grm5_human	X-RAY DIFFRACTION	2.65	Inactive	A		2018-03-07	A		
6FFI	grm5_human	X-RAY DIFFRACTION	2.2	Inactive	A		2018-03-07	A		
6FK6	opsd_bovin	X-RAY DIFFRACTION	2.36	Active	A		2018-04-04	A		
6FK7	opsd_bovin	X-RAY DIFFRACTION	2.62	Active	A		2018-04-04	A		
6FK8	opsd_bovin	X-RAY DIFFRACTION	2.87	Active	A		2018-04-04	A		
6FK9	opsd_bovin	X-RAY DIFFRACTION	2.63	Active	A	N2C/D282C stabilized opsin bound to RS09.	2018-04-04	A		
6FKA	opsd_bovin	X-RAY DIFFRACTION	2.7	Active	A		2018-04-04	A		
6FKB	opsd_bovin	X-RAY DIFFRACTION	3.03	Active	A		2018-04-04	A		
6FKC	opsd_bovin	X-RAY DIFFRACTION	2.46	Active	A	Engineered N2C/D282C stabilized opsin.	2018-04-04	A		
6FKD	opsd_bovin	X-RAY DIFFRACTION	2.49	Active	A	N2C/D282C stabilized opsin	2018-04-04	A		
6FUF	opsd_bovin	X-RAY DIFFRACTION	3.117	Active	A		2018-10-03	A		
6G79	5ht1b_human	ELECTRON MICROSCOPY	3.78	Active	S	Thermostabilized receptor with L138W mutation and N-terminal truncation.	2018-06-20	D		
6GDG	aa2ar_human	ELECTRON MICROSCOPY	4.11	Active	A		2018-05-16	A		
6GPS	ccr2_human	X-RAY DIFFRACTION	3.3	Inactive	A		2019-01-02	A		
6GPX	ccr2_human	X-RAY DIFFRACTION	2.7	Inactive	A	[HOMOMER: chains A, B] [DB TRUNCATION: AI correctly identified chains A, B, but DB requires 1. Auto-selected primary chain A based on: Homomer (2 identical GPCR chains) — Rank 2: Ligand binds exclusively to GPCR Chain A] [WARNING: Ligands are bound to truncated chains B!]	2019-01-02	A	ccr2_human	B
6GT3	aa2ar_human	X-RAY DIFFRACTION	2.0	Inactive	A		2019-06-26	A		
6H7L	adrb1_melga	X-RAY DIFFRACTION	2.7	Active	A	[HOMOMER: chains A, B] [DB TRUNCATION: AI correctly identified chains A, B, but DB requires 1. Auto-selected primary chain A based on: Homomer (2 identical GPCR chains) — Rank 4: Preserving AI's originally correct choice (Chain A)] [WARNING: Ligands are bound to truncated chains B!]	2018-10-17	B	adrb1_melga	B
6H7M	adrb1_melga	X-RAY DIFFRACTION	2.76	Active	A	[HOMOMER: chains A, B] [DB TRUNCATION: AI correctly identified chains A, B, but DB requires 1. Auto-selected primary chain A based on: Homomer (2 identical GPCR chains) — Rank 4: Preserving AI's originally correct choice (Chain A)] [WARNING: Ligands are bound to truncated chains B!]	2018-10-17	B	adrb1_melga	B
6H7N	adrb1_melga	X-RAY DIFFRACTION	2.5	Active	A	[HOMOMER: chains A, B] [DB TRUNCATION: AI correctly identified chains A, B, but DB requires 1. Auto-selected primary chain A based on: Homomer (2 identical GPCR chains) — Rank 4: Preserving AI's originally correct choice (Chain A)] [WARNING: Ligands are bound to truncated chains B!]	2018-10-17	B	adrb1_melga	B
6HLL	nk1r_human	X-RAY DIFFRACTION	3.27	Inactive	A		2019-01-16	A		
6HLO	nk1r_human	X-RAY DIFFRACTION	2.4	Inactive	A		2019-01-16	A		
6HLP	nk1r_human	X-RAY DIFFRACTION	2.2	Inactive	A		2019-01-16	A		
6I9K	b1b1u5_9arac	X-RAY DIFFRACTION	2.145	Inactive	A		2019-07-03	A		
6IBB	sucr1_rat	X-RAY DIFFRACTION	2.12	Inactive	A	[HOMOMER: chains A, C] [DB TRUNCATION: AI correctly identified chains A, C, but DB requires 1. Auto-selected primary chain A based on: Homomer (2 identical GPCR chains) — Rank 4: Preserving AI's originally correct choice (Chain A)] [WARNING: Ligands are bound to truncated chains C!]	2019-08-14	A	sucr1_rat	C
6IBL	adrb1_melga	X-RAY DIFFRACTION	2.7	Active	A	[HOMOMER: chains A, B] [DB TRUNCATION: AI correctly identified chains A, B, but DB requires 1. Auto-selected primary chain A based on: Homomer (2 identical GPCR chains) — Rank 4: Preserving AI's originally correct choice (Chain A)] [WARNING: Ligands are bound to truncated chains B!]	2019-01-09	A	adrb1_melga	B
6IGK	ednrb_human	X-RAY DIFFRACTION	2.0	Inactive	A		2018-11-21	A		
6IGL	ednrb_human	X-RAY DIFFRACTION	2.7	Intermediate	A	Thermostabilized ETB receptor (ETB-Y5) with ICL3 replaced by T4 Lysozyme.	2018-11-21	A		
6IIU	ta2r_human	X-RAY DIFFRACTION	2.5	Inactive	A		2018-12-19	A		
6IIV	ta2r_human	X-RAY DIFFRACTION	3.0	Inactive	A		2018-12-19	A		
6IQL	drd4_mouse	X-RAY DIFFRACTION	3.5	Inactive	A	[HOMOMER: chains A, B] [DB TRUNCATION: AI correctly identified chains A, B, but DB requires 1. Auto-selected primary chain A based on: Homomer (2 identical GPCR chains) — Rank 4: Preserving AI's originally correct choice (Chain A)] [WARNING: Ligands are bound to truncated chains B!]	2019-12-04	A	drd4_mouse	B
6J20	nk1r_human	X-RAY DIFFRACTION	2.7	Inactive	A		2019-03-06	A		
6J21	nk1r_human	X-RAY DIFFRACTION	3.2	Inactive	A		2019-03-06	A		
6JOD	agtr2_human	X-RAY DIFFRACTION	3.2	Active	A	AT2R construct (35-346) with Ser208Ala mutation and mbIIG insertion.	2020-01-15	A		
6JZH	aa2ar_human	X-RAY DIFFRACTION	2.25	Inactive	A		2019-10-30	A		
6K1Q	ednrb_human	X-RAY DIFFRACTION	2.7	Inactive	A		2019-07-17	A		
6K41	ada2b_human	ELECTRON MICROSCOPY	2.9	Active	R		2020-04-15	D		
6KJV	glp1r_human	X-RAY DIFFRACTION	2.8	Inactive	A	[HOMOMER: chains A, B] [DB TRUNCATION: AI correctly identified chains A, B, but DB requires 1. Auto-selected primary chain A based on: Homomer (2 identical GPCR chains) — Rank 4: Preserving AI's originally correct choice (Chain A)] [WARNING: Ligands are bound to truncated chains B!]	2019-11-13	A	glp1r_human	B
6KK1	glp1r_human	X-RAY DIFFRACTION	2.8	Inactive	A	[HOMOMER: chains A, B] [DB TRUNCATION: AI correctly identified chains A, B, but DB requires 1. Auto-selected primary chain A based on: Homomer (2 identical GPCR chains) — Rank 4: Preserving AI's originally correct choice (Chain A)] [WARNING: Ligands are bound to truncated chains B!]	2019-11-13	A	glp1r_human	B
6KK7	glp1r_human	X-RAY DIFFRACTION	3.1	Inactive	A	[HOMOMER: chains A, B] [DB TRUNCATION: AI correctly identified chains A, B, but DB requires 1. Auto-selected primary chain A based on: Homomer (2 identical GPCR chains) — Rank 4: Preserving AI's originally correct choice (Chain A)] [WARNING: Ligands are bound to truncated chains B!]	2019-11-13	A	glp1r_human	B
6KNM	apj_human	X-RAY DIFFRACTION	3.2	Inactive	B		2020-01-29	A		
6KO5	ghsr_human	X-RAY DIFFRACTION	3.3	Inactive	A		2020-08-12	A		
6KP6	acm4_human	X-RAY DIFFRACTION	3.0	Inactive	A		2020-03-11	A		
6KPC	cnr2_human	X-RAY DIFFRACTION	3.2	Intermediate	A		2020-02-12	A		
6KPF	cnr2_human	ELECTRON MICROSCOPY	2.9	Active	R		2020-02-12	D		
6KPG	cnr1_human	ELECTRON MICROSCOPY	3.0	Active	R		2020-02-12	D		
6KQI	cnr1_human	X-RAY DIFFRACTION	3.245	Intermediate	A	Engineered CB1 construct (CB1-PGSCM) with five thermostabilizing mutations (T210A, E273K, T283V, R340E, S203K) and a PGS fusion at ICL3.	2019-10-23	A		
6KUX	ada2a_human	X-RAY DIFFRACTION	2.7	Inactive	A		2019-12-04	A		
6KUY	ada2a_human	X-RAY DIFFRACTION	3.2	Intermediate	A		2019-12-04	A		
6LFL	cxcr2_human	X-RAY DIFFRACTION	3.2	Inactive	A		2020-09-02	A		
6LFM	cxcr2_human	ELECTRON MICROSCOPY	3.5	Active	R		2020-09-02	F		
6LFO	cxcr2_human	ELECTRON MICROSCOPY	3.4	Active	R		2020-09-02	E		
6LI0	gpr52_human	X-RAY DIFFRACTION	2.2	Inactive	A		2020-02-26	A		
6LI1	gpr52_human	X-RAY DIFFRACTION	2.9	Inactive	A		2020-02-26	A		
6LI2	gpr52_human	X-RAY DIFFRACTION	2.8	Inactive	A		2020-02-26	A		
6LI3	gpr52_human	ELECTRON MICROSCOPY	3.32	Active	R		2020-02-26	A		
6LMK	glr_human	ELECTRON MICROSCOPY	3.7	Active	R		2020-04-01	E		
6LML	glr_human	ELECTRON MICROSCOPY	3.9	Active	R	Receptor construct 2 with stabilizing mutations (E126R, T200^2.73bW, A366^6.57bM) and C-terminal truncation.	2020-04-01	F		
6LPB	pacr_human	ELECTRON MICROSCOPY	3.9	Active	R		2020-03-11	B		
6LPJ	aa2ar_human	X-RAY DIFFRACTION	1.8	Inactive	A		2020-11-25	A		
6LPK	aa2ar_human	X-RAY DIFFRACTION	1.8	Inactive	A		2020-11-25	A		
6LRY	ednrb_human	X-RAY DIFFRACTION	3.0	Active	A		2020-02-12	A		
6LUQ	drd2_human	X-RAY DIFFRACTION	3.1	Inactive	A		2020-03-04	A		
6LW5	fpr2_human	X-RAY DIFFRACTION	2.8	Active	A		2020-03-25	A		
6M1H	pacr_human	ELECTRON MICROSCOPY	3.6	Active	A		2020-03-11	A		
6M1I	pacr_human	ELECTRON MICROSCOPY	3.5	Active	A		2020-03-11	A		
6M9T	pe2r3_human	X-RAY DIFFRACTION	2.5	Active	A		2018-12-05	A		
6ME2	mtr1a_human	X-RAY DIFFRACTION	2.8	Inactive	A		2019-04-24	A		
6ME3	mtr1a_human	X-RAY DIFFRACTION	2.9	Inactive	A		2019-04-24	A		
6ME4	mtr1a_human	X-RAY DIFFRACTION	3.2	Inactive	A		2019-04-24	A		
6ME5	mtr1a_human	X-RAY DIFFRACTION	3.2	Inactive	A		2019-04-24	A		
6ME8	mtr1b_human	X-RAY DIFFRACTION	3.1	Inactive	A	[HOMOMER: chains A, B] [DB TRUNCATION: AI correctly identified chains A, B, but DB requires 1. Auto-selected primary chain A based on: Homomer (2 identical GPCR chains) — Rank 2: Ligand binds exclusively to GPCR Chain A] [WARNING: Ligands are bound to truncated chains B!]	2019-04-24	A	mtr1b_human	B
6ME9	mtr1b_human	X-RAY DIFFRACTION	3.3	Inactive	A	[HOMOMER: chains A, B] [DB TRUNCATION: AI correctly identified chains A, B, but DB requires 1. Auto-selected primary chain A based on: Homomer (2 identical GPCR chains) — Rank 2: Ligand binds exclusively to GPCR Chain A] [WARNING: Ligands are bound to truncated chains B!]	2019-04-24	A	mtr1b_human	B
6MH8	aa2ar_human	X-RAY DIFFRACTION	4.2	Inactive	A		2019-04-24	A		
6MXT	adrb2_human	X-RAY DIFFRACTION	2.95934213525	Active	A		2018-11-14	A		
6N48	adrb2_human	X-RAY DIFFRACTION	3.2	Active	A		2019-06-26	A		
6N4B	cnr1_human	ELECTRON MICROSCOPY	3.0	Active	R		2019-01-30	D		
6N51	grm5_human	ELECTRON MICROSCOPY	4.0	Active	A	[HOMOMER: chains A, B] [DB TRUNCATION: AI correctly identified chains A, B, but DB requires 1. Auto-selected primary chain A based on: Homomer (2 identical GPCR chains) — Rank 4: Preserving AI's originally correct choice (Chain A)] [WARNING: Ligands are bound to truncated chains B!]	2019-01-23	D	grm5_human	B
6N52	grm5_human	ELECTRON MICROSCOPY	4.0	Inactive	A	[HOMOMER: chains A, B] [DB TRUNCATION: AI correctly identified chains A, B, but DB requires 1. Auto-selected primary chain A based on: Homomer (2 identical GPCR chains) — Rank 4: Preserving AI's originally correct choice (Chain A)]	2019-01-23	A	grm5_human	B
6NI3	adrb2_human	ELECTRON MICROSCOPY	3.8	Active	R		2019-11-20	D		
6NIY	calcr_human	ELECTRON MICROSCOPY	3.34	Active	R		2019-01-23	C		
6OBA	adrb2_human	X-RAY DIFFRACTION	3.1	Inactive	A		2020-03-25	A		
6OFJ	opsd_bovin	ELECTRON MICROSCOPY	4.5	Inactive	A	[HOMOMER: chains A, B] [DB TRUNCATION: AI correctly identified chains A, B, but DB requires 1. Auto-selected primary chain A based on: Homomer (2 identical GPCR chains) — Rank 4: Preserving AI's originally correct choice (Chain A)]	2019-08-21	A	opsd_bovin	B
6OIK	acm2_human	ELECTRON MICROSCOPY	3.6	Active	R		2019-05-08	A		
6OL9	acm5_human	X-RAY DIFFRACTION	2.541	Inactive	A		2019-12-11	A		
6OMM	fpr2_human	ELECTRON MICROSCOPY	3.17	Active	R		2020-02-26	A		
6ORV	glp1r_human	ELECTRON MICROSCOPY	3.0	Active	E		2020-01-08	E		
6OS0	agtr1_human	X-RAY DIFFRACTION	2.9	Active	A		2020-02-19	A		
6OS1	agtr1_human	X-RAY DIFFRACTION	2.794	Active	A		2020-02-19	A		
6OS2	agtr1_human	X-RAY DIFFRACTION	2.7	Active	A		2020-02-19	A		
6OS9	ntr1_human	ELECTRON MICROSCOPY	3.0	Active	R	hNTSR1-Gi1-scFv16 complex in the canonical (C) active state. The receptor contains an A85L mutation and a truncation in ICL3 (residues 282-291) to improve stability.	2019-07-10	A		
6OSA	ntr1_human	ELECTRON MICROSCOPY	3.0	Intermediate	R		2019-07-10	A		
6OT0	smo_human	ELECTRON MICROSCOPY	3.84	Active	R		2019-06-12	A		
6P9X	crhr1_human	ELECTRON MICROSCOPY	2.91	Active	R		2020-02-05	E		
6P9Y	pacr_human	ELECTRON MICROSCOPY	3.01	Active	R		2020-02-05	F		
6PB1	crhr2_human	ELECTRON MICROSCOPY	2.8	Active	P		2020-02-12	A		
6PRZ	adrb2_human	X-RAY DIFFRACTION	2.8	Inactive	A		2019-11-13	A		
6PS0	adrb2_human	X-RAY DIFFRACTION	3.4	Inactive	A		2019-11-13	A		
6PS1	adrb2_human	X-RAY DIFFRACTION	3.2	Inactive	A		2019-11-13	A		
6PS2	adrb2_human	X-RAY DIFFRACTION	2.4	Inactive	A		2019-11-13	A		
6PS3	adrb2_human	X-RAY DIFFRACTION	2.5	Inactive	A		2019-11-13	A		
6PS4	adrb2_human	X-RAY DIFFRACTION	2.6	Inactive	A		2019-11-13	A		
6PS5	adrb2_human	X-RAY DIFFRACTION	2.9	Inactive	A	XFEL structure determined by serial femtosecond crystallography and ligand exchange from timolol to propranolol.	2019-11-13	A		
6PS6	adrb2_human	X-RAY DIFFRACTION	2.7	Inactive	A		2019-11-13	A		
6PS7	aa2ar_human	X-RAY DIFFRACTION	1.85	Inactive	A		2019-11-13	A		
6PS8	mtr1a_human	X-RAY DIFFRACTION	3.3	Inactive	A		2019-11-13	A		
6PT0	cnr2_human	ELECTRON MICROSCOPY	3.2	Active	R		2020-02-12	A		
6PWC	ntr1_human	ELECTRON MICROSCOPY	4.9	Active	R		2019-12-04	A		
6QZH	ccr7_human	X-RAY DIFFRACTION	2.1	Inactive	A		2019-09-04	A		
6RNK	sucr1_rat	X-RAY DIFFRACTION	1.94	Inactive	A	Humanized (K18E, K269N) rat succinate receptor SUCNR1 in complex with antagonist NF-56-EJ40.	2019-08-14	A		
6RZ4	cltr1_human	X-RAY DIFFRACTION	2.7	Inactive	A		2019-10-30	A		
6RZ6	cltr2_human	X-RAY DIFFRACTION	2.43	Inactive	A		2019-12-11	A		
6RZ7	cltr2_human	X-RAY DIFFRACTION	2.43	Inactive	A		2019-12-11	A		
6RZ8	cltr2_human	X-RAY DIFFRACTION	2.7	Intermediate	A		2019-12-11	A		
6RZ9	cltr2_human	X-RAY DIFFRACTION	2.73	Inactive	A		2019-12-11	A		
6S0L	aa2ar_human	X-RAY DIFFRACTION	2.65	Inactive	A		2020-07-15	A		
6S0Q	aa2ar_human	X-RAY DIFFRACTION	2.65	Inactive	A		2020-07-15	A		
6TKO	adrb1_melga	ELECTRON MICROSCOPY	3.3	Active	A		2020-06-17	A		
6TO7	ox1r_human	X-RAY DIFFRACTION	2.26	Inactive	A	Thermostabilized StaR construct (E46A, I85L, V95A, R162L, L198A, Y211A, L304V, C339A) with N/C-terminal and ICL3 deletions. [HOMOMER: chains A, B] [DB TRUNCATION: AI correctly identified chains A, B, but DB requires 1. Auto-selected primary chain A based on: Homomer (2 identical GPCR chains) — Rank 4: Preserving AI's originally correct choice (Chain A)] [WARNING: Ligands are bound to truncated chains B!]	2020-01-01	A	ox1r_human	B
6TOS	ox1r_human	X-RAY DIFFRACTION	2.13	Inactive	A	[HOMOMER: chains A, B] [DB TRUNCATION: AI correctly identified chains A, B, but DB requires 1. Auto-selected primary chain A based on: Homomer (2 identical GPCR chains) — Rank 4: Preserving AI's originally correct choice (Chain A)] [WARNING: Ligands are bound to truncated chains B!]	2020-01-15	A	ox1r_human	B
6TOT	ox1r_human	X-RAY DIFFRACTION	2.22	Inactive	A	[HOMOMER: chains A, B] [DB TRUNCATION: AI correctly identified chains A, B, but DB requires 1. Auto-selected primary chain A based on: Homomer (2 identical GPCR chains) — Rank 2: Ligand binds exclusively to GPCR Chain A] [WARNING: Ligands are bound to truncated chains B!]	2020-01-15	A	ox1r_human	B
6TP3	ox1r_human	X-RAY DIFFRACTION	3.04	Inactive	A	[HOMOMER: chains A, B] [DB TRUNCATION: AI correctly identified chains A, B, but DB requires 1. Auto-selected primary chain A based on: Homomer (2 identical GPCR chains) — Rank 4: Preserving AI's originally correct choice (Chain A)] [WARNING: Ligands are bound to truncated chains B!]	2020-01-01	A	ox1r_human	B
6TPG	ox2r_human	X-RAY DIFFRACTION	2.741	Inactive	A		2020-01-01	A		
6TPK	oxyr_human	X-RAY DIFFRACTION	3.2	Inactive	A		2020-08-05	A		
6TPN	ox2r_human	X-RAY DIFFRACTION	2.608	Inactive	A		2020-01-01	A		
6TQ6	ox1r_human	X-RAY DIFFRACTION	2.546	Inactive	A	[HOMOMER: chains A, B] [DB TRUNCATION: AI correctly identified chains A, B, but DB requires 1. Auto-selected primary chain A based on: Homomer (2 identical GPCR chains) — Rank 4: Preserving AI's originally correct choice (Chain A)] [WARNING: Ligands are bound to truncated chains B!]	2020-01-01	A	ox1r_human	B
6UO8	gabr1_human	ELECTRON MICROSCOPY	3.63	Active	A	[HETEROMER: chains A, B] [DB TRUNCATION: AI correctly identified chains A, B, but DB requires 1. Auto-selected primary chain A based on: Rank 2: Ligand binds exclusively to GPCR Chain A]	2020-06-10	A	gabr2_human	B
6UUN	calrl_human	ELECTRON MICROSCOPY	3.0	Active	R		2020-03-25	G		
6UUS	calrl_human	ELECTRON MICROSCOPY	2.4	Active	R		2020-04-01	F		
6UVA	calrl_human	ELECTRON MICROSCOPY	2.3	Active	R		2020-04-01	G		
6V9S	ox1r_human	X-RAY DIFFRACTION	3.5	Inactive	A		2020-07-15	A		
6VCB	glp1r_human	ELECTRON MICROSCOPY	3.3	Active	R		2020-07-22	A		
6VJM	gabr1_human	ELECTRON MICROSCOPY	3.97	Inactive	A	[HETEROMER: chains A, B] [DB TRUNCATION: AI correctly identified chains A, B, but DB requires 1. Auto-selected primary chain A based on: Rank 4: Preserving AI's originally correct choice (Chain A)]	2020-06-10	A	gabr2_human	B
6VN7	vipr1_human	ELECTRON MICROSCOPY	3.2	Active	R		2020-09-02	A		
6W25	mc4r_human	X-RAY DIFFRACTION	2.75	Inactive	A		2020-04-29	A		
6W2X	gabr1_human	ELECTRON MICROSCOPY	3.6	Inactive	A	[HETEROMER: chains A, B] [DB TRUNCATION: AI correctly identified chains A, B, but DB requires 1. Auto-selected primary chain A based on: Rank 2: Ligand binds exclusively to GPCR Chain A] [WARNING: Ligands are bound to truncated chains B!]	2020-07-01	A	gabr2_human	B
6WGT	5ht2a_human	X-RAY DIFFRACTION	3.4	Inactive	A	[HOMOMER: chains A, B, C] [DB TRUNCATION: AI correctly identified chains A, B, C, but DB requires 1. Auto-selected primary chain A based on: Homomer (3 identical GPCR chains) — Rank 2: Ligand binds exclusively to GPCR Chain A] [WARNING: Ligands are bound to truncated chains B, C!]	2020-09-23	A	5ht2a_human	B, C
6WHC	glr_human	ELECTRON MICROSCOPY	3.4	Active	R		2020-05-27	F		
6WI9	sctr_human	ELECTRON MICROSCOPY	4.3	Active	R		2020-08-12	F		
6WJC	acm1_human	X-RAY DIFFRACTION	2.55	Inactive	A		2020-07-08	A		
6WPW	glr_human	ELECTRON MICROSCOPY	3.1	Active	R		2020-08-12	F		
6WQA	aa2ar_human	X-RAY DIFFRACTION	2.0	Inactive	A		2020-11-18	A		
6WW2	fzd5_human	ELECTRON MICROSCOPY	3.7	Inactive	R		2020-08-19	D		
6WWZ	ccr6_human	ELECTRON MICROSCOPY	3.34	Active	R		2020-06-24	F		
6WZG	sctr_human	ELECTRON MICROSCOPY	2.3	Active	R		2020-08-12	B		
6X18	glp1r_human	ELECTRON MICROSCOPY	2.1	Active	R		2020-09-09	F		
6X19	glp1r_human	ELECTRON MICROSCOPY	2.1	Active	R		2020-09-09	E		
6X1A	glp1r_human	ELECTRON MICROSCOPY	2.5	Active	R		2020-09-09	E		
6XBJ	smo_human	ELECTRON MICROSCOPY	3.88	Active	R	Gain-of-function mutant SMOD384R; complex with Gi and scFv16.	2020-09-30	A		
6XBK	smo_human	ELECTRON MICROSCOPY	3.24	Active	R		2020-09-30	A		
6Z10	sucr1_rat	X-RAY DIFFRACTION	2.269	Inactive	A		2020-09-16	A		
6Z4Q	ntr1_rat	X-RAY DIFFRACTION	2.923	Inactive	A		2021-02-10	A		
6Z4S	ntr1_rat	X-RAY DIFFRACTION	2.707	Inactive	A		2021-02-10	A		
6Z4V	ntr1_rat	X-RAY DIFFRACTION	2.595	Active	A		2021-02-10	A		
6Z66	ntr1_rat	X-RAY DIFFRACTION	3.192	Inactive	A	Apo state construct (NTSR1-H4X) with R167(3.50)L mutation favoring a closed cytosolic conformation.	2021-02-10	A		
6ZA8	ntr1_rat	X-RAY DIFFRACTION	2.72	Inactive	A		2021-02-10	A		
6ZDR	aa2ar_human	X-RAY DIFFRACTION	1.918	Inactive	A		2020-09-16	A		
6ZDV	aa2ar_human	X-RAY DIFFRACTION	2.13	Inactive	A		2020-09-16	A		
6ZFZ	acm1_human	X-RAY DIFFRACTION	2.17	Active	A		2021-10-06	A		
6ZG4	acm1_human	X-RAY DIFFRACTION	2.33	Active	A		2021-10-06	A		
6ZG9	acm1_human	X-RAY DIFFRACTION	2.5	Active	A		2021-10-06	A		
6ZIN	ntr1_rat	X-RAY DIFFRACTION	2.639	Inactive	A		2021-02-10	A		
7ARO	aa2ar_human	X-RAY DIFFRACTION	3.119	Inactive	A		2021-04-07	A		
7AUE	mc4r_human	ELECTRON MICROSCOPY	2.97	Active	R		2021-04-28	A		
7BB6	v2r_human	ELECTRON MICROSCOPY	4.2	Active	A		2021-06-02	A		
7BB7	v2r_human	ELECTRON MICROSCOPY	4.4	Active	A		2021-06-02	A		
7BR3	gnrhr_human	X-RAY DIFFRACTION	2.79	Inactive	A		2020-10-07	A		
7BTS	adrb1_human	X-RAY DIFFRACTION	3.13	Active	A		2020-12-02	A		
7BU6	adrb1_human	X-RAY DIFFRACTION	2.7	Active	A		2020-12-02	A		
7BU7	adrb1_human	X-RAY DIFFRACTION	2.6	Active	A		2020-12-02	A		
7BZ2	adrb2_human	ELECTRON MICROSCOPY	3.82	Active	R		2020-08-05	E		
7C2E	glp1r_human	ELECTRON MICROSCOPY	4.2	Active	R		2020-08-26	E		
7C4S	s1pr3_human	X-RAY DIFFRACTION	3.2	Active	A	[HOMOMER: chains A, B] [DB TRUNCATION: AI correctly identified chains A, B, but DB requires 1. Auto-selected primary chain A based on: Homomer (2 identical GPCR chains) — Rank 4: Preserving AI's originally correct choice (Chain A)] [WARNING: Ligands are bound to truncated chains B!]	2021-06-09	C	s1pr3_human	B
7C61	5ht1b_human	X-RAY DIFFRACTION	3.0	Intermediate	A		2020-07-29	C		
7C7Q	gabr1_human	ELECTRON MICROSCOPY	3.0	Active	A	[HETEROMER: chains A, B] [DB TRUNCATION: AI correctly identified chains A, B, but DB requires 1. Auto-selected primary chain A based on: Rank 2: Ligand binds exclusively to GPCR Chain A]	2020-07-01	A	gabr2_human	B
7C7S	gabr1_human	ELECTRON MICROSCOPY	2.9	Inactive	A	[HETEROMER: chains A, B] [DB TRUNCATION: AI correctly identified chains A, B, but DB requires 1. Auto-selected primary chain A based on: Rank 2: Ligand binds exclusively to GPCR Chain A]	2020-07-01	A	gabr2_human	B
7CA5	gabr1_human	ELECTRON MICROSCOPY	7.6	Inactive	A	[HETEROMER: chains A, B] [DB TRUNCATION: AI correctly identified chains A, B, but DB requires 1. Auto-selected primary chain A based on: Rank 4: Preserving AI's originally correct choice (Chain A)]	2020-11-11	A	gabr2_human	B
7CKW	drd1_human	ELECTRON MICROSCOPY	3.22	Active	R		2021-03-03	E		
7CKX	drd1_human	ELECTRON MICROSCOPY	3.54	Active	R		2021-03-03	E		
7CKY	drd1_human	ELECTRON MICROSCOPY	3.2	Active	R		2021-03-03	E		
7CMU	drd3_human	ELECTRON MICROSCOPY	3.0	Active	R		2021-03-10	E		
7CMV	drd3_human	ELECTRON MICROSCOPY	2.7	Active	R		2021-03-10	E		
7CRH	drd1_human	ELECTRON MICROSCOPY	3.3	Active	R		2021-03-03	E		
7CUM	gabr1_human	ELECTRON MICROSCOPY	3.52	Inactive	A	[HETEROMER: chains A, B] [DB TRUNCATION: AI correctly identified chains A, B, but DB requires 1. Auto-selected primary chain A based on: Rank 2: Ligand binds exclusively to GPCR Chain A] [WARNING: Ligands are bound to truncated chains B!]	2020-11-11	A	gabr2_human	B
7CX2	pe2r2_human	ELECTRON MICROSCOPY	2.8	Active	R		2021-05-05	A		
7CX3	pe2r2_human	ELECTRON MICROSCOPY	2.8	Active	R		2021-05-05	A		
7CX4	pe2r2_human	ELECTRON MICROSCOPY	2.9	Active	R		2021-05-05	A		
7D3S	sctr_human	ELECTRON MICROSCOPY	2.9	Active	R		2020-11-04	B		
7D7M	pe2r4_human	ELECTRON MICROSCOPY	3.3	Active	A		2020-11-18	A		
7DB6	mtr1a_human	ELECTRON MICROSCOPY	3.3	Active	D		2021-08-18	E		
7DDZ	npy2r_human	X-RAY DIFFRACTION	2.8	Inactive	A		2021-01-27	A		
7DFP	drd2_human	X-RAY DIFFRACTION	3.1	Inactive	A		2020-12-30	A		
7DGD	grm1_human	ELECTRON MICROSCOPY	3.96	Inactive	A	[HOMOMER: chains A, B] [DB TRUNCATION: AI correctly identified chains A, B, but DB requires 1. Auto-selected primary chain A based on: Homomer (2 identical GPCR chains) — Rank 4: Preserving AI's originally correct choice (Chain A)]	2021-09-22	A	grm1_human	B
7DGE	grm1_human	ELECTRON MICROSCOPY	3.65	Intermediate	A	[HOMOMER: chains A, B] [DB TRUNCATION: AI correctly identified chains A, B, but DB requires 1. Auto-selected primary chain A based on: Homomer (2 identical GPCR chains) — Rank 2: Ligand binds exclusively to GPCR Chain A]	2021-09-22	A	grm1_human	B
7DH5	adrb3_canlf	ELECTRON MICROSCOPY	3.16	Active	R		2021-08-04	E		
7DHI	adrb2_human	ELECTRON MICROSCOPY	3.26	Active	R		2020-12-16	E		
7DHR	adrb2_human	ELECTRON MICROSCOPY	3.8	Active	R	Beta-2 adrenergic receptor with E122W mutation and C-terminal truncation at residue 348.	2020-12-16	E		
7DTU	casr_human	ELECTRON MICROSCOPY	4.4	Intermediate	A	[HOMOMER: chains A, B] [DB TRUNCATION: AI correctly identified chains A, B, but DB requires 1. Auto-selected primary chain A based on: Homomer (2 identical GPCR chains) — Rank 4: Preserving AI's originally correct choice (Chain A)] [WARNING: Ligands are bound to truncated chains B!]	2021-03-10	A	casr_human	B
7DTV	casr_human	ELECTRON MICROSCOPY	3.5	Active	A	[HOMOMER: chains A, B] [DB TRUNCATION: AI correctly identified chains A, B, but DB requires 1. Auto-selected primary chain A based on: Homomer (2 identical GPCR chains) — Rank 4: Preserving AI's originally correct choice (Chain A)] [WARNING: Ligands are bound to truncated chains B!]	2021-03-10	A	casr_human	B
7DTW	casr_human	ELECTRON MICROSCOPY	4.5	Inactive	A	[HOMOMER: chains A, B] [DB TRUNCATION: AI correctly identified chains A, B, but DB requires 1. Auto-selected primary chain A based on: Homomer (2 identical GPCR chains) — Rank 4: Preserving AI's originally correct choice (Chain A)]	2021-03-10	A	casr_human	B
7DUQ	glp1r_human	ELECTRON MICROSCOPY	2.5	Active	R		2021-07-14	B		
7DUR	glp1r_human	ELECTRON MICROSCOPY	3.3	Active	R		2021-08-11	E		
7DW9	v2r_human	ELECTRON MICROSCOPY	2.6	Active	R		2021-07-21	A		
7E32	5ht1d_human	ELECTRON MICROSCOPY	2.9	Active	R		2021-04-21	E		
7E33	5ht1e_human	ELECTRON MICROSCOPY	2.9	Active	R		2021-04-14	E		
7E6U	casr_human	ELECTRON MICROSCOPY	6.0	Inactive	A	[HOMOMER: chains A, C] [DB TRUNCATION: AI correctly identified chains A, C, but DB requires 1. Auto-selected primary chain A based on: Homomer (2 identical GPCR chains) — Rank 4: Preserving AI's originally correct choice (Chain A)]	2021-09-22	A	casr_human	C
7E9G	grm2_human	ELECTRON MICROSCOPY	3.5	Active	R	[HOMOMER: chains R, S] [DB TRUNCATION: AI correctly identified chains R, S, but DB requires 1. Auto-selected primary chain R based on: Homomer (2 identical GPCR chains) — Rank 0: G protein-coupling protomer (structure geometry) on Chain R] [WARNING: Ligands are bound to truncated chains S!]	2021-06-23	A	grm2_human	S
7E9H	grm4_human	ELECTRON MICROSCOPY	4.0	Active	R	[HOMOMER: chains R, S] [DB TRUNCATION: AI correctly identified chains R, S, but DB requires 1. Auto-selected primary chain R based on: Homomer (2 identical GPCR chains) — Rank 0: G protein-coupling protomer (structure geometry) on Chain R] [WARNING: Ligands are bound to truncated chains S!]	2021-06-23	A	grm4_human	S
7EB2	gabr2_human	ELECTRON MICROSCOPY	3.5	Active	D	[HETEROMER: chains C, D] [DB TRUNCATION: AI correctly identified chains C, D, but DB requires 1. Auto-selected primary chain D based on: Rank 0: G protein-coupling protomer (structure geometry) on Chain D] [WARNING: Ligands are bound to truncated chains C!]	2021-05-05	F	gabr1_human	C
7EJ0	ada2a_human	ELECTRON MICROSCOPY	3.2	Active	R		2022-04-13	E		
7EJ8	ada2a_human	ELECTRON MICROSCOPY	3.0	Active	R		2022-04-13	D		
7EJA	ada2a_human	ELECTRON MICROSCOPY	3.6	Active	R		2022-04-13	D		
7EJK	ada2a_human	ELECTRON MICROSCOPY	3.4	Active	R		2022-04-13	E		
7EJX	gpr88_human	ELECTRON MICROSCOPY	2.4	Active	R		2022-04-13	A		
7EO2	s1pr1_human	ELECTRON MICROSCOPY	2.89	Active	A		2022-01-05	A		
7EO4	s1pr1_human	ELECTRON MICROSCOPY	2.86	Active	A		2022-01-05	A		
7EPA	grm2_human	ELECTRON MICROSCOPY	3.6	Inactive	A	Inactive homodimer with N3.52Y and H815(7.53)Y stabilizing mutations. [HOMOMER: chains A, B] [DB TRUNCATION: AI correctly identified chains A, B, but DB requires 1. Auto-selected primary chain A based on: Homomer (2 identical GPCR chains) — Rank 4: Preserving AI's originally correct choice (Chain A)]	2021-06-23	A	grm2_human	B
7EPC	grm7_human	ELECTRON MICROSCOPY	4.0	Inactive	A	[HOMOMER: chains A, B] [DB TRUNCATION: AI correctly identified chains A, B, but DB requires 1. Auto-selected primary chain A based on: Homomer (2 identical GPCR chains) — Rank 4: Preserving AI's originally correct choice (Chain A)]	2021-06-23	A	grm7_human	B
7EPD	grm2_human	ELECTRON MICROSCOPY	3.9	Inactive	A	[HETEROMER: chains A, B] [DB TRUNCATION: AI correctly identified chains A, B, but DB requires 1. Auto-selected primary chain A based on: Rank 4: Preserving AI's originally correct choice (Chain A)]	2021-06-23	A	grm7_human	B
7EPE	grm2_human	X-RAY DIFFRACTION	2.5	Inactive	A		2021-06-23	A		
7EPF	grm2_human	X-RAY DIFFRACTION	2.7	Inactive	A		2021-06-23	A		
7EPT	agrd1_human	ELECTRON MICROSCOPY	3.0	Active	R		2022-05-11	E		
7EUO	fpr1_human	ELECTRON MICROSCOPY	2.9	Active	R		2022-05-25	A		
7EVM	glp1r_human	ELECTRON MICROSCOPY	2.5	Active	R		2021-08-11	E		
7EVY	s1pr1_human	ELECTRON MICROSCOPY	2.98	Active	D		2021-09-29	D		
7EVZ	s1pr1_human	ELECTRON MICROSCOPY	3.07	Active	D		2021-09-29	D		
7EW0	s1pr1_human	ELECTRON MICROSCOPY	3.42	Active	D		2021-09-29	D		
7EW1	s1pr5_human	ELECTRON MICROSCOPY	3.4	Active	A		2021-09-29	E		
7EW2	s1pr3_human	ELECTRON MICROSCOPY	3.1	Active	R		2021-09-29	E		
7EW3	s1pr3_human	ELECTRON MICROSCOPY	3.1	Active	R		2021-09-29	D		
7EW4	s1pr3_human	ELECTRON MICROSCOPY	3.2	Active	R		2021-09-29	D		
7EW7	s1pr1_human	ELECTRON MICROSCOPY	3.27	Active	D		2021-09-29	D		
7EWL	mglyr_human	ELECTRON MICROSCOPY	3.52	Inactive	A	[HOMOMER: chains A, B] [DB TRUNCATION: AI correctly identified chains A, B, but DB requires 1. Auto-selected primary chain A based on: Homomer (2 identical GPCR chains) — Rank 4: Preserving AI's originally correct choice (Chain A)]	2021-12-01	A	mglyr_human	B
7EXD	5ht1f_human	ELECTRON MICROSCOPY	3.4	Active	R		2021-08-04	E		
7EZH	cckar_human	ELECTRON MICROSCOPY	3.2	Active	D		2021-08-25	C		
7EZK	cckar_human	ELECTRON MICROSCOPY	3.1	Active	D		2021-08-25	C		
7F0T	drd1_human	ELECTRON MICROSCOPY	3.1	Active	F		2022-06-15	A		
7F1O	drd1_human	ELECTRON MICROSCOPY	3.13	Active	F		2022-06-15	A		
7F1Q	ccr5_human	ELECTRON MICROSCOPY	2.9	Active	R		2021-07-14	A		
7F1R	ccr5_human	ELECTRON MICROSCOPY	3.0	Active	R	CCR5-RANTES fusion protein with GS-linker and engineered disulfide bridge (E172C-F28C); C-terminally truncated receptor (F320-L352) with G163N mutation.	2021-07-14	A		
7F1S	ccr5_human	ELECTRON MICROSCOPY	2.8	Active	R		2021-07-14	A		
7F1Z	drd1_human	ELECTRON MICROSCOPY	3.46	Active	F		2022-06-15	A		
7F23	drd1_human	ELECTRON MICROSCOPY	3.58	Active	F		2022-06-15	A		
7F24	drd1_human	ELECTRON MICROSCOPY	4.16	Active	F		2022-06-15	B		
7F53	mc4r_human	ELECTRON MICROSCOPY	3.0	Active	R		2021-11-03	E		
7F54	mc4r_human	ELECTRON MICROSCOPY	3.0	Active	R		2021-11-03	E		
7F55	mc4r_human	ELECTRON MICROSCOPY	3.1	Active	R		2021-11-03	E		
7F58	mc4r_human	ELECTRON MICROSCOPY	3.1	Active	R		2021-11-03	A		
7F6I	bkrb2_human	ELECTRON MICROSCOPY	2.8	Active	A		2022-01-05	A		
7F8U	cckar_human	X-RAY DIFFRACTION	2.8	Inactive	A		2021-10-13	A		
7F8V	gasr_human	ELECTRON MICROSCOPY	3.3	Active	R		2021-10-13	E		
7F8X	cckar_human	X-RAY DIFFRACTION	3.0	Intermediate	A	C-terminal truncation (G407-Q428), F130(3.41)W mutation, T4L fusion in ICL3.	2021-12-29	A		
7F8Y	cckar_human	X-RAY DIFFRACTION	2.5	Inactive	A		2021-10-13	A		
7FD8	grm5_human	ELECTRON MICROSCOPY	3.8	Intermediate	A	[HOMOMER: chains A, B] [DB TRUNCATION: AI correctly identified chains A, B, but DB requires 1. Auto-selected primary chain A based on: Homomer (2 identical GPCR chains) — Rank 4: Preserving AI's originally correct choice (Chain A)] [WARNING: Ligands are bound to truncated chains B!]	2021-09-08	A	grm5_human	B
7FD9	grm5_human	ELECTRON MICROSCOPY	4.0	Inactive	A	[HOMOMER: chains A, B] [DB TRUNCATION: AI correctly identified chains A, B, but DB requires 1. Auto-selected primary chain A based on: Homomer (2 identical GPCR chains) — Rank 4: Preserving AI's originally correct choice (Chain A)] [WARNING: Ligands are bound to truncated chains B!]	2021-09-08	A	grm5_human	B
7FEE	cnr1_human	X-RAY DIFFRACTION	2.7	Inactive	A		2022-06-15	A		
7FIJ	lshr_human	ELECTRON MICROSCOPY	3.8	Inactive	R		2021-09-29	A		
7IN1	aa2ar_human	X-RAY DIFFRACTION	2.49	Inactive	A		2026-05-20	A		
7IN2	aa2ar_human	X-RAY DIFFRACTION	2.43	Inactive	A		2026-05-20	A		
7IN3	aa2ar_human	X-RAY DIFFRACTION	2.66	Inactive	A		2026-05-20	A		
7IN5	aa2ar_human	X-RAY DIFFRACTION	2.49	Inactive	A		2026-05-20	A		
7IN6	aa2ar_human	X-RAY DIFFRACTION	2.52	Inactive	A		2026-05-20	A		
7IN7	aa2ar_human	X-RAY DIFFRACTION	2.43	Inactive	A		2026-05-20	A		
7IN8	aa2ar_human	X-RAY DIFFRACTION	2.52	Inactive	A		2026-05-20	A		
7IN9	aa2ar_human	X-RAY DIFFRACTION	2.54	Inactive	A		2026-05-20	A		
7INA	aa2ar_human	X-RAY DIFFRACTION	2.15	Inactive	A		2026-05-20	A		
7INB	aa2ar_human	X-RAY DIFFRACTION	2.1	Inactive	A		2026-05-20	A		
7IND	aa2ar_human	X-RAY DIFFRACTION	2.67	Inactive	A		2026-05-20	A		
7INE	aa2ar_human	X-RAY DIFFRACTION	2.28	Inactive	A		2026-05-20	A		
7INF	aa2ar_human	X-RAY DIFFRACTION	2.26	Inactive	A		2026-05-20	A		
7ING	aa2ar_human	X-RAY DIFFRACTION	2.15	Inactive	A		2026-05-20	A		
7INH	aa2ar_human	X-RAY DIFFRACTION	2.3	Inactive	A		2026-05-20	A		
7INI	aa2ar_human	X-RAY DIFFRACTION	2.57	Inactive	A		2026-05-20	A		
7INJ	aa2ar_human	X-RAY DIFFRACTION	2.1	Inactive	A		2026-05-20	A		
7INK	aa2ar_human	X-RAY DIFFRACTION	2.19	Inactive	A		2026-05-20	A		
7INL	aa2ar_human	X-RAY DIFFRACTION	2.2	Inactive	A		2026-05-20	A		
7INM	aa2ar_human	X-RAY DIFFRACTION	2.19	Inactive	A		2026-05-20	A		
7INN	aa2ar_human	X-RAY DIFFRACTION	2.32	Inactive	A		2026-05-20	A		
7INO	aa2ar_human	X-RAY DIFFRACTION	2.08	Inactive	A		2026-05-20	A		
7INP	aa2ar_human	X-RAY DIFFRACTION	2.21	Inactive	A		2026-05-20	A		
7INQ	aa2ar_human	X-RAY DIFFRACTION	2.19	Inactive	A		2026-05-20	A		
7INR	aa2ar_human	X-RAY DIFFRACTION	2.13	Inactive	A		2026-05-20	A		
7INT	aa2ar_human	X-RAY DIFFRACTION	2.25	Inactive	A		2026-05-20	A		
7INU	aa2ar_human	X-RAY DIFFRACTION	2.46	Inactive	A		2026-05-20	A		
7INV	aa2ar_human	X-RAY DIFFRACTION	2.57	Inactive	A		2026-05-20	A		
7INW	aa2ar_human	X-RAY DIFFRACTION	2.59	Inactive	A		2026-05-20	A		
7INX	aa2ar_human	X-RAY DIFFRACTION	2.31	Inactive	A		2026-05-20	A		
7INY	aa2ar_human	X-RAY DIFFRACTION	2.36	Inactive	A		2026-05-20	A		
7INZ	aa2ar_human	X-RAY DIFFRACTION	2.41	Inactive	A		2026-05-20	A		
7IO0	aa2ar_human	X-RAY DIFFRACTION	2.05	Inactive	A		2026-05-20	A		
7IO1	aa2ar_human	X-RAY DIFFRACTION	2.25	Inactive	A		2026-05-20	A		
7IO2	aa2ar_human	X-RAY DIFFRACTION	1.96	Inactive	A		2026-05-20	A		
7IO3	aa2ar_human	X-RAY DIFFRACTION	2.22	Inactive	A		2026-05-20	A		
7IO4	aa2ar_human	X-RAY DIFFRACTION	2.1	Inactive	A		2026-05-20	A		
7IO5	aa2ar_human	X-RAY DIFFRACTION	1.84	Inactive	A		2026-05-20	A		
7IO6	aa2ar_human	X-RAY DIFFRACTION	2.36	Inactive	A		2026-05-20	A		
7IO7	aa2ar_human	X-RAY DIFFRACTION	2.23	Inactive	A		2026-05-20	A		
7IO8	aa2ar_human	X-RAY DIFFRACTION	2.27	Inactive	A		2026-05-20	A		
7IO9	aa2ar_human	X-RAY DIFFRACTION	1.91	Inactive	A		2026-05-20	A		
7IOA	aa2ar_human	X-RAY DIFFRACTION	2.1	Inactive	A		2026-05-20	A		
7IOB	aa2ar_human	X-RAY DIFFRACTION	2.11	Inactive	A		2026-05-20	A		
7IOC	aa2ar_human	X-RAY DIFFRACTION	2.07	Inactive	A		2026-05-20	A		
7IOD	aa2ar_human	X-RAY DIFFRACTION	2.4	Inactive	A		2026-05-20	A		
7IOE	aa2ar_human	X-RAY DIFFRACTION	2.08	Inactive	A		2026-05-20	A		
7IOG	aa2ar_human	X-RAY DIFFRACTION	1.98	Inactive	A		2026-05-20	A		
7IOH	aa2ar_human	X-RAY DIFFRACTION	2.07	Inactive	A		2026-05-20	A		
7IOI	aa2ar_human	X-RAY DIFFRACTION	2.04	Inactive	A		2026-05-20	A		
7IOJ	aa2ar_human	X-RAY DIFFRACTION	2.26	Inactive	A		2026-05-20	A		
7IOK	aa2ar_human	X-RAY DIFFRACTION	2.3	Inactive	A		2026-05-20	A		
7IOL	aa2ar_human	X-RAY DIFFRACTION	2.81	Inactive	A		2026-05-20	A		
7IOM	aa2ar_human	X-RAY DIFFRACTION	2.1	Inactive	A		2026-05-20	A		
7IOO	aa2ar_human	X-RAY DIFFRACTION	2.01	Inactive	A		2026-05-20	A		
7IOP	aa2ar_human	X-RAY DIFFRACTION	1.92	Inactive	A		2026-05-20	A		
7IOQ	aa2ar_human	X-RAY DIFFRACTION	2.26	Inactive	A		2026-05-20	A		
7IOS	aa2ar_human	X-RAY DIFFRACTION	2.38	Inactive	A		2026-05-20	A		
7IOT	aa2ar_human	X-RAY DIFFRACTION	2.31	Inactive	A		2026-05-20	A		
7IOU	aa2ar_human	X-RAY DIFFRACTION	2.17	Inactive	A		2026-05-20	A		
7IOV	aa2ar_human	X-RAY DIFFRACTION	2.3	Inactive	A		2026-05-20	A		
7IOW	aa2ar_human	X-RAY DIFFRACTION	2.17	Inactive	A		2026-05-20	A		
7IOX	aa2ar_human	X-RAY DIFFRACTION	2.15	Inactive	A		2026-05-20	A		
7IOY	aa2ar_human	X-RAY DIFFRACTION	2.0	Inactive	A		2026-05-20	A		
7IOZ	aa2ar_human	X-RAY DIFFRACTION	1.88	Inactive	A		2026-05-20	A		
7IP0	aa2ar_human	X-RAY DIFFRACTION	1.99	Inactive	A		2026-05-20	A		
7IP1	aa2ar_human	X-RAY DIFFRACTION	2.29	Inactive	A		2026-05-20	A		
7IP2	aa2ar_human	X-RAY DIFFRACTION	2.13	Inactive	A		2026-05-20	A		
7IP3	aa2ar_human	X-RAY DIFFRACTION	2.11	Inactive	A		2026-05-20	A		
7IP4	aa2ar_human	X-RAY DIFFRACTION	2.04	Inactive	A		2026-05-20	A		
7IP5	aa2ar_human	X-RAY DIFFRACTION	1.95	Inactive	A		2026-05-20	A		
7IP6	aa2ar_human	X-RAY DIFFRACTION	2.07	Inactive	A		2026-05-20	A		
7IP7	aa2ar_human	X-RAY DIFFRACTION	2.32	Inactive	A		2026-05-20	A		
7IP8	aa2ar_human	X-RAY DIFFRACTION	2.28	Inactive	A		2026-05-20	A		
7IP9	aa2ar_human	X-RAY DIFFRACTION	2.1	Inactive	A		2026-05-20	A		
7IPA	aa2ar_human	X-RAY DIFFRACTION	2.32	Inactive	A		2026-05-20	A		
7IPB	aa2ar_human	X-RAY DIFFRACTION	2.09	Inactive	A		2026-05-20	A		
7IPC	aa2ar_human	X-RAY DIFFRACTION	1.87	Inactive	A		2026-05-20	A		
7IPD	aa2ar_human	X-RAY DIFFRACTION	2.19	Inactive	A		2026-05-20	A		
7IPE	aa2ar_human	X-RAY DIFFRACTION	1.84	Inactive	A		2026-05-20	A		
7IPG	aa2ar_human	X-RAY DIFFRACTION	2.06	Inactive	A		2026-05-20	A		
7JHJ	q3ksp2_ebv	ELECTRON MICROSCOPY	3.2	Active	R		2021-07-07	E		
7JNI	agtr2_human	X-RAY DIFFRACTION	3.0	Active	A	[HOMOMER: chains A, B] [DB TRUNCATION: AI correctly identified chains A, B, but DB requires 1. Auto-selected primary chain A based on: Homomer (2 identical GPCR chains) — Rank 2: Ligand binds exclusively to GPCR Chain A] [WARNING: Ligands are bound to truncated chains B!]	2022-02-09	A	agtr2_human	B
7JOZ	drd1_human	X-RAY DIFFRACTION	3.8	Active	R		2021-04-14	E		
7JV5	drd1_human	ELECTRON MICROSCOPY	3.0	Active	R		2021-02-24	A		
7JVP	drd1_human	ELECTRON MICROSCOPY	2.9	Active	R		2021-02-24	A		
7JVQ	drd1_human	ELECTRON MICROSCOPY	3.0	Active	R		2021-02-24	A		
7JVR	drd2_human	ELECTRON MICROSCOPY	2.8	Active	R		2021-02-24	A		
7K15	lt4r1_human	X-RAY DIFFRACTION	2.88	Inactive	A		2021-02-17	A		
7KH0	v2r_human	ELECTRON MICROSCOPY	2.8	Active	R		2021-05-26	A		
7KI1	glp1r_human	ELECTRON MICROSCOPY	2.5	Active	R		2021-08-04	E		
7KNT	calrl_human	ELECTRON MICROSCOPY	3.15	Inactive	R	Apo structure in detergent micelle; proteins are unmodified except for purification tags.	2021-02-24	B		
7L0P	ntr1_rat	ELECTRON MICROSCOPY	4.1	Active	C		2021-01-06	A		
7L0Q	ntr1_rat	ELECTRON MICROSCOPY	4.3	Active	C		2021-01-06	A		
7L0R	ntr1_rat	ELECTRON MICROSCOPY	4.2	Active	C		2021-01-06	A		
7L0S	ntr1_rat	ELECTRON MICROSCOPY	4.5	Active	C		2021-01-06	A		
7LCI	glp1r_human	ELECTRON MICROSCOPY	2.9	Active	R	Cryo-EM structure of the GLP-1R:Gs complex stabilized by DNGas in the absence of Nb35.	2021-01-20	A		
7LCJ	glp1r_human	ELECTRON MICROSCOPY	2.82	Active	R		2021-01-20	A		
7LCK	glp1r_human	ELECTRON MICROSCOPY	3.24	Active	R		2021-01-20	A		
7LD3	aa1r_human	ELECTRON MICROSCOPY	3.2	Active	R		2021-09-08	B		
7LD4	aa1r_human	ELECTRON MICROSCOPY	3.3	Active	R	The human A1 receptor is an A1R-M4 chimera where the third intracellular loop (ICL3) is replaced with that of the muscarinic M4 receptor to facilitate expression and stability.	2021-09-08	D		
7LLL	glp1r_human	ELECTRON MICROSCOPY	3.7	Active	R		2022-01-12	F		
7LLY	glp1r_human	ELECTRON MICROSCOPY	3.3	Active	R		2022-01-12	F		
7M3E	casr_human	ELECTRON MICROSCOPY	3.2	Inactive	A	[HOMOMER: chains A, B] [DB TRUNCATION: AI correctly identified chains A, B, but DB requires 1. Auto-selected primary chain A based on: Homomer (2 identical GPCR chains) — Rank 2: Ligand binds exclusively to GPCR Chain A] [WARNING: Ligands are bound to truncated chains B!]	2021-06-30	A	casr_human	B
7M3F	casr_human	ELECTRON MICROSCOPY	2.8	Active	A	[HOMOMER: chains A, B] [DB TRUNCATION: AI correctly identified chains A, B, but DB requires 1. Auto-selected primary chain A based on: Homomer (2 identical GPCR chains) — Rank 4: Preserving AI's originally correct choice (Chain A)] [WARNING: Ligands are bound to truncated chains B!]	2021-06-30	A	casr_human	B
7M3G	casr_human	ELECTRON MICROSCOPY	2.5	Active	A	[HOMOMER: chains A, B] [DB TRUNCATION: AI correctly identified chains A, B, but DB requires 1. Auto-selected primary chain A based on: Homomer (2 identical GPCR chains) — Rank 4: Preserving AI's originally correct choice (Chain A)] [WARNING: Ligands are bound to truncated chains B!]	2021-06-30	A	casr_human	B
7M3J	casr_human	ELECTRON MICROSCOPY	4.1	Inactive	A	[HOMOMER: chains A, B] [DB TRUNCATION: AI correctly identified chains A, B, but DB requires 1. Auto-selected primary chain A based on: Homomer (2 identical GPCR chains) — Rank 4: Preserving AI's originally correct choice (Chain A)] [WARNING: Ligands are bound to truncated chains B!]	2021-06-30	A	casr_human	B
7M8W	pd2r2_human	X-RAY DIFFRACTION	2.61	Inactive	A	Serial femtosecond crystallography (SFX) structure solved at room temperature using an XFEL source.	2021-08-25	A		
7MBX	cckar_human	ELECTRON MICROSCOPY	1.95	Active	R		2021-05-26	F		
7MT8	opsd_bovin	ELECTRON MICROSCOPY	5.8	Active	R		2021-07-07	B		
7MT9	opsd_bovin	ELECTRON MICROSCOPY	7.0	Active	R		2021-07-07	B		
7MTA	opsd_bovin	ELECTRON MICROSCOPY	4.1	Active	R		2021-07-07	D		
7MTB	opsd_bovin	ELECTRON MICROSCOPY	4.0	Active	R		2021-07-07	D		
7MTQ	grm2_human	ELECTRON MICROSCOPY	3.65	Inactive	A	[HOMOMER: chains A, B] [DB TRUNCATION: AI correctly identified chains A, B, but DB requires 1. Auto-selected primary chain A based on: Homomer (2 identical GPCR chains) — Rank 4: Preserving AI's originally correct choice (Chain A)] [WARNING: Ligands are bound to truncated chains B!]	2021-07-07	A	grm2_human	B
7MTR	grm2_human	ELECTRON MICROSCOPY	3.3	Active	A	[HOMOMER: chains A, B] [DB TRUNCATION: AI correctly identified chains A, B, but DB requires 1. Auto-selected primary chain A based on: Homomer (2 identical GPCR chains) — Rank 2: Ligand binds exclusively to GPCR Chain A] [WARNING: Ligands are bound to truncated chains B!]	2021-07-07	B	grm2_human	B
7MTS	grm2_human	ELECTRON MICROSCOPY	3.2	Active	A	[HOMOMER: chains A, B] [DB TRUNCATION: AI correctly identified chains A, B, but DB requires 1. Auto-selected primary chain A based on: Homomer (2 identical GPCR chains) — Rank 0: G protein-coupling protomer (structure geometry) on Chain A] [WARNING: Ligands are bound to truncated chains B!]	2021-07-07	A	grm2_human	B
7NA7	ghsr_human	ELECTRON MICROSCOPY	2.7	Active	R		2021-12-15	E		
7NA8	ghsr_human	ELECTRON MICROSCOPY	2.7	Active	R		2021-12-15	E		
7O7F	ccr5_human	ELECTRON MICROSCOPY	3.15	Active	C		2021-06-30	C		
7P02	nk1r_human	ELECTRON MICROSCOPY	2.87	Active	R		2021-12-15	E		
7P2L	grm5_human	X-RAY DIFFRACTION	2.54	Inactive	A		2021-09-08	A		
7PIU	mc4r_human	ELECTRON MICROSCOPY	2.58	Active	R		2021-11-17	A		
7PIV	mc4r_human	ELECTRON MICROSCOPY	2.86	Active	R		2021-11-17	A		
7PP1	p2y12_human	X-RAY DIFFRACTION	2.78	Inactive	A		2022-11-02	A		
7PX4	aa2ar_human	X-RAY DIFFRACTION	2.25	Inactive	A	Engineered mutant A2A-PSB1-bRIL with S91(3.39)K mutation.	2022-03-02	A		
7PYR	aa2ar_human	X-RAY DIFFRACTION	2.6	Inactive	A		2022-03-02	A		
7R0C	v2r_human	ELECTRON MICROSCOPY	4.73	Active	A		2022-09-14	A		
7RA3	gipr_human	ELECTRON MICROSCOPY	3.24	Active	R		2022-04-13	G		
7RBT	gipr_human	ELECTRON MICROSCOPY	3.08	Active	R		2022-04-13	G		
7RG9	glp1r_human	ELECTRON MICROSCOPY	3.2	Active	R		2022-04-13	F		
7RGP	glp1r_human	ELECTRON MICROSCOPY	2.9	Active	R		2022-04-13	G		
7RKN	us28_hcmva	ELECTRON MICROSCOPY	3.6	Active	R		2022-01-26	F		
7RM5	aa2ar_human	ELECTRON CRYSTALLOGRAPHY	2.79	Inactive	A		2021-09-08	A		
7RMH	nk1r_human	ELECTRON MICROSCOPY	3.1	Active	R		2021-11-03	E		
7RTB	glp1r_human	ELECTRON MICROSCOPY	2.14	Active	R		2021-10-06	E		
7S15	glp1r_human	ELECTRON MICROSCOPY	3.8	Active	R		2022-06-08	A		
7S1M	glp1r_human	ELECTRON MICROSCOPY	2.41	Active	R	Conformer 1; contains dominant-negative Gs and Nb35.	2022-01-05	F		
7S8M	mrgx2_human	ELECTRON MICROSCOPY	2.54	Active	R		2021-11-17	E		
7S8O	mrgx2_human	ELECTRON MICROSCOPY	2.58	Active	R		2021-11-17	A		
7SBF	oprm_mouse	ELECTRON MICROSCOPY	2.9	Active	R		2022-04-20	E		
7SCG	oprm_mouse	ELECTRON MICROSCOPY	3.0	Active	D		2022-04-20	C		
7SF7	agrl3_human	ELECTRON MICROSCOPY	2.9	Active	A		2022-04-27	A		
7SF8	agrg1_human	ELECTRON MICROSCOPY	2.7	Active	A		2022-04-27	A		
7SIL	casr_human	ELECTRON MICROSCOPY	2.7	Active	A	[HOMOMER: chains A, B] [DB TRUNCATION: AI correctly identified chains A, B, but DB requires 1. Auto-selected primary chain A based on: Homomer (2 identical GPCR chains) — Rank 4: Preserving AI's originally correct choice (Chain A)] [WARNING: Ligands are bound to truncated chains B!]	2022-01-19	A	casr_human	B
7SIN	casr_human	ELECTRON MICROSCOPY	5.9	Inactive	A	[HOMOMER: chains A, B] [DB TRUNCATION: AI correctly identified chains A, B, but DB requires 1. Auto-selected primary chain A based on: Homomer (2 identical GPCR chains) — Rank 4: Preserving AI's originally correct choice (Chain A)] [WARNING: Ligands are bound to truncated chains B!]	2022-01-19	A	casr_human	B
7SK3	ackr3_human	ELECTRON MICROSCOPY	3.8	Active	A		2022-07-27	A		
7SK4	ackr3_human	ELECTRON MICROSCOPY	3.3	Active	A		2022-07-27	A		
7SK5	ackr3_human	ELECTRON MICROSCOPY	4.0	Active	A		2022-07-27	A		
7SK6	ackr3_human	ELECTRON MICROSCOPY	4.0	Active	A		2022-07-27	A		
7SK7	ackr3_human	ELECTRON MICROSCOPY	3.3	Active	A		2022-07-27	A		
7SK8	ackr3_human	ELECTRON MICROSCOPY	3.3	Active	A		2022-07-27	A		
7SK9	ackr3_human	ELECTRON MICROSCOPY	3.7	Active	A		2022-07-27	A		
7SQO	ox2r_human	ELECTRON MICROSCOPY	3.17	Active	R		2022-05-25	A		
7SRQ	5ht2b_human	ELECTRON MICROSCOPY	2.7	Intermediate	R		2022-09-21	A		
7SRS	5ht2b_human	ELECTRON MICROSCOPY	3.3	Active	R		2022-09-21	C		
7SUS	apj_human	X-RAY DIFFRACTION	2.7	Inactive	A		2022-07-27	A		
7T10	ssr2_human	ELECTRON MICROSCOPY	2.5	Active	R	Engineered receptor with ICL3 and part of TM6 swapped for those from the kappa opioid receptor (KOR) for stabilization.	2022-03-09	A		
7T11	ssr2_human	ELECTRON MICROSCOPY	2.7	Active	R		2022-03-09	F		
7T2G	oprm_mouse	ELECTRON MICROSCOPY	2.5	Active	R		2022-12-07	D		
7T2H	oprm_mouse	ELECTRON MICROSCOPY	3.2	Active	D		2022-12-07	E		
7T32	aa2ar_human	ELECTRON MICROSCOPY	3.4	Inactive	A		2022-08-10	A		
7T6B	s1pr2_human	ELECTRON MICROSCOPY	3.19	Active	R		2022-04-06	E		
7T6S	fpr2_human	ELECTRON MICROSCOPY	3.0	Active	R		2022-03-30	E		
7T6V	fpr2_human	ELECTRON MICROSCOPY	3.1	Active	R		2022-03-30	A		
7T8X	acm2_human	ELECTRON MICROSCOPY	3.21	Active	A		2023-01-25	A		
7T90	acm2_human	ELECTRON MICROSCOPY	3.32	Active	A		2023-01-25	A		
7T94	acm2_human	ELECTRON MICROSCOPY	3.16	Active	A		2023-01-25	A		
7T96	acm2_human	ELECTRON MICROSCOPY	3.22	Active	A		2023-01-25	A		
7T9M	tshr_human	ELECTRON MICROSCOPY	3.1	Inactive	R		2022-08-10	C		
7T9N	tshr_human	ELECTRON MICROSCOPY	2.9	Active	R		2022-08-03	D		
7TMW	rxfp1_human	ELECTRON MICROSCOPY	3.2	Active	R		2023-02-15	A		
7TRK	acm4_human	ELECTRON MICROSCOPY	2.8	Active	R	Full-length receptor in complex with Gi1 and scFv16.	2023-05-17	A		
7TRP	acm4_human	ELECTRON MICROSCOPY	2.4	Active	R		2023-05-17	A		
7TRQ	acm4_human	ELECTRON MICROSCOPY	2.5	Active	R		2023-05-17	A		
7TRS	acm4_human	ELECTRON MICROSCOPY	2.8	Active	R		2023-05-17	E		
7TUY	gp183_human	ELECTRON MICROSCOPY	2.98	Inactive	R		2022-04-13	D		
7TUZ	gp183_human	ELECTRON MICROSCOPY	3.12	Active	R		2022-04-13	A		
7TYF	calcr_human	ELECTRON MICROSCOPY	2.2	Active	R		2022-03-23	G		
7TYH	calcr_human	ELECTRON MICROSCOPY	3.3	Active	R		2022-03-23	G		
7TYI	calcr_human	ELECTRON MICROSCOPY	3.3	Active	R		2022-03-30	F		
7TYL	calcr_human	ELECTRON MICROSCOPY	3.3	Active	R		2022-03-23	F		
7TYN	calcr_human	ELECTRON MICROSCOPY	2.6	Active	R		2022-03-30	B		
7TYO	calcr_human	ELECTRON MICROSCOPY	2.7	Active	R		2022-03-23	F		
7TYW	calcr_human	ELECTRON MICROSCOPY	3.0	Active	R		2022-03-23	C		
7TYX	calcr_human	ELECTRON MICROSCOPY	2.55	Active	R		2022-03-30	C		
7TYY	calcr_human	ELECTRON MICROSCOPY	3.0	Active	R		2022-03-23	C		
7TZF	calcr_human	ELECTRON MICROSCOPY	2.4	Active	R		2022-03-23	C		
7U2K	oprm_mouse	ELECTRON MICROSCOPY	3.3	Active	D		2022-12-07	C		
7U2L	oprm_mouse	ELECTRON MICROSCOPY	3.2	Active	D		2022-05-04	D		
7UL3	hrh2_human	ELECTRON MICROSCOPY	3.0	Inactive	A	Inactive H2R-KOR chimera with the third intracellular loop (ICL3) substituted with that of the human kappa-opioid receptor (P41145) to facilitate binding of the universal nanobody Nb6M.	2022-06-29	A		
7UL4	oprm_mouse	ELECTRON MICROSCOPY	2.8	Inactive	A		2022-06-29	A		
7UL5	ssr2_human	ELECTRON MICROSCOPY	3.1	Inactive	A		2022-06-29	A		
7UM5	5ht5a_human	ELECTRON MICROSCOPY	2.73	Active	A		2022-07-20	A		
7UM6	5ht5a_human	ELECTRON MICROSCOPY	2.79	Active	A		2022-07-20	A		
7UM7	5ht5a_human	ELECTRON MICROSCOPY	2.75	Active	A		2022-07-20	A		
7V68	acm4_human	ELECTRON MICROSCOPY	3.4	Active	R		2022-05-11	E		
7V69	acm4_human	ELECTRON MICROSCOPY	3.4	Active	R		2022-05-11	E		
7V6A	acm4_human	ELECTRON MICROSCOPY	3.6	Active	R		2022-05-11	E		
7V9L	ghrhr_human	ELECTRON MICROSCOPY	2.6	Active	R		2022-04-06	B		
7V9M	ghrhr_human	ELECTRON MICROSCOPY	3.29	Active	R	Structure of GHRH receptor splice variant 1 (SV1) in an active-state complex.	2021-10-20	E		
7VAB	gipr_human	ELECTRON MICROSCOPY	3.2	Active	R		2022-03-02	A		
7VBH	glp1r_human	ELECTRON MICROSCOPY	3.0	Active	R		2022-04-06	D		
7VBI	glp1r_human	ELECTRON MICROSCOPY	3.0	Active	R		2022-03-02	D		
7VDH	mrgx2_human	ELECTRON MICROSCOPY	2.9	Active	R		2021-12-01	A		
7VDL	mrgx2_human	ELECTRON MICROSCOPY	3.22	Active	R		2021-12-01	E		
7VDM	mrgx2_human	ELECTRON MICROSCOPY	2.98	Active	R		2021-12-01	E		
7VFX	fpr1_human	ELECTRON MICROSCOPY	2.8	Active	R		2022-09-21	A		
7VGX	npy1r_human	ELECTRON MICROSCOPY	3.2	Active	R		2022-02-23	A		
7VGY	mtr1a_human	ELECTRON MICROSCOPY	3.1	Active	A		2022-03-02	A		
7VGZ	mtr1a_human	ELECTRON MICROSCOPY	3.3	Active	B		2022-03-02	A		
7VH0	mtr1b_human	ELECTRON MICROSCOPY	3.46	Active	A		2022-03-02	A		
7VIE	s1pr1_human	ELECTRON MICROSCOPY	2.86	Active	F		2022-09-28	D		
7VIF	s1pr1_human	ELECTRON MICROSCOPY	2.83	Active	F		2022-09-28	D		
7VIG	s1pr1_human	ELECTRON MICROSCOPY	2.89	Active	F		2022-09-28	D		
7VIH	s1pr1_human	ELECTRON MICROSCOPY	2.98	Active	F		2022-09-28	D		
7VL8	ccr1_human	ELECTRON MICROSCOPY	2.9	Active	R		2022-03-23	D		
7VL9	ccr1_human	ELECTRON MICROSCOPY	2.6	Active	R		2022-03-23	E		
7VLA	ccr1_human	ELECTRON MICROSCOPY	2.7	Active	R		2022-03-23	E		
7VOE	5ht2a_human	X-RAY DIFFRACTION	2.9	Inactive	A		2021-12-22	A		
7VUG	gp139_human	ELECTRON MICROSCOPY	3.2	Active	R		2021-12-29	D		
7VV0	mrgx2_human	ELECTRON MICROSCOPY	3.5	Active	R		2021-12-01	B		
7VV3	mrgx2_human	ELECTRON MICROSCOPY	2.97	Active	R		2021-12-01	E		
7VV4	mrgx2_human	ELECTRON MICROSCOPY	2.97	Active	R		2021-12-01	A		
7VV5	mrgx2_human	ELECTRON MICROSCOPY	2.76	Active	R		2021-12-01	E		
7VV6	mrgx2_human	ELECTRON MICROSCOPY	3.3	Active	R		2021-12-01	A		
7VVJ	pth1r_human	ELECTRON MICROSCOPY	3.2	Active	R		2022-08-03	F		
7VVK	pth1r_human	ELECTRON MICROSCOPY	3.3	Active	R		2022-08-03	F		
7VVL	pth1r_human	ELECTRON MICROSCOPY	2.8	Active	R		2022-08-03	F		
7VVM	pth1r_human	ELECTRON MICROSCOPY	3.2	Active	R		2022-08-03	F		
7VVN	pth1r_human	ELECTRON MICROSCOPY	3.8	Active	R		2022-08-03	F		
7VVO	pth1r_human	ELECTRON MICROSCOPY	4.1	Active	R		2022-08-03	F		
7W0L	apj_human	ELECTRON MICROSCOPY	3.57	Active	R	[HOMOMER: chains Q, R] [DB TRUNCATION: AI correctly identified chains Q, R, but DB requires 1. Auto-selected primary chain R based on: Homomer (2 identical GPCR chains) — Rank 0: G protein-coupling protomer (structure geometry) on Chain R] [WARNING: Ligands are bound to truncated chains Q!]	2022-07-27	E	apj_human	Q
7W0M	apj_human	ELECTRON MICROSCOPY	3.71	Active	R		2022-07-27	D		
7W0N	apj_human	ELECTRON MICROSCOPY	4.21	Active	R	[HOMOMER: chains Q, R] [DB TRUNCATION: AI correctly identified chains Q, R, but DB requires 1. Auto-selected primary chain R based on: Homomer (2 identical GPCR chains) — Rank 0: G protein-coupling protomer (structure geometry) on Chain R]	2022-07-27	E	apj_human	Q
7W0O	apj_human	ELECTRON MICROSCOPY	3.78	Active	R		2022-07-27	E		
7W0P	apj_human	ELECTRON MICROSCOPY	3.16	Active	R		2022-07-27	D		
7W2Z	ghsr_human	ELECTRON MICROSCOPY	2.8	Active	R		2022-01-19	B		
7W41	grpr_human	X-RAY DIFFRACTION	2.952	Inactive	A		2023-02-22	A		
7W6P	ada2a_human	ELECTRON MICROSCOPY	3.47	Active	R		2022-09-28	E		
7WC4	5ht2a_human	X-RAY DIFFRACTION	3.2	Active	A		2022-01-26	A		
7WC5	5ht2a_human	X-RAY DIFFRACTION	3.2	Active	A		2022-01-26	A		
7WC6	5ht2a_human	X-RAY DIFFRACTION	2.6	Active	A		2022-01-26	A		
7WC7	5ht2a_human	X-RAY DIFFRACTION	2.6	Active	A		2022-01-26	A		
7WC8	5ht2a_human	X-RAY DIFFRACTION	2.45	Inactive	A		2022-01-26	A		
7WC9	5ht2a_human	X-RAY DIFFRACTION	2.5	Active	A		2022-01-26	A		
7WCM	gp119_human	ELECTRON MICROSCOPY	2.33	Active	R		2022-12-21	E		
7WCN	gp119_human	ELECTRON MICROSCOPY	2.87	Active	R		2022-12-21	E		
7WF7	s1pr1_human	ELECTRON MICROSCOPY	3.4	Active	A		2022-01-05	A		
7WI6	grm3_human	ELECTRON MICROSCOPY	3.71	Inactive	A	[HOMOMER: chains A, B] [DB TRUNCATION: AI correctly identified chains A, B, but DB requires 1. Auto-selected primary chain A based on: Homomer (2 identical GPCR chains) — Rank 4: Preserving AI's originally correct choice (Chain A)] [WARNING: Ligands are bound to truncated chains B!]	2022-03-16	A	grm3_human	B
7WI8	grm3_human	ELECTRON MICROSCOPY	4.17	Inactive	A	[HOMOMER: chains A, B] [DB TRUNCATION: AI correctly identified chains A, B, but DB requires 1. Auto-selected primary chain A based on: Homomer (2 identical GPCR chains) — Rank 4: Preserving AI's originally correct choice (Chain A)] [WARNING: Ligands are bound to truncated chains B!]	2022-03-16	A	grm3_human	B
7WIC	ssr2_human	ELECTRON MICROSCOPY	2.8	Active	R		2022-06-01	B		
7WIG	ssr2_human	ELECTRON MICROSCOPY	2.7	Active	R		2022-06-01	A		
7WIH	grm3_human	ELECTRON MICROSCOPY	3.68	Active	A	[HOMOMER: chains A, B] [DB TRUNCATION: AI correctly identified chains A, B, but DB requires 1. Auto-selected primary chain A based on: Homomer (2 identical GPCR chains) — Rank 4: Preserving AI's originally correct choice (Chain A)] [WARNING: Ligands are bound to truncated chains B!]	2022-03-16	A	grm3_human	B
7WJ5	ssr2_human	ELECTRON MICROSCOPY	3.72	Active	R		2022-07-13	E		
7WQ3	galr1_human	ELECTRON MICROSCOPY	2.7	Active	R		2022-04-20	A		
7WU2	agrd1_human	ELECTRON MICROSCOPY	2.8	Active	R		2022-04-27	E		
7WU4	agrf1_human	ELECTRON MICROSCOPY	3.4	Active	R		2022-04-27	D		
7WU9	pe2r3_human	ELECTRON MICROSCOPY	3.375	Active	R		2022-08-17	A		
7WUJ	agrg4_human	ELECTRON MICROSCOPY	3.3	Active	E		2022-04-27	C		
7WUQ	agrg2_mouse	ELECTRON MICROSCOPY	2.9	Active	R		2022-04-27	E		
7WVU	fpr1_human	ELECTRON MICROSCOPY	3.3	Active	R		2022-04-13	A		
7WVV	fpr2_human	ELECTRON MICROSCOPY	2.9	Active	R		2022-04-13	B		
7WVW	fpr2_human	ELECTRON MICROSCOPY	3.1	Active	R	Receptor contains S211L mutation and C-terminal truncation (residues 347-351).	2022-04-13	B		
7WVX	fpr2_human	ELECTRON MICROSCOPY	2.8	Active	R		2022-04-13	B		
7WXW	agrf1_human	ELECTRON MICROSCOPY	2.84	Active	R		2022-09-28	A		
7WY0	agrf1_human	ELECTRON MICROSCOPY	2.83	Active	R		2022-09-28	E		
7WY8	agrl3_mouse	ELECTRON MICROSCOPY	2.83	Active	R		2022-10-26	A		
7WYB	agrl3_mouse	ELECTRON MICROSCOPY	2.97	Active	R		2022-10-26	E		
7WZ4	gpr88_human	ELECTRON MICROSCOPY	3.0	Active	R		2022-10-26	A		
7WZ7	agrf1_human	ELECTRON MICROSCOPY	2.83	Active	R		2022-09-28	E		
7X10	agrl3_mouse	ELECTRON MICROSCOPY	2.93	Active	R		2022-11-09	E		
7X2D	drd1_human	ELECTRON MICROSCOPY	3.3	Active	F		2022-06-15	A		
7X2F	drd1_human	ELECTRON MICROSCOPY	3.0	Active	F		2022-06-15	A		
7X2V	agrf1_human	ELECTRON MICROSCOPY	3.09	Active	R		2022-09-28	D		
7X5H	5ht5a_human	ELECTRON MICROSCOPY	3.1	Active	R		2022-09-14	E		
7X9A	npy1r_human	ELECTRON MICROSCOPY	3.2	Active	R		2022-05-18	A		
7X9B	npy2r_human	ELECTRON MICROSCOPY	3.4	Active	R		2022-05-18	D		
7X9C	npy4r_human	ELECTRON MICROSCOPY	3.0	Active	R		2022-05-18	A		
7X9Y	ccr3_human	ELECTRON MICROSCOPY	3.1	Active	R	Engineered CCR3 mutant with I244(6.40)A mutation to increase constitutive activity.	2022-08-24	D		
7XA3	ccr2_human	ELECTRON MICROSCOPY	2.9	Active	R		2022-08-24	A		
7XAT	ssr2_human	ELECTRON MICROSCOPY	2.85	Active	A		2022-08-31	A		
7XAU	ssr2_human	ELECTRON MICROSCOPY	2.97	Active	A		2022-08-31	A		
7XAV	ssr2_human	ELECTRON MICROSCOPY	2.87	Active	A		2022-08-31	A		
7XJH	adrb3_canlf	ELECTRON MICROSCOPY	3.3	Active	R		2022-05-04	E		
7XJI	adrb3_canlf	ELECTRON MICROSCOPY	3.9	Active	R		2022-05-04	D		
7XJJ	galr1_human	ELECTRON MICROSCOPY	3.3	Active	E		2023-05-03	D		
7XK2	hcar2_human	ELECTRON MICROSCOPY	3.1	Active	R		2023-02-22	C		
7XK8	nmur2_human	ELECTRON MICROSCOPY	3.3	Active	R		2023-02-22	B		
7XK9	adrb2_human	X-RAY DIFFRACTION	3.4	Active	A		2023-04-26	A		
7XKA	adrb2_human	X-RAY DIFFRACTION	3.1	Active	A		2023-04-26	A		
7XKD	agrg2_mouse	ELECTRON MICROSCOPY	2.4	Active	R		2022-08-10	E		
7XKE	agrg2_mouse	ELECTRON MICROSCOPY	2.9	Active	R		2022-08-10	E		
7XKF	agrg2_mouse	ELECTRON MICROSCOPY	2.4	Active	R		2022-08-10	E		
7XMR	ssr2_human	ELECTRON MICROSCOPY	3.1	Active	R		2022-08-03	A		
7XMS	ssr4_human	ELECTRON MICROSCOPY	2.9	Active	R		2022-08-03	A		
7XMT	ssr4_human	ELECTRON MICROSCOPY	2.8	Active	R		2022-08-03	A		
7XN9	ssr2_human	X-RAY DIFFRACTION	2.6	Inactive	A		2022-08-03	A		
7XNA	ssr2_human	X-RAY DIFFRACTION	2.65	Inactive	A		2022-08-03	A		
7XOU	cckar_human	ELECTRON MICROSCOPY	3.2	Active	R		2022-07-20	F		
7XOV	cckar_human	ELECTRON MICROSCOPY	3.0	Active	R		2022-07-20	E		
7XRR	ox2r_human	X-RAY DIFFRACTION	2.89	Inactive	A	Engineered receptor with ICL3 deletion (residues 258-288) and stabilizing mutations Asp100Ala, Leu143Trp, Cys147Ala, and Asn202Gln.	2022-11-23	A		
7XT8	5ht4r_human	ELECTRON MICROSCOPY	3.1	Active	R		2022-07-27	E		
7XT9	5ht4r_human	ELECTRON MICROSCOPY	3.2	Active	R		2022-07-27	D		
7XTA	5ht4r_human	ELECTRON MICROSCOPY	3.2	Active	R		2022-07-27	E		
7XTB	5ht6r_human	ELECTRON MICROSCOPY	3.3	Active	R		2022-07-27	E		
7XTC	5ht7r_human	ELECTRON MICROSCOPY	3.2	Active	R		2022-07-27	E		
7XTQ	gpbar_human	ELECTRON MICROSCOPY	3.2	Active	R		2022-07-06	E		
7XW5	tshr_human	ELECTRON MICROSCOPY	2.96	Active	R		2022-08-24	E		
7XW7	tshr_human	ELECTRON MICROSCOPY	5.5	Inactive	R		2022-08-17	B		
7XXI	p2y12_human	ELECTRON MICROSCOPY	3.0	Active	A		2023-06-07	A		
7XY6	aa2br_human	ELECTRON MICROSCOPY	2.99	Active	R		2023-05-03	D		
7XY7	aa2br_human	ELECTRON MICROSCOPY	3.26	Active	R		2023-05-03	D		
7XZ5	gp119_human	ELECTRON MICROSCOPY	3.1	Active	R		2022-08-24	E		
7XZ6	gp119_human	ELECTRON MICROSCOPY	2.8	Active	R		2022-08-24	E		
7Y12	mrgrd_human	ELECTRON MICROSCOPY	3.1	Active	R		2022-07-20	D		
7Y13	mrgrd_human	ELECTRON MICROSCOPY	3.1	Active	R		2022-07-20	A		
7Y14	mrgrd_human	ELECTRON MICROSCOPY	3.2	Active	R		2022-07-20	A		
7Y1F	oprk_human	ELECTRON MICROSCOPY	3.3	Active	R		2023-05-24	C		
7Y24	ssr2_human	ELECTRON MICROSCOPY	3.25	Active	E		2022-10-19	F		
7Y35	pth1r_human	ELECTRON MICROSCOPY	2.9	Active	R		2023-07-05	A		
7Y36	pth1r_human	ELECTRON MICROSCOPY	2.8	Active	R		2023-07-05	A		
7Y3G	gpr12_human	ELECTRON MICROSCOPY	2.77	Active	R		2023-06-07	E		
7Y64	c5ar1_human	ELECTRON MICROSCOPY	2.9	Active	D		2023-03-01	E		
7Y65	c5ar1_human	ELECTRON MICROSCOPY	3.2	Active	D		2023-03-01	F		
7Y66	c5ar1_human	ELECTRON MICROSCOPY	2.9	Active	D		2023-03-01	E		
7Y67	c5ar1_human	ELECTRON MICROSCOPY	2.8	Active	D		2023-03-01	D		
7Y89	gpr17_human	ELECTRON MICROSCOPY	3.02	Active	A		2022-10-12	E		
7YAC	ssr2_human	ELECTRON MICROSCOPY	3.24	Active	E		2023-04-19	D		
7YAE	ssr2_human	ELECTRON MICROSCOPY	3.37	Active	E		2023-04-19	E		
7YDH	agre5_human	ELECTRON MICROSCOPY	3.1	Active	R		2023-07-12	E		
7YDJ	agre5_human	ELECTRON MICROSCOPY	3.03	Active	R	CD97 (ADGRE5) in complex with an engineered mini-G12 protein and stabilized by scFv16.	2023-07-12	E		
7YDP	agre5_human	ELECTRON MICROSCOPY	3.1	Active	R		2023-07-12	A		
7YIT	oprk_human	X-RAY DIFFRACTION	3.3	Active	A		2023-04-12	A		
7YK6	rl3r2_human	ELECTRON MICROSCOPY	3.03	Active	R		2023-03-01	C		
7YK7	rl3r2_human	ELECTRON MICROSCOPY	2.75	Active	R		2023-03-01	C		
7YKD	cml1_human	ELECTRON MICROSCOPY	2.81	Active	A		2023-04-19	B		
7YMJ	ada1a_human	ELECTRON MICROSCOPY	3.35	Inactive	A		2023-07-05	A		
7YON	npy2r_human	ELECTRON MICROSCOPY	2.95	Active	R	Engineered with BRIL fusion and stabilizing mutations H149(3.51)Y and S280(6.47)C.	2023-03-22	E		
7YOO	npy2r_human	ELECTRON MICROSCOPY	3.11	Active	R		2023-03-22	E		
7YP7	agrg2_mouse	ELECTRON MICROSCOPY	3.1	Active	R		2022-08-24	E		
7YS6	5ht6r_human	ELECTRON MICROSCOPY	3.0	Active	A		2023-03-29	A		
7YU3	lpar1_human	ELECTRON MICROSCOPY	3.5	Active	R		2022-10-05	D		
7YU4	lpar1_human	ELECTRON MICROSCOPY	3.7	Active	A		2022-10-05	A		
7YU5	lpar1_human	ELECTRON MICROSCOPY	3.7	Active	R		2022-10-05	D		
7YU6	lpar1_human	ELECTRON MICROSCOPY	3.9	Active	R		2022-10-05	D		
7YU7	lpar1_human	ELECTRON MICROSCOPY	4.5	Active	R		2022-10-05	B		
7YU8	lpar1_human	ELECTRON MICROSCOPY	5.6	Active	R		2022-10-05	A		
7ZBC	opsd_bovin	X-RAY DIFFRACTION	1.8	Inactive	A	[HOMOMER: chains A, B] [DB TRUNCATION: AI correctly identified chains A, B, but DB requires 1. Auto-selected primary chain A based on: Homomer (2 identical GPCR chains) — Rank 2: Ligand binds exclusively to GPCR Chain A] [WARNING: Ligands are bound to truncated chains B!]	2023-03-29	A	opsd_bovin	B
7ZBE	opsd_bovin	X-RAY DIFFRACTION	1.8	Inactive	A	[HOMOMER: chains A, B] [DB TRUNCATION: AI correctly identified chains A, B, but DB requires 1. Auto-selected primary chain A based on: Homomer (2 identical GPCR chains) — Rank 2: Ligand binds exclusively to GPCR Chain A] [WARNING: Ligands are bound to truncated chains B!]	2023-03-29	A	opsd_bovin	B
7ZL9	hcar2_human	X-RAY DIFFRACTION	2.7	Inactive	A		2023-04-12	A		
7ZLY	hcar2_human	X-RAY DIFFRACTION	2.7	Inactive	A		2023-04-12	A		
8A2O	aa2ar_human	X-RAY DIFFRACTION	3.45	Inactive	A		2023-08-30	A		
8A2P	aa2ar_human	X-RAY DIFFRACTION	3.5	Inactive	A		2023-08-30	A		
8A6C	opsd_bovin	X-RAY DIFFRACTION	1.8	Intermediate	A	[HOMOMER: chains A, B] [DB TRUNCATION: AI correctly identified chains A, B, but DB requires 1. Auto-selected primary chain A based on: Homomer (2 identical GPCR chains) — Rank 2: Ligand binds exclusively to GPCR Chain A] [WARNING: Ligands are bound to truncated chains B!]	2023-03-29	A	opsd_bovin	B
8A6D	opsd_bovin	X-RAY DIFFRACTION	1.8	Intermediate	A	[HOMOMER: chains A, B] [DB TRUNCATION: AI correctly identified chains A, B, but DB requires 1. Auto-selected primary chain A based on: Homomer (2 identical GPCR chains) — Rank 2: Ligand binds exclusively to GPCR Chain A] [WARNING: Ligands are bound to truncated chains B!]	2023-03-29	A	opsd_bovin	B
8A6E	opsd_bovin	X-RAY DIFFRACTION	1.8	Intermediate	A	[HOMOMER: chains A, B] [DB TRUNCATION: AI correctly identified chains A, B, but DB requires 1. Auto-selected primary chain A based on: Homomer (2 identical GPCR chains) — Rank 2: Ligand binds exclusively to GPCR Chain A] [WARNING: Ligands are bound to truncated chains B!]	2023-03-29	A	opsd_bovin	B
8C9W	aa2ar_human	X-RAY DIFFRACTION	2.114	Inactive	A		2023-07-12	A		
8CIC	aa2ar_human	X-RAY DIFFRACTION	2.102	Inactive	A		2023-05-31	A		
8CU6	aa2ar_human	X-RAY DIFFRACTION	2.8	Inactive	A		2022-08-31	A		
8CU7	aa2ar_human	X-RAY DIFFRACTION	2.05	Inactive	A		2022-08-31	A		
8CXO	smo_mouse	ELECTRON MICROSCOPY	3.7	Inactive	A		2022-08-03	A		
8DU3	aa2ar_human	X-RAY DIFFRACTION	2.5	Inactive	A		2022-08-10	A		
8DZP	oprk_human	ELECTRON MICROSCOPY	2.71	Active	A		2023-05-03	A		
8DZQ	oprk_human	ELECTRON MICROSCOPY	2.82	Active	A		2023-05-03	E		
8DZS	oprk_human	ELECTRON MICROSCOPY	2.65	Active	A		2023-05-03	A		
8E3X	pacr_human	ELECTRON MICROSCOPY	2.3	Active	R		2022-11-23	F		
8E3Y	vipr1_human	ELECTRON MICROSCOPY	2.3	Active	R		2022-11-23	F		
8E3Z	vipr1_human	ELECTRON MICROSCOPY	2.7	Active	R		2022-11-23	F		
8E9X	acm4_human	ELECTRON MICROSCOPY	2.7	Active	A		2022-11-30	A		
8EA0	acm3_human	ELECTRON MICROSCOPY	2.56	Active	A		2022-11-30	A		
8EF5	oprm_human	ELECTRON MICROSCOPY	3.3	Active	M	[HOMOMER: chains M, R] [DB TRUNCATION: AI correctly identified chains M, R, but DB requires 1. Auto-selected primary chain M based on: Homomer (2 identical GPCR chains) — Rank 4: Preserving AI's originally correct choice (Chain M)] [WARNING: Ligands are bound to truncated chains R!]	2022-11-09	F	oprm_human	R
8EF6	oprm_human	ELECTRON MICROSCOPY	3.2	Active	M	Active-state muOR-Gi1 complex bound to morphine. [HOMOMER: chains M, R] [DB TRUNCATION: AI correctly identified chains M, R, but DB requires 1. Auto-selected primary chain M based on: Homomer (2 identical GPCR chains) — Rank 4: Preserving AI's originally correct choice (Chain M)] [WARNING: Ligands are bound to truncated chains R!]	2022-11-09	F	oprm_human	R
8EFB	oprm_human	ELECTRON MICROSCOPY	3.2	Active	R		2022-11-09	A		
8EFL	oprm_human	ELECTRON MICROSCOPY	3.2	Active	M	[HOMOMER: chains M, R] [DB TRUNCATION: AI correctly identified chains M, R, but DB requires 1. Auto-selected primary chain M based on: Homomer (2 identical GPCR chains) — Rank 4: Preserving AI's originally correct choice (Chain M)] [WARNING: Ligands are bound to truncated chains R!]	2022-11-09	F	oprm_human	R
8EFO	oprm_human	ELECTRON MICROSCOPY	2.8	Active	M	[HOMOMER: chains M, R] [DB TRUNCATION: AI correctly identified chains M, R, but DB requires 1. Auto-selected primary chain M based on: Homomer (2 identical GPCR chains) — Rank 4: Preserving AI's originally correct choice (Chain M)] [WARNING: Ligands are bound to truncated chains R!]	2022-11-09	F	oprm_human	R
8F0K	calcr_human	ELECTRON MICROSCOPY	1.9	Active	R		2023-08-02	C		
8F2A	calcr_human	ELECTRON MICROSCOPY	2.2	Active	R		2023-08-02	C		
8F76	o51e2_human	ELECTRON MICROSCOPY	3.1	Active	A		2023-03-22	A		
8F7S	oprd_human	ELECTRON MICROSCOPY	3.0	Active	D	[HOMOMER: chains D, R] [DB TRUNCATION: AI correctly identified chains D, R, but DB requires 1. Auto-selected primary chain D based on: Homomer (2 identical GPCR chains) — Rank 4: Preserving AI's originally correct choice (Chain D)] [WARNING: Ligands are bound to truncated chains R!]	2022-12-14	F	oprd_human	R
8F7W	oprk_human	ELECTRON MICROSCOPY	3.19	Active	R		2022-12-14	A		
8F7X	oprx_human	ELECTRON MICROSCOPY	3.28	Active	R		2022-12-14	A		
8FCZ	opsd_bovin	X-RAY DIFFRACTION	3.7	Inactive	A	[HOMOMER: chains A, B] [DB TRUNCATION: AI correctly identified chains A, B, but DB requires 1. Auto-selected primary chain A based on: Homomer (2 identical GPCR chains) — Rank 4: Preserving AI's originally correct choice (Chain A)] [WARNING: Ligands are bound to truncated chains B!]	2023-08-30	A	opsd_bovin	B
8FEG	oprk_human	ELECTRON MICROSCOPY	2.54	Active	B		2023-12-06	E		
8FLQ	pth1r_human	ELECTRON MICROSCOPY	2.55	Active	R		2023-04-26	F		
8FLR	pth1r_human	ELECTRON MICROSCOPY	2.94	Active	R		2023-04-26	F		
8FLS	pth1r_human	ELECTRON MICROSCOPY	3.09	Active	R		2023-04-26	F		
8FLT	pth1r_human	ELECTRON MICROSCOPY	3.03	Active	R		2023-04-26	F		
8FLU	pth1r_human	ELECTRON MICROSCOPY	2.76	Active	R		2023-04-26	F		
8FN0	ntr1_rat	ELECTRON MICROSCOPY	2.89	Active	A		2023-03-29	A		
8FN1	ntr1_rat	ELECTRON MICROSCOPY	2.88	Active	A		2023-03-29	B		
8FU6	glr_human	ELECTRON MICROSCOPY	2.9	Active	R		2023-04-12	F		
8FY8	5ht1a_human	ELECTRON MICROSCOPY	2.79	Active	R		2024-05-15	D		
8FYE	5ht1a_human	ELECTRON MICROSCOPY	2.85	Active	R		2024-05-15	D		
8FYL	5ht1a_human	ELECTRON MICROSCOPY	2.94	Active	R		2024-05-15	D		
8FYN	aa2ar_human	ELECTRON CRYSTALLOGRAPHY	2.0	Inactive	A		2023-03-08	A		
8FYT	5ht1a_human	ELECTRON MICROSCOPY	2.64	Active	R		2024-05-15	A		
8FYX	5ht1a_human	ELECTRON MICROSCOPY	2.62	Active	R		2024-05-15	D		
8G05	gpr84_human	ELECTRON MICROSCOPY	3.0	Active	R		2023-11-01	A		
8GAG	cnr1_human	ELECTRON MICROSCOPY	3.3	Active	R		2024-02-28	D		
8GCM	pe2r4_human	ELECTRON MICROSCOPY	3.5	Active	R		2024-01-03	E		
8GCP	pe2r4_human	ELECTRON MICROSCOPY	3.1	Active	R		2024-01-03	E		
8GD9	pe2r4_human	ELECTRON MICROSCOPY	3.2	Active	R		2024-01-10	E		
8GDA	pe2r4_human	ELECTRON MICROSCOPY	3.3	Active	R		2024-01-10	E		
8GDB	pe2r4_human	ELECTRON MICROSCOPY	3.1	Active	R		2024-01-10	E		
8GDC	pe2r3_human	ELECTRON MICROSCOPY	3.5	Active	R		2024-01-10	D		
8GDZ	adrb2_human	ELECTRON MICROSCOPY	3.5	Active	R		2024-03-06	D		
8GE1	adrb2_human	ELECTRON MICROSCOPY	3.4	Active	R		2024-03-06	D		
8GE2	adrb2_human	ELECTRON MICROSCOPY	3.3	Active	R		2024-03-06	D		
8GE3	adrb2_human	ELECTRON MICROSCOPY	3.3	Active	R		2024-03-06	D		
8GE4	adrb2_human	ELECTRON MICROSCOPY	3.3	Active	R		2024-03-06	D		
8GE5	adrb2_human	ELECTRON MICROSCOPY	3.2	Active	R		2024-03-06	D		
8GE6	adrb2_human	ELECTRON MICROSCOPY	3.4	Active	R		2024-03-06	D		
8GE7	adrb2_human	ELECTRON MICROSCOPY	3.4	Active	R		2024-03-06	D		
8GE8	adrb2_human	ELECTRON MICROSCOPY	3.4	Active	R		2024-03-06	D		
8GE9	adrb2_human	ELECTRON MICROSCOPY	3.5	Active	R		2024-03-06	D		
8GEA	adrb2_human	ELECTRON MICROSCOPY	3.5	Active	R		2024-03-06	D		
8GEB	adrb2_human	ELECTRON MICROSCOPY	3.6	Active	R		2024-03-06	D		
8GEC	adrb2_human	ELECTRON MICROSCOPY	3.5	Active	R		2024-03-06	D		
8GED	adrb2_human	ELECTRON MICROSCOPY	3.5	Active	R		2024-03-06	D		
8GEE	adrb2_human	ELECTRON MICROSCOPY	3.7	Active	R		2024-03-06	D		
8GEF	adrb2_human	ELECTRON MICROSCOPY	3.8	Active	R		2024-03-06	D		
8GEG	adrb2_human	ELECTRON MICROSCOPY	3.8	Active	R		2024-03-06	D		
8GEH	adrb2_human	ELECTRON MICROSCOPY	4.0	Active	R		2024-03-06	D		
8GEI	adrb2_human	ELECTRON MICROSCOPY	4.1	Active	R		2024-03-06	D		
8GEJ	adrb2_human	ELECTRON MICROSCOPY	4.2	Active	R		2024-03-06	D		
8GFV	adrb2_human	ELECTRON MICROSCOPY	3.1	Active	R		2024-03-06	D		
8GFW	adrb2_human	ELECTRON MICROSCOPY	3.0	Active	R		2024-03-06	D		
8GFX	adrb2_human	ELECTRON MICROSCOPY	3.0	Active	R		2024-03-06	D		
8GFY	adrb2_human	ELECTRON MICROSCOPY	3.0	Active	R	Time-resolved transition intermediate #4 of 20.	2024-03-06	D		
8GFZ	adrb2_human	ELECTRON MICROSCOPY	3.0	Active	R		2024-03-06	D		
8GG0	adrb2_human	ELECTRON MICROSCOPY	2.9	Active	R		2024-03-06	D		
8GG1	adrb2_human	ELECTRON MICROSCOPY	3.0	Active	R		2024-03-06	D		
8GG2	adrb2_human	ELECTRON MICROSCOPY	3.0	Active	R		2024-03-06	D		
8GG3	adrb2_human	ELECTRON MICROSCOPY	3.1	Active	R		2024-03-06	D		
8GG4	adrb2_human	ELECTRON MICROSCOPY	3.2	Active	R		2024-03-06	D		
8GG5	adrb2_human	ELECTRON MICROSCOPY	3.2	Active	R		2024-03-06	D		
8GG6	adrb2_human	ELECTRON MICROSCOPY	3.3	Active	R		2024-03-06	D		
8GG7	adrb2_human	ELECTRON MICROSCOPY	3.3	Active	R		2024-03-06	D		
8GG8	adrb2_human	ELECTRON MICROSCOPY	3.3	Active	R		2024-03-06	D		
8GG9	adrb2_human	ELECTRON MICROSCOPY	3.4	Active	R		2024-03-06	D		
8GGA	adrb2_human	ELECTRON MICROSCOPY	3.5	Active	R		2024-03-06	D		
8GGB	adrb2_human	ELECTRON MICROSCOPY	3.5	Active	R		2024-03-06	D		
8GGC	adrb2_human	ELECTRON MICROSCOPY	3.4	Active	R		2024-03-06	D		
8GGE	adrb2_human	ELECTRON MICROSCOPY	3.5	Active	R		2024-03-06	D		
8GGF	adrb2_human	ELECTRON MICROSCOPY	3.6	Active	R	Transition intermediate #20 of 20 in the GTP-induced Gs activation trajectory.	2024-03-06	D		
8GGI	adrb2_human	ELECTRON MICROSCOPY	3.5	Active	R		2024-03-06	A		
8GGJ	adrb2_human	ELECTRON MICROSCOPY	3.5	Active	R		2024-03-06	A		
8GGK	adrb2_human	ELECTRON MICROSCOPY	3.3	Active	R	Locally refined receptor map (Frame 3 of 20) from a time-resolved cryo-EM trajectory of β2AR-Gs-GTP.	2024-03-06	A		
8GGL	adrb2_human	ELECTRON MICROSCOPY	3.2	Active	R	locally refined receptor structure; transition intermediate #4 of 20; part of a GTP-bound Gs complex dataset	2024-03-06	A		
8GGM	adrb2_human	ELECTRON MICROSCOPY	3.2	Active	R	This is frame #5 of a 20-frame transition trajectory obtained by time-resolved cryo-EM after GTP addition. The coordinates provided in 8GGM represent a local refinement focused on the receptor portion of the complex.	2024-03-06	A		
8GGN	adrb2_human	ELECTRON MICROSCOPY	3.3	Active	R		2024-03-06	A		
8GGO	adrb2_human	ELECTRON MICROSCOPY	3.2	Active	R		2024-03-06	A		
8GGP	adrb2_human	ELECTRON MICROSCOPY	3.2	Active	R	Intermediate #8 of the G protein activation/dissociation trajectory.	2024-03-06	A		
8GGQ	adrb2_human	ELECTRON MICROSCOPY	3.4	Active	R	Transition intermediate #9 of 20; locally refined receptor map.	2024-03-06	A		
8GGR	adrb2_human	ELECTRON MICROSCOPY	3.4	Active	R		2024-03-06	A		
8GGS	adrb2_human	ELECTRON MICROSCOPY	3.5	Active	R		2024-03-06	A		
8GGT	adrb2_human	ELECTRON MICROSCOPY	3.5	Active	R		2024-03-06	A		
8GGU	adrb2_human	ELECTRON MICROSCOPY	3.4	Active	R	Locally refined receptor model (intermediate #13 of 20) from a time-resolved GTP-bound Gs complex.	2024-03-06	A		
8GGV	adrb2_human	ELECTRON MICROSCOPY	3.5	Active	R		2024-03-06	A		
8GGW	adrb2_human	ELECTRON MICROSCOPY	3.6	Active	R		2024-03-06	A		
8GGX	adrb2_human	ELECTRON MICROSCOPY	3.6	Active	R		2024-03-06	A		
8GGY	adrb2_human	ELECTRON MICROSCOPY	3.9	Active	R		2024-03-06	A		
8GGZ	adrb2_human	ELECTRON MICROSCOPY	3.9	Active	R		2024-03-06	A		
8GH0	adrb2_human	ELECTRON MICROSCOPY	4.0	Active	R		2024-03-06	A		
8GH1	adrb2_human	ELECTRON MICROSCOPY	4.1	Active	R		2024-03-06	A		
8GHV	cnr1_human	ELECTRON MICROSCOPY	2.8	Active	D		2023-05-24	D		
8GNE	aa2ar_human	X-RAY DIFFRACTION	2.3	Inactive	A		2023-03-22	A		
8GNG	aa2ar_human	X-RAY DIFFRACTION	3.2	Inactive	A	[HOMOMER: chains A, X] [DB TRUNCATION: AI correctly identified chains A, X, but DB requires 1. Auto-selected primary chain A based on: Homomer (2 identical GPCR chains) — Rank 4: Preserving AI's originally correct choice (Chain A)] [WARNING: Ligands are bound to truncated chains X!]	2023-03-22	A	aa2ar_human	X
8GTG	crhr1_human	X-RAY DIFFRACTION	2.75	Inactive	A		2023-09-13	A		
8GTI	crhr1_human	X-RAY DIFFRACTION	2.2	Inactive	A		2023-09-13	A		
8GUQ	cnr2_human	ELECTRON MICROSCOPY	3.08	Active	R		2023-05-10	D		
8GUR	cnr2_human	ELECTRON MICROSCOPY	2.84	Active	R		2023-05-10	D		
8GUS	cnr2_human	ELECTRON MICROSCOPY	2.97	Active	R		2023-05-10	D		
8GUT	cnr2_human	ELECTRON MICROSCOPY	2.98	Active	R		2023-05-10	D		
8GW8	pth1r_human	ELECTRON MICROSCOPY	2.9	Active	R		2023-06-14	E		
8H2G	hcar2_human	ELECTRON MICROSCOPY	3.01	Active	A		2023-10-11	A		
8H4I	ffar4_human	ELECTRON MICROSCOPY	3.06	Active	R		2023-06-21	E		
8HA0	pth1r_human	ELECTRON MICROSCOPY	2.62	Active	R		2022-12-21	F		
8HBD	ednrb_human	ELECTRON MICROSCOPY	2.99	Active	R		2023-03-22	F		
8HDO	aa2br_human	ELECTRON MICROSCOPY	2.87	Active	R		2023-01-18	E		
8HIX	gpr21_human	ELECTRON MICROSCOPY	3.12	Active	R	Receptor m5 mutant (A118W, C301P, S305A, N308D, V310T) fused with BRIL at the N-terminus.	2023-03-15	E		
8HJ0	gpr21_human	ELECTRON MICROSCOPY	3.12	Active	R		2023-03-15	E		
8HJ1	gpr21_human	ELECTRON MICROSCOPY	3.27	Active	R		2023-12-27	E		
8HJ2	gpr21_human	ELECTRON MICROSCOPY	3.8	Active	R		2023-03-15	D		
8HK2	c3ar_human	ELECTRON MICROSCOPY	2.9	Active	A		2023-05-10	A		
8HK3	c3ar_human	ELECTRON MICROSCOPY	3.2	Active	C		2023-05-10	C		
8HK5	c5ar1_human	ELECTRON MICROSCOPY	3.0	Active	A		2023-05-10	A		
8HMP	gpr52_human	ELECTRON MICROSCOPY	2.77	Active	R		2023-06-21	D		
8HMV	gpr21_human	ELECTRON MICROSCOPY	2.91	Active	A		2023-03-01	A		
8HN8	hrh4_human	ELECTRON MICROSCOPY	3.0	Active	R		2023-12-20	D		
8HNK	cxcr3_human	ELECTRON MICROSCOPY	3.01	Active	R		2023-11-29	D		
8HNL	cxcr3_human	ELECTRON MICROSCOPY	2.98	Active	R		2023-11-29	D		
8HNM	cxcr3_human	ELECTRON MICROSCOPY	2.94	Active	R		2023-11-29	D		
8HNN	cxcr3_human	ELECTRON MICROSCOPY	3.6	Inactive	R		2023-11-29	B		
8HOC	hrh4_human	ELECTRON MICROSCOPY	3.0	Active	R		2023-12-20	D		
8HPT	c5ar1_mouse	ELECTRON MICROSCOPY	3.39	Active	A		2023-10-18	A		
8HQC	c5ar1_mouse	ELECTRON MICROSCOPY	3.89	Active	A		2023-10-18	A		
8HQE	gp132_human	ELECTRON MICROSCOPY	2.97	Active	R		2023-10-11	D		
8HQM	gp132_human	ELECTRON MICROSCOPY	2.95	Active	R		2023-10-11	D		
8HQN	gp132_human	ELECTRON MICROSCOPY	3.0	Active	R		2023-10-11	D		
8HS2	gpr20_human	ELECTRON MICROSCOPY	3.08	Inactive	R		2023-03-08	C		
8HS3	gpr20_human	ELECTRON MICROSCOPY	3.14	Active	R		2023-03-08	D		
8HSC	gpr20_human	ELECTRON MICROSCOPY	3.22	Active	R		2023-03-08	F		
8HVI	gp132_human	ELECTRON MICROSCOPY	3.04	Active	R		2023-10-11	A		
8I2H	fshr_human	ELECTRON MICROSCOPY	6.0	Inactive	A		2023-03-22	A		
8I7V	hcar2_human	ELECTRON MICROSCOPY	2.77	Active	A		2024-02-07	A		
8I7W	hcar2_human	ELECTRON MICROSCOPY	3.39	Active	A		2024-02-07	A		
8I95	c3ar_human	ELECTRON MICROSCOPY	2.88	Active	C		2023-10-18	E		
8I97	c3ar_human	ELECTRON MICROSCOPY	3.19	Active	C		2023-10-18	A		
8I9L	c3ar_human	ELECTRON MICROSCOPY	3.18	Active	C		2023-10-18	E		
8I9S	c3ar_human	ELECTRON MICROSCOPY	3.26	Active	C		2023-10-18	A		
8IA2	c5ar1_human	ELECTRON MICROSCOPY	3.21	Active	A		2023-10-18	A		
8IA8	c3ar_human	ELECTRON MICROSCOPY	2.86	Active	A	Cryo-EM structure of the C3aR-Gi1 complex bound to E7 peptide.	2023-05-24	B		
8IC0	cxcr1_human	ELECTRON MICROSCOPY	3.41	Active	A		2023-07-19	A		
8ID3	ffar4_human	ELECTRON MICROSCOPY	3.1	Active	R		2023-03-15	E		
8ID4	ffar4_human	ELECTRON MICROSCOPY	3.1	Active	R		2023-03-15	A		
8ID6	ffar4_human	ELECTRON MICROSCOPY	2.8	Active	R		2023-03-15	A		
8ID8	ffar4_human	ELECTRON MICROSCOPY	3.0	Active	R		2023-03-15	C		
8ID9	ffar4_human	ELECTRON MICROSCOPY	3.0	Active	R		2023-03-15	E		
8IEB	gp156_human	ELECTRON MICROSCOPY	3.03	Active	A	[HOMOMER: chains A, B] [DB TRUNCATION: AI correctly identified chains A, B, but DB requires 1. Auto-selected primary chain A based on: Homomer (2 identical GPCR chains) — Rank 4: Preserving AI's originally correct choice (Chain A)] [WARNING: Ligands are bound to truncated chains B!]	2024-02-14	A	gp156_human	B
8IED	gp156_human	ELECTRON MICROSCOPY	3.33	Active	B	[HOMOMER: chains A, B] [DB TRUNCATION: AI correctly identified chains A, B, but DB requires 1. Auto-selected primary chain B based on: Homomer (2 identical GPCR chains) — Rank 0: G protein-coupling protomer (structure geometry) on Chain B] [WARNING: Ligands are bound to truncated chains A!]	2024-02-14	B	gp156_human	A
8IEI	gp156_human	ELECTRON MICROSCOPY	2.62	Active	A	[HOMOMER: chains A, B] [DB TRUNCATION: AI correctly identified chains A, B, but DB requires 1. Auto-selected primary chain A based on: Homomer (2 identical GPCR chains) — Rank 4: Preserving AI's originally correct choice (Chain A)] [WARNING: Ligands are bound to truncated chains B!]	2024-02-14	A	gp156_human	B
8IEP	gp156_human	ELECTRON MICROSCOPY	2.61	Active	C	[HOMOMER: chains C, D] [DB TRUNCATION: AI correctly identified chains C, D, but DB requires 1. Auto-selected primary chain C based on: Homomer (2 identical GPCR chains) — Rank 4: Preserving AI's originally correct choice (Chain C)] [WARNING: Ligands are bound to truncated chains D!]	2024-02-14	A	gp156_human	D
8IEQ	gp156_human	ELECTRON MICROSCOPY	2.73	Active	A	[HOMOMER: chains A, B, C, D] [DB TRUNCATION: AI correctly identified chains A, B, C, D, but DB requires 1. Auto-selected primary chain A based on: Homomer (4 identical GPCR chains) — Rank 4: Preserving AI's originally correct choice (Chain A)] [WARNING: Ligands are bound to truncated chains B, C, D!]	2024-02-14	A	gp156_human	B, C, D
8IHB	hcar2_human	ELECTRON MICROSCOPY	2.85	Active	R		2023-09-13	A		
8IHF	hcar2_human	ELECTRON MICROSCOPY	2.97	Active	R		2023-08-30	E		
8IHH	hcar2_human	ELECTRON MICROSCOPY	3.06	Active	R		2023-08-30	A		
8IHI	hcar2_human	ELECTRON MICROSCOPY	3.11	Active	R		2023-08-30	E		
8IHJ	hcar3_human	ELECTRON MICROSCOPY	3.07	Active	R		2023-08-30	A		
8IHK	hcar3_human	ELECTRON MICROSCOPY	3.21	Active	R		2023-08-30	A		
8IJ3	hcar2_human	ELECTRON MICROSCOPY	3.28	Active	A		2024-01-03	A		
8IJA	hcar2_human	ELECTRON MICROSCOPY	2.69	Active	A		2024-01-03	A		
8IJB	hcar2_human	ELECTRON MICROSCOPY	3.23	Active	A		2024-01-03	A		
8IJD	hcar2_human	ELECTRON MICROSCOPY	3.25	Active	A		2024-01-03	A		
8IKG	cnr1_human	ELECTRON MICROSCOPY	3.4	Active	R		2024-06-05	D		
8IKH	cnr1_human	ELECTRON MICROSCOPY	3.3	Active	R		2024-06-05	D		
8IKJ	agre5_human	ELECTRON MICROSCOPY	3.2	Inactive	R		2024-02-14	A		
8IKL	agre5_human	ELECTRON MICROSCOPY	2.33	Active	R		2024-01-24	A		
8INR	mc5r_human	ELECTRON MICROSCOPY	2.73	Active	R		2023-09-20	A		
8IOC	mc3r_human	ELECTRON MICROSCOPY	2.86	Active	R		2023-09-20	C		
8IOD	mc5r_human	ELECTRON MICROSCOPY	2.59	Active	R		2023-09-20	F		
8IRJ	gp179_human	ELECTRON MICROSCOPY	3.49	Inactive	A	[HOMOMER: chains A, B] [DB TRUNCATION: AI correctly identified chains A, B, but DB requires 1. Auto-selected primary chain A based on: Homomer (2 identical GPCR chains) — Rank 4: Preserving AI's originally correct choice (Chain A)]	2024-09-18	A	gp179_human	B
8IRR	drd1_human	ELECTRON MICROSCOPY	3.2	Active	R		2023-06-21	E		
8IRS	drd2_human	ELECTRON MICROSCOPY	3.0	Active	R		2023-06-07	E		
8IRT	drd3_human	ELECTRON MICROSCOPY	2.7	Active	R		2023-06-07	E		
8IRV	drd5_human	ELECTRON MICROSCOPY	3.1	Active	R		2023-06-07	D		
8ITF	taar9_mouse	ELECTRON MICROSCOPY	3.46	Active	R		2023-05-31	D		
8IU2	opsr_human	ELECTRON MICROSCOPY	3.35	Active	R		2024-03-27	A		
8IW4	taar9_mouse	ELECTRON MICROSCOPY	3.49	Active	R		2023-05-31	D		
8IW7	taar9_mouse	ELECTRON MICROSCOPY	2.97	Active	R		2023-05-31	A		
8IWE	taar9_mouse	ELECTRON MICROSCOPY	3.4	Active	R		2023-05-31	A		
8IWM	taar9_mouse	ELECTRON MICROSCOPY	3.17	Active	R		2023-05-31	A		
8IY5	ednrb_human	ELECTRON MICROSCOPY	2.8	Active	R		2023-08-16	E		
8IY6	ednrb_human	ELECTRON MICROSCOPY	3.13	Active	R		2023-08-16	A		
8IY9	hcar2_human	ELECTRON MICROSCOPY	3.37	Active	R		2024-03-06	E		
8IYH	hcar2_human	ELECTRON MICROSCOPY	3.3	Active	D		2024-03-06	C		
8IYS	ffar4_human	ELECTRON MICROSCOPY	2.95	Active	R		2023-06-21	E		
8IYW	hcar2_human	ELECTRON MICROSCOPY	3.45	Active	R		2024-03-06	E		
8IYX	gpr34_human	ELECTRON MICROSCOPY	3.34	Inactive	C		2024-03-20	A		
8J18	gpr84_human	ELECTRON MICROSCOPY	2.89	Active	R		2023-06-21	D		
8J19	gpr84_human	ELECTRON MICROSCOPY	3.23	Active	R		2023-06-21	A		
8J1A	gpr84_human	ELECTRON MICROSCOPY	3.24	Active	R		2023-06-21	D		
8J20	ffar3_human	ELECTRON MICROSCOPY	3.2	Active	D		2024-01-24	D		
8J21	ffar3_human	ELECTRON MICROSCOPY	3.3	Active	D		2024-01-24	D		
8J22	ffar2_human	ELECTRON MICROSCOPY	3.2	Active	C		2024-01-24	C		
8J23	ffar2_human	ELECTRON MICROSCOPY	3.2	Active	A	Apo state receptor coupled to Gi protein.	2024-04-17	A		
8J24	ffar2_human	ELECTRON MICROSCOPY	2.6	Active	D		2024-01-24	C		
8J6D	c3ar_human	ELECTRON MICROSCOPY	3.1	Active	C		2023-10-18	C		
8J6I	hcar2_human	ELECTRON MICROSCOPY	2.92	Active	R		2024-04-03	A		
8J6J	hcar2_human	ELECTRON MICROSCOPY	2.8	Active	R		2024-01-10	E		
8J6L	hcar2_human	ELECTRON MICROSCOPY	3.05	Active	R		2024-04-03	E		
8J6P	hcar2_human	ELECTRON MICROSCOPY	2.55	Active	R		2023-12-06	E		
8J6Q	hcar2_human	ELECTRON MICROSCOPY	2.6	Active	R		2023-12-06	E		
8J6R	hcar2_human	ELECTRON MICROSCOPY	2.76	Active	R		2023-12-06	E		
8J9O	fzd1_human	ELECTRON MICROSCOPY	3.4	Inactive	A		2024-01-17	A		
8JCV	grm2_human	ELECTRON MICROSCOPY	3.4	Inactive	2	[HETEROMER: chains 2, 3] [DB TRUNCATION: AI correctly identified chains 2, 3, but DB requires 1. Auto-selected primary chain 2 based on: Rank 4: Preserving AI's originally correct choice (Chain 2)] [WARNING: Ligands are bound to truncated chains 3!]	2023-06-21	A	grm3_human	3
8JCW	grm2_human	ELECTRON MICROSCOPY	3.0	Inactive	2	[HETEROMER: chains 2, 3] [DB TRUNCATION: AI correctly identified chains 2, 3, but DB requires 1. Auto-selected primary chain 2 based on: Rank 4: Preserving AI's originally correct choice (Chain 2)] [WARNING: Ligands are bound to truncated chains 3!]	2023-06-21	A	grm3_human	3
8JCY	grm2_human	ELECTRON MICROSCOPY	2.9	Inactive	2	[HETEROMER: chains 2, 3] [DB TRUNCATION: AI correctly identified chains 2, 3, but DB requires 1. Auto-selected primary chain 2 based on: Rank 4: Preserving AI's originally correct choice (Chain 2)] [WARNING: Ligands are bound to truncated chains 3!]	2023-06-21	A	grm3_human	3
8JCZ	grm2_human	ELECTRON MICROSCOPY	3.0	Inactive	2	[HETEROMER: chains 2, 3] [DB TRUNCATION: AI correctly identified chains 2, 3, but DB requires 1. Auto-selected primary chain 2 based on: Rank 4: Preserving AI's originally correct choice (Chain 2)] [WARNING: Ligands are bound to truncated chains 3!]	2023-06-21	A	grm3_human	3
8JD0	grm2_human	ELECTRON MICROSCOPY	3.3	Intermediate	2	[HETEROMER: chains 2, 3] [DB TRUNCATION: AI correctly identified chains 2, 3, but DB requires 1. Auto-selected primary chain 2 based on: Rank 4: Preserving AI's originally correct choice (Chain 2)] [WARNING: Ligands are bound to truncated chains 3!]	2023-06-21	A	grm3_human	3
8JD1	grm2_human	ELECTRON MICROSCOPY	3.7	Intermediate	3	[HETEROMER: chains 2, 3] [DB TRUNCATION: AI correctly identified chains 2, 3, but DB requires 1. Auto-selected primary chain 3 based on: Rank 2: Ligand binds exclusively to GPCR Chain 3] [WARNING: Ligands are bound to truncated chains 2!]	2023-06-21	B	grm2_human	2
8JD2	grm2_human	ELECTRON MICROSCOPY	2.8	Active	2	[HETEROMER: chains 2, 3] [DB TRUNCATION: AI correctly identified chains 2, 3, but DB requires 1. Auto-selected primary chain 2 based on: Rank 4: Preserving AI's originally correct choice (Chain 2)] [WARNING: Ligands are bound to truncated chains 3!]	2023-06-21	A	grm3_human	3
8JD4	grm2_human	ELECTRON MICROSCOPY	2.9	Active	2	[HETEROMER: chains 2, 4] [DB TRUNCATION: AI correctly identified chains 2, 4, but DB requires 1. Auto-selected primary chain 2 based on: Rank 4: Preserving AI's originally correct choice (Chain 2)] [WARNING: Ligands are bound to truncated chains 4!]	2023-06-21	A	grm4_human	4
8JD6	grm4_human	ELECTRON MICROSCOPY	3.4	Active	R	[HOMOMER: chains R, S] [DB TRUNCATION: AI correctly identified chains R, S, but DB requires 1. Auto-selected primary chain R based on: Homomer (2 identical GPCR chains) — Rank 0: G protein-coupling protomer (structure geometry) on Chain R] [WARNING: Ligands are bound to truncated chains S!]	2023-06-21	B	grm4_human	S
8JEF	hcar3_human	ELECTRON MICROSCOPY	2.96	Active	A		2024-12-18	A		
8JEI	hcar3_human	ELECTRON MICROSCOPY	2.73	Active	A		2024-11-20	E		
8JER	hcar2_human	ELECTRON MICROSCOPY	3.45	Active	R		2024-03-06	C		
8JGB	mrgx1_human	ELECTRON MICROSCOPY	2.84	Active	R		2024-01-10	E		
8JGG	mrgx1_human	ELECTRON MICROSCOPY	3.0	Active	R		2024-01-10	F		
8JH7	fzd6_human	ELECTRON MICROSCOPY	3.2	Inactive	D		2024-01-17	D		
8JHC	fzd3_human	ELECTRON MICROSCOPY	3.3	Inactive	R		2024-01-17	A		
8JHN	hcar2_human	ELECTRON MICROSCOPY	3.75	Active	D		2024-03-06	C		
8JHY	hcar2_human	ELECTRON MICROSCOPY	2.87	Active	A		2023-09-06	E		
8JII	hcar2_human	ELECTRON MICROSCOPY	3.17	Active	A		2023-09-06	E		
8JIL	hcar2_human	ELECTRON MICROSCOPY	3.5	Active	A		2023-09-06	E		
8JIM	hcar2_human	ELECTRON MICROSCOPY	2.98	Active	E		2023-09-06	E		
8JIQ	glr_human	ELECTRON MICROSCOPY	3.4	Active	R		2023-09-13	F		
8JIS	glp1r_human	ELECTRON MICROSCOPY	2.46	Active	R		2023-11-08	F		
8JIU	glr_human	ELECTRON MICROSCOPY	2.76	Active	R		2023-09-13	F		
8JJ8	adrb2_human	ELECTRON MICROSCOPY	3.2	Intermediate	F		2023-09-06	A		
8JJL	adrb2_human	ELECTRON MICROSCOPY	3.2	Inactive	A		2023-09-06	A		
8JJO	adrb2_human	ELECTRON MICROSCOPY	3.4	Inactive	F		2023-09-06	A		
8JJP	cml2_human	ELECTRON MICROSCOPY	2.9	Active	A		2024-08-21	A		
8JLO	taar1_human	ELECTRON MICROSCOPY	3.52	Active	R		2023-11-15	C		
8JLZ	5ht6r_human	ELECTRON MICROSCOPY	3.09	Active	R		2023-06-28	E		
8JMT	agrl3_human	ELECTRON MICROSCOPY	3.36	Inactive	A		2023-09-06	A		
8JPF	ntr1_human	ELECTRON MICROSCOPY	3.02	Active	R		2023-08-09	B		
8JPN	sucr1_human	ELECTRON MICROSCOPY	2.9	Active	R		2024-05-22	D		
8JPS	ackr1_human	ELECTRON MICROSCOPY	3.65	Other	A	[HOMOMER: chains A, B] [DB TRUNCATION: AI correctly identified chains A, B, but DB requires 1. Auto-selected primary chain A based on: Homomer (2 identical GPCR chains) — Rank 4: Preserving AI's originally correct choice (Chain A)]	2024-07-31	C	ackr1_human	B
8JR9	pth1r_human	ELECTRON MICROSCOPY	2.57	Active	R		2023-08-02	E		
8JRU	glr_human	ELECTRON MICROSCOPY	3.5	Active	R		2023-08-16	A		
8JSP	5ht1a_human	ELECTRON MICROSCOPY	3.65	Active	R		2023-11-15	E		
8JT6	5ht1a_human	ELECTRON MICROSCOPY	3.0	Active	R		2024-02-28	E		
8JT8	5ht2a_human	X-RAY DIFFRACTION	2.7	Inactive	A		2024-02-28	A		
8JWY	aa2ar_human	X-RAY DIFFRACTION	2.33	Inactive	A		2023-08-16	A		
8JWZ	aa2ar_human	X-RAY DIFFRACTION	2.37	Inactive	A		2023-08-16	A		
8JXT	hrh4_human	ELECTRON MICROSCOPY	3.07	Active	R		2024-03-20	E		
8JXV	hrh4_human	ELECTRON MICROSCOPY	3.21	Active	R		2024-03-20	E		
8JXW	hrh4_human	ELECTRON MICROSCOPY	3.01	Active	R		2024-03-20	E		
8JXX	hrh4_human	ELECTRON MICROSCOPY	3.06	Active	R	Engineered receptor with ICL3 deletion (residues 215-286).	2024-03-20	A		
8JZ7	hcar2_human	ELECTRON MICROSCOPY	2.6	Active	A		2023-10-04	E		
8JZP	c5ar1_human	ELECTRON MICROSCOPY	3.45	Active	A		2025-01-15	A		
8JZZ	c5ar1_human	ELECTRON MICROSCOPY	3.31	Active	A		2023-10-18	E		
8K2W	cxcr3_human	ELECTRON MICROSCOPY	3.0	Inactive	R		2023-11-29	B		
8K2X	cxcr3_human	ELECTRON MICROSCOPY	3.2	Active	R		2023-11-29	D		
8K4N	gpr34_human	ELECTRON MICROSCOPY	2.83	Active	D		2023-10-25	E		
8K4O	vgpcr_hhv8p	ELECTRON MICROSCOPY	3.01	Active	E		2024-07-24	A		
8K4P	vgpcr_hhv8p	ELECTRON MICROSCOPY	2.81	Active	A		2024-07-24	B		
8K5B	hcar2_human	ELECTRON MICROSCOPY	3.43	Active	A		2023-11-22	A		
8K5C	hcar2_human	ELECTRON MICROSCOPY	3.13	Active	A		2023-11-22	A		
8K5D	hcar2_human	ELECTRON MICROSCOPY	3.74	Active	A	Local refinement of the receptor from the GSK256073-bound HCAR2-Gi-scFv16 signaling complex.	2023-11-22	A		
8K6M	npy1r_human	ELECTRON MICROSCOPY	3.3	Active	D		2024-07-31	D		
8K6N	npy2r_human	ELECTRON MICROSCOPY	3.2	Active	E		2024-07-31	E		
8K6O	npy1r_human	ELECTRON MICROSCOPY	3.3	Active	D		2024-07-31	D		
8K9L	oprm_human	ELECTRON MICROSCOPY	3.05	Active	R		2024-05-29	A		
8KEX	mrgx4_human	ELECTRON MICROSCOPY	3.2	Active	E		2024-11-06	A		
8KFX	ccr8_human	ELECTRON MICROSCOPY	2.96	Active	R		2024-02-07	D		
8KFY	ccr8_human	ELECTRON MICROSCOPY	3.06	Active	R		2024-02-07	D		
8KFZ	ccr8_human	ELECTRON MICROSCOPY	3.3	Active	R		2024-02-07	A		
8KGG	p2y10_human	ELECTRON MICROSCOPY	3.06	Active	R		2024-07-31	E		
8KGK	gpr61_human	ELECTRON MICROSCOPY	3.16	Active	A		2023-10-11	A		
8KH4	gp161_human	ELECTRON MICROSCOPY	3.1	Active	A		2023-10-11	A		
8KH5	gp174_human	ELECTRON MICROSCOPY	2.83	Active	A		2023-10-18	A		
8P12	opsd_bovin	ELECTRON MICROSCOPY	3.21	Active	R		2024-11-20	A		
8P13	opsd_bovin	ELECTRON MICROSCOPY	5.2	Active	R	Structure of the rhodopsin-Gi signaling complex stabilized by scFv16 and Fab79 (Conformation 1).	2024-11-20	A		
8P15	opsd_bovin	ELECTRON MICROSCOPY	5.9	Active	R		2024-11-20	A		
8PKM	5ht1a_human	ELECTRON MICROSCOPY	2.9	Active	R		2024-05-29	D		
8PM2	taa7f_mouse	ELECTRON MICROSCOPY	2.92	Active	R		2023-08-09	E		
8POK	hrh2_human	ELECTRON MICROSCOPY	3.4	Active	A		2024-03-06	A		
8PWN	aa2ar_human	X-RAY DIFFRACTION	2.4	Inactive	A		2023-10-25	A		
8QJ2	mc4r_human	ELECTRON MICROSCOPY	3.4	Active	A		2024-09-25	E		
8QOT	oprm_mouse	ELECTRON MICROSCOPY	3.2	Inactive	A		2023-12-27	A		
8QW4	fzd3_human	ELECTRON MICROSCOPY	2.9	Active	A		2024-09-04	A		
8RLN	aa2ar_human	X-RAY DIFFRACTION	2.43	Inactive	A		2024-06-19	A		
8RQQ	aa2ar_human	X-RAY DIFFRACTION	2.37	Inactive	A		2024-04-03	A		
8RVW	aa2ar_human	X-RAY DIFFRACTION	2.65	Inactive	A	StilSwitch3 steady state dark structure determined by serial synchrotron crystallography.	2025-01-08	A		
8RW0	aa2ar_human	X-RAY DIFFRACTION	1.94	Inactive	A		2025-01-08	A		
8RW4	aa2ar_human	X-RAY DIFFRACTION	2.2	Inactive	A		2025-01-08	A		
8RW7	aa2ar_human	X-RAY DIFFRACTION	2.25	Inactive	A		2025-01-08	A		
8RWC	aa2ar_human	X-RAY DIFFRACTION	2.31	Inactive	A		2025-01-08	A		
8RWD	aa2ar_human	X-RAY DIFFRACTION	2.05	Inactive	A		2025-01-08	A		
8RWE	aa2ar_human	X-RAY DIFFRACTION	2.2	Inactive	A		2025-01-08	A		
8RWH	aa2ar_human	X-RAY DIFFRACTION	2.45	Inactive	A		2025-01-08	A		
8RWX	aa2ar_human	X-RAY DIFFRACTION	3.05	Inactive	A		2025-01-08	A		
8S2T	adrb1_human	ELECTRON MICROSCOPY	3.3	Active	R		2025-05-21	E		
8SAI	gpr34_human	ELECTRON MICROSCOPY	3.27	Active	A		2023-10-04	A		
8SG1	cml1_human	ELECTRON MICROSCOPY	2.94	Active	R		2023-11-01	A		
8SMV	gp161_human	ELECTRON MICROSCOPY	2.74	Active	R		2024-02-21	A		
8T1V	gpr6_human	X-RAY DIFFRACTION	2.6	Inactive	A	Structure features a N-terminal truncation (delta 1-47), bRIL fusion in ICL3, and six point mutations (C123 2.55L, A173 ECL2P, G279 6.35R, S291 6.47C, Y320 7.44L, and C345 8.59D).	2024-12-04	A		
8T1W	gpr6_human	X-RAY DIFFRACTION	3.49	Inactive	A		2024-12-04	A		
8T6J	grm5_human	ELECTRON MICROSCOPY	3.5	Inactive	A	[HOMOMER: chains A, B] [DB TRUNCATION: AI correctly identified chains A, B, but DB requires 1. Auto-selected primary chain A based on: Homomer (2 identical GPCR chains) — Rank 4: Preserving AI's originally correct choice (Chain A)] [WARNING: Ligands are bound to truncated chains B!]	2023-10-11	B	grm5_human	B
8T7H	grm5_human	ELECTRON MICROSCOPY	3.3	Intermediate	A	[HOMOMER: chains A, B] [DB TRUNCATION: AI correctly identified chains A, B, but DB requires 1. Auto-selected primary chain A based on: Homomer (2 identical GPCR chains) — Rank 4: Preserving AI's originally correct choice (Chain A)] [WARNING: Ligands are bound to truncated chains B!]	2023-10-11	A	grm5_human	B
8T8M	grm5_human	ELECTRON MICROSCOPY	3.0	Active	A	[HOMOMER: chains A, B] [DB TRUNCATION: AI correctly identified chains A, B, but DB requires 1. Auto-selected primary chain A based on: Homomer (2 identical GPCR chains) — Rank 4: Preserving AI's originally correct choice (Chain A)] [WARNING: Ligands are bound to truncated chains B!]	2023-10-11	A	grm5_human	B
8TAO	grm5_human	ELECTRON MICROSCOPY	2.9	Active	B	[HOMOMER: chains A, B] [DB TRUNCATION: AI correctly identified chains A, B, but DB requires 1. Auto-selected primary chain B based on: Homomer (2 identical GPCR chains) — Rank 2: Ligand binds exclusively to GPCR Chain B] [WARNING: Ligands are bound to truncated chains A!]	2023-10-11	B	grm5_human	A
8TB7	gpr61_human	ELECTRON MICROSCOPY	2.94	Inactive	R		2023-10-04	A		
8TH4	agtr1_human	ELECTRON MICROSCOPY	3.3	Inactive	A		2024-05-22	A		
8TLM	ccr8_human	ELECTRON MICROSCOPY	2.9	Inactive	C		2023-12-20	C		
8TQB	grm3_rat	ELECTRON MICROSCOPY	3.3	Active	A	mGluR3 bound to a super-agonist and a PAM. PAM VU6023326 was present in the sample but not modeled due to resolution. [HOMOMER: chains A, B] [DB TRUNCATION: AI correctly identified chains A, B, but DB requires 1. Auto-selected primary chain A based on: Homomer (2 identical GPCR chains) — Rank 4: Preserving AI's originally correct choice (Chain A)] [WARNING: Ligands are bound to truncated chains B!]	2024-07-31	A	grm3_rat	B
8TR0	grm3_rat	ELECTRON MICROSCOPY	3.2	Inactive	A	[HOMOMER: chains A, B] [DB TRUNCATION: AI correctly identified chains A, B, but DB requires 1. Auto-selected primary chain A based on: Homomer (2 identical GPCR chains) — Rank 4: Preserving AI's originally correct choice (Chain A)] [WARNING: Ligands are bound to truncated chains B!]	2024-07-31	A	grm3_rat	B
8TR2	grm3_rat	ELECTRON MICROSCOPY	3.5	Active	A	[HOMOMER: chains A, B] [DB TRUNCATION: AI correctly identified chains A, B, but DB requires 1. Auto-selected primary chain A based on: Homomer (2 identical GPCR chains) — Rank 4: Preserving AI's originally correct choice (Chain A)] [WARNING: Ligands are bound to truncated chains B!]	2024-07-31	A	grm3_rat	B
8TRC	grm3_rat	ELECTRON MICROSCOPY	3.3	Inactive	A	[HOMOMER: chains A, B] [DB TRUNCATION: AI correctly identified chains A, B, but DB requires 1. Auto-selected primary chain A based on: Homomer (2 identical GPCR chains) — Rank 4: Preserving AI's originally correct choice (Chain A)] [WARNING: Ligands are bound to truncated chains B!]	2024-07-31	A	grm3_rat	B
8TRD	grm3_rat	ELECTRON MICROSCOPY	3.4	Inactive	A	[HOMOMER: chains A, B] [DB TRUNCATION: AI correctly identified chains A, B, but DB requires 1. Auto-selected primary chain A based on: Homomer (2 identical GPCR chains) — Rank 4: Preserving AI's originally correct choice (Chain A)] [WARNING: Ligands are bound to truncated chains B!]	2024-07-31	A	grm3_rat	B
8TYW	gpr6_human	ELECTRON MICROSCOPY	3.43	Active	A		2024-12-04	A		
8TZQ	drd2_human	ELECTRON MICROSCOPY	3.2	Active	R		2024-08-21	D		
8U02	drd2_human	ELECTRON MICROSCOPY	3.28	Active	R		2024-08-21	A		
8U1U	ccr8_human	ELECTRON MICROSCOPY	3.1	Active	A		2023-12-20	A		
8U26	nk1r_human	ELECTRON MICROSCOPY	2.5	Active	R		2023-11-15	E		
8U4N	cxcr4_human	ELECTRON MICROSCOPY	2.72	Active	R		2024-03-13	D		
8U4O	cxcr4_human	ELECTRON MICROSCOPY	3.29	Active	R		2024-03-13	A		
8U4P	cxcr4_human	ELECTRON MICROSCOPY	3.15	Active	R		2024-03-13	D		
8U4Q	cxcr4_human	ELECTRON MICROSCOPY	3.36	Active	R		2024-03-13	C		
8U4R	cxcr4_human	ELECTRON MICROSCOPY	3.1	Inactive	R		2024-03-13	C		
8U4T	cxcr4_human	ELECTRON MICROSCOPY	3.38	Inactive	A	[HOMOMER: chains AA, I, Q, R] [DB TRUNCATION: AI correctly identified chains AA, I, Q, R, but DB requires 1. Auto-selected primary chain AA based on: Homomer (4 identical GPCR chains) — Rank 4: Preserving AI's originally correct choice (Chain AA)] [WARNING: Ligands are bound to truncated chains I, Q, R!]	2024-03-13	L	cxcr4_human	I, Q, R
8U8F	gpr3_human	ELECTRON MICROSCOPY	3.49	Active	R		2024-03-06	D		
8UGW	aa2ar_human	X-RAY DIFFRACTION	3.9	Active	A		2024-12-18	A		
8UGY	5ht1e_human	ELECTRON MICROSCOPY	3.31	Active	R		2024-05-01	D		
8UH3	5ht1e_human	ELECTRON MICROSCOPY	3.31	Active	D		2024-05-01	C		
8UNL	adrb2_human	ELECTRON MICROSCOPY	3.3	Active	R		2024-03-06	D		
8UNM	adrb2_human	ELECTRON MICROSCOPY	3.4	Active	R		2024-03-06	D		
8UNN	adrb2_human	ELECTRON MICROSCOPY	3.4	Active	R		2024-03-06	D		
8UNO	adrb2_human	ELECTRON MICROSCOPY	3.3	Active	R	Class D intermediate snapshot of the G protein activation trajectory.	2024-03-06	D		
8UNP	adrb2_human	ELECTRON MICROSCOPY	3.3	Active	R		2024-03-06	D		
8UNQ	adrb2_human	ELECTRON MICROSCOPY	3.3	Active	R		2024-03-06	D		
8UNR	adrb2_human	ELECTRON MICROSCOPY	3.4	Active	R		2024-03-06	D		
8UNS	adrb2_human	ELECTRON MICROSCOPY	3.4	Active	R		2024-03-06	D		
8UNT	adrb2_human	ELECTRON MICROSCOPY	3.4	Active	R		2024-03-06	D		
8UNU	adrb2_human	ELECTRON MICROSCOPY	3.5	Active	R		2024-03-06	D		
8UNV	adrb2_human	ELECTRON MICROSCOPY	3.3	Active	R		2024-03-06	D		
8UNW	adrb2_human	ELECTRON MICROSCOPY	3.4	Active	R		2024-03-06	D		
8UNX	adrb2_human	ELECTRON MICROSCOPY	3.6	Active	R		2024-03-06	D		
8UNY	adrb2_human	ELECTRON MICROSCOPY	3.6	Active	R		2024-03-06	D		
8UNZ	adrb2_human	ELECTRON MICROSCOPY	3.8	Active	R		2024-03-06	D		
8UO0	adrb2_human	ELECTRON MICROSCOPY	3.5	Active	R		2024-03-06	D		
8UO1	adrb2_human	ELECTRON MICROSCOPY	3.6	Active	R		2024-03-06	D		
8UO2	adrb2_human	ELECTRON MICROSCOPY	3.6	Active	R		2024-03-06	D		
8UO3	adrb2_human	ELECTRON MICROSCOPY	3.5	Active	R		2024-03-06	D		
8UO4	adrb2_human	ELECTRON MICROSCOPY	4.0	Active	R		2024-03-06	D		
8UTD	hcar2_human	ELECTRON MICROSCOPY	3.24	Active	R		2025-02-26	A		
8UUJ	hcar2_mouse	ELECTRON MICROSCOPY	2.62	Active	R		2025-02-26	C		
8VHF	gp119_human	ELECTRON MICROSCOPY	3.51	Active	R		2024-10-30	E		
8VVE	oprk_human	ELECTRON MICROSCOPY	3.3	Intermediate	A		2025-01-15	A		
8VVF	oprk_human	ELECTRON MICROSCOPY	3.0	Active	A		2025-01-15	A		
8VY7	t2r14_human	ELECTRON MICROSCOPY	2.68	Active	R		2024-04-03	E		
8W1A	vgpcr_hhv8p	ELECTRON MICROSCOPY	2.89	Inactive	A	[HOMOMER: chains A, B] [DB TRUNCATION: AI correctly identified chains A, B, but DB requires 1. Auto-selected primary chain A based on: Homomer (2 identical GPCR chains) — Rank 4: Preserving AI's originally correct choice (Chain A)]	2025-08-27	A	vgpcr_hhv8p	B
8W1Z	g5eg04_caeel	ELECTRON MICROSCOPY	3.79	Inactive	B	[HOMOMER: chains A, B] [DB TRUNCATION: AI correctly identified chains A, B, but DB requires 1. Auto-selected primary chain B based on: Homomer (2 identical GPCR chains) — Rank 2: Ligand binds exclusively to GPCR Chain B]	2025-12-24	B	g5eg04_caeel	A
8W87	taar1_human	ELECTRON MICROSCOPY	2.8	Active	R		2023-11-22	E		
8W88	taar1_human	ELECTRON MICROSCOPY	2.6	Active	R		2023-11-22	E		
8W89	taar1_human	ELECTRON MICROSCOPY	3.0	Active	R		2023-11-22	E		
8W8A	taar1_human	ELECTRON MICROSCOPY	2.8	Active	R		2023-11-22	E		
8W8B	5ht1a_human	ELECTRON MICROSCOPY	3.0	Active	R		2023-11-22	E		
8W8Q	gp101_human	ELECTRON MICROSCOPY	2.89	Active	C		2024-01-03	A		
8W8S	gp101_human	ELECTRON MICROSCOPY	3.3	Active	R	Locally refined receptor-ligand complex	2024-01-03	A		
8W8W	mc3r_human	ELECTRON MICROSCOPY	2.9	Active	R		2025-03-19	A		
8W8Y	mc3r_human	ELECTRON MICROSCOPY	2.9	Active	R		2025-03-19	A		
8WC3	taar1_mouse	ELECTRON MICROSCOPY	3.0	Active	R		2023-12-27	C		
8WC4	taar1_mouse	ELECTRON MICROSCOPY	3.1	Active	R		2023-12-27	C		
8WC5	taar1_mouse	ELECTRON MICROSCOPY	3.3	Active	R		2023-12-27	C		
8WC6	taar1_mouse	ELECTRON MICROSCOPY	3.2	Active	R		2023-12-27	D		
8WC7	taar1_mouse	ELECTRON MICROSCOPY	3.1	Active	R		2023-12-27	C		
8WC8	taar1_human	ELECTRON MICROSCOPY	2.9	Active	R		2023-12-27	C		
8WCC	taar1_mouse	ELECTRON MICROSCOPY	3.04	Active	R		2023-12-27	A		
8WDT	aa2ar_human	X-RAY DIFFRACTION	3.34	Active	A		2024-01-17	A		
8WG7	glp1r_human	ELECTRON MICROSCOPY	2.54	Active	R		2024-03-06	E		
8WKY	mc4r_human	X-RAY DIFFRACTION	2.9	Inactive	A		2024-08-07	A		
8WKZ	mc4r_human	X-RAY DIFFRACTION	3.3	Inactive	A		2024-08-07	A		
8WOG	sucr1_human	ELECTRON MICROSCOPY	2.97	Active	A		2024-09-11	A		
8WP1	sucr1_human	ELECTRON MICROSCOPY	3.15	Active	A		2024-09-11	A		
8WSS	mchr1_human	ELECTRON MICROSCOPY	3.01	Active	R		2024-06-19	F		
8WU1	cnr1_human	ELECTRON MICROSCOPY	3.2	Active	R		2024-03-20	D		
8WVV	lgr4_human	ELECTRON MICROSCOPY	3.35	Inactive	A		2024-10-30	A		
8WVW	lgr4_human	ELECTRON MICROSCOPY	3.53	Inactive	A		2024-10-30	A		
8WVX	lgr4_human	ELECTRON MICROSCOPY	3.32	Active	A	[HOMOMER: chains A, B] [DB TRUNCATION: AI correctly identified chains A, B, but DB requires 1. Auto-selected primary chain A based on: Homomer (2 identical GPCR chains) — Rank 4: Preserving AI's originally correct choice (Chain A)]	2024-10-30	A	lgr4_human	B
8WVY	lgr4_human	ELECTRON MICROSCOPY	3.29	Active	A		2024-10-30	A		
8WWI	mchr1_human	ELECTRON MICROSCOPY	3.43	Active	R	MCHR1-Gi complex, S3 state	2024-11-13	E		
8WWJ	mchr1_human	ELECTRON MICROSCOPY	3.03	Active	R		2024-11-13	E		
8WWK	mchr1_human	ELECTRON MICROSCOPY	2.61	Active	R		2024-11-13	E		
8WWL	mchr1_human	ELECTRON MICROSCOPY	2.78	Active	R		2024-11-13	E		
8WWM	mchr1_human	ELECTRON MICROSCOPY	2.81	Active	R		2024-11-13	E		
8WWN	mchr1_human	ELECTRON MICROSCOPY	2.65	Active	R		2024-11-13	E		
8X0B	grm5_human	ELECTRON MICROSCOPY	3.1	Active	A	Thermostabilized mutant (mGlu5-5M) containing five mutations (T742A, S753A, T777A, I799A, A813L) and a C-terminal truncation after A856. [HOMOMER: chains A, B] [DB TRUNCATION: AI correctly identified chains A, B, but DB requires 1. Auto-selected primary chain A based on: Homomer (2 identical GPCR chains) — Rank 4: Preserving AI's originally correct choice (Chain A)] [WARNING: Ligands are bound to truncated chains B!]	2024-11-06	A	grm5_human	B
8X0C	grm5_human	ELECTRON MICROSCOPY	3.2	Active	A	Thermostabilized mGlu5-5M construct with five mutations (T742A, S753A, T777A, I799A, A813L) and truncated at residue A856. Conformer 1 from dataset 2. [HOMOMER: chains A, B] [DB TRUNCATION: AI correctly identified chains A, B, but DB requires 1. Auto-selected primary chain A based on: Homomer (2 identical GPCR chains) — Rank 4: Preserving AI's originally correct choice (Chain A)] [WARNING: Ligands are bound to truncated chains B!]	2024-11-06	A	grm5_human	B
8X0D	grm5_human	ELECTRON MICROSCOPY	3.5	Active	A	[HOMOMER: chains A, B] [DB TRUNCATION: AI correctly identified chains A, B, but DB requires 1. Auto-selected primary chain A based on: Homomer (2 identical GPCR chains) — Rank 4: Preserving AI's originally correct choice (Chain A)] [WARNING: Ligands are bound to truncated chains B!]	2024-11-06	A	grm5_human	B
8X0E	grm5_human	ELECTRON MICROSCOPY	3.4	Active	A	[HOMOMER: chains A, B] [DB TRUNCATION: AI correctly identified chains A, B, but DB requires 1. Auto-selected primary chain A based on: Homomer (2 identical GPCR chains) — Rank 4: Preserving AI's originally correct choice (Chain A)] [WARNING: Ligands are bound to truncated chains B!]	2024-11-06	A	grm5_human	B
8X0G	grm5_human	ELECTRON MICROSCOPY	3.0	Active	A	[HOMOMER: chains A, B] [DB TRUNCATION: AI correctly identified chains A, B, but DB requires 1. Auto-selected primary chain A based on: Homomer (2 identical GPCR chains) — Rank 4: Preserving AI's originally correct choice (Chain A)] [WARNING: Ligands are bound to truncated chains B!]	2024-11-06	A	grm5_human	B
8X0H	grm5_human	ELECTRON MICROSCOPY	4.1	Intermediate	A	[HOMOMER: chains A, B] [DB TRUNCATION: AI correctly identified chains A, B, but DB requires 1. Auto-selected primary chain A based on: Homomer (2 identical GPCR chains) — Rank 4: Preserving AI's originally correct choice (Chain A)] [WARNING: Ligands are bound to truncated chains B!]	2024-11-06	A	grm5_human	B
8X2K	gpr3_human	ELECTRON MICROSCOPY	3.03	Active	A		2024-04-03	A		
8X3L	cnr2_human	ELECTRON MICROSCOPY	3.13	Active	R		2024-11-20	D		
8X5X	hrh1_human	ELECTRON MICROSCOPY	3.5	Inactive	B		2024-01-17	A		
8X5Y	hrh1_human	ELECTRON MICROSCOPY	3.0	Inactive	B		2024-01-17	A		
8X63	hrh1_human	ELECTRON MICROSCOPY	3.2	Inactive	B		2024-01-17	A		
8X64	hrh1_human	ELECTRON MICROSCOPY	3.4	Inactive	B		2024-01-17	A		
8X79	pi2r_human	ELECTRON MICROSCOPY	2.41	Active	R		2024-03-06	E		
8X7A	pi2r_human	ELECTRON MICROSCOPY	2.56	Active	R		2024-03-06	E		
8XBE	gpr34_human	ELECTRON MICROSCOPY	3.4	Active	A		2024-05-15	E		
8XBG	gpr34_human	ELECTRON MICROSCOPY	3.43	Active	A		2024-05-15	A		
8XBH	gpr34_human	ELECTRON MICROSCOPY	2.83	Active	R		2023-12-27	D		
8XBI	gpr34_human	ELECTRON MICROSCOPY	3.06	Active	R		2023-12-27	A		
8XGM	cml2_human	ELECTRON MICROSCOPY	3.29	Active	A		2024-08-21	B		
8XGU	kissr_human	ELECTRON MICROSCOPY	3.0	Active	A		2024-10-30	A		
8XML	ccr8_human	ELECTRON MICROSCOPY	2.58	Active	R		2025-01-01	A		
8XOS	par1_human	ELECTRON MICROSCOPY	3.2	Active	R		2024-09-18	E		
8XQE	apj_human	ELECTRON MICROSCOPY	3.48	Active	R	[HOMOMER: chains Q, R] [DB TRUNCATION: AI correctly identified chains Q, R, but DB requires 1. Auto-selected primary chain R based on: Homomer (2 identical GPCR chains) — Rank 0: G protein-coupling protomer (structure geometry) on Chain R]	2025-01-22	D	apj_human	Q
8XQF	apj_human	ELECTRON MICROSCOPY	3.13	Active	R		2025-01-22	D		
8XQI	apj_human	ELECTRON MICROSCOPY	3.25	Inactive	A	[HOMOMER: chains A, B] [DB TRUNCATION: AI correctly identified chains A, B, but DB requires 1. Auto-selected primary chain A based on: Homomer (2 identical GPCR chains) — Rank 4: Preserving AI's originally correct choice (Chain A)] [WARNING: Ligands are bound to truncated chains B!]	2025-01-22	A	apj_human	B
8XQJ	apj_human	ELECTRON MICROSCOPY	2.95	Inactive	C	[HOMOMER: chains C, D] [DB TRUNCATION: AI correctly identified chains C, D, but DB requires 1. Auto-selected primary chain C based on: Homomer (2 identical GPCR chains) — Rank 4: Preserving AI's originally correct choice (Chain C)] [WARNING: Ligands are bound to truncated chains D!]	2025-01-22	C	apj_human	D
8XT9	lgr4_human	ELECTRON MICROSCOPY	3.1	Inactive	C		2025-01-15	A		
8XUM	lgr4_human	ELECTRON MICROSCOPY	2.9	Inactive	A		2025-01-15	B		
8XVJ	ednra_human	ELECTRON MICROSCOPY	3.26	Inactive	R		2024-08-28	D		
8XVK	ednra_human	ELECTRON MICROSCOPY	3.21	Inactive	R		2024-08-28	D		
8XVL	ednra_human	ELECTRON MICROSCOPY	3.22	Inactive	R		2024-08-28	D		
8XVU	cxcr2_human	ELECTRON MICROSCOPY	3.09	Active	R		2025-01-15	A		
8XWA	cxcr2_human	ELECTRON MICROSCOPY	3.48	Active	R		2025-01-15	C		
8XWF	cxcr2_human	ELECTRON MICROSCOPY	3.65	Active	R	Focused map of the ligand-receptor complex.	2025-01-15	C		
8XWM	cxcr2_human	ELECTRON MICROSCOPY	3.71	Active	R		2025-01-15	B		
8XWN	cxcr2_human	ELECTRON MICROSCOPY	3.29	Active	R		2025-01-15	A		
8XWP	ednrb_human	ELECTRON MICROSCOPY	3.21	Active	R		2024-10-02	A		
8XWQ	ednrb_human	ELECTRON MICROSCOPY	4.6	Active	R		2024-10-02	A		
8XWS	cxcr2_human	ELECTRON MICROSCOPY	3.06	Active	C	[HOMOMER: chains C, R] [DB TRUNCATION: AI correctly identified chains C, R, but DB requires 1. Auto-selected primary chain C based on: Homomer (2 identical GPCR chains) — Rank 4: Preserving AI's originally correct choice (Chain C)]	2025-01-15	D	cxcr2_human	R
8XWV	cxcr2_human	ELECTRON MICROSCOPY	3.07	Active	R		2025-01-22	C		
8XX3	cxcr2_human	ELECTRON MICROSCOPY	3.38	Active	R		2025-01-15	C		
8XX6	cxcr2_human	ELECTRON MICROSCOPY	2.99	Active	R		2025-01-15	A		
8XX7	cxcr2_human	ELECTRON MICROSCOPY	3.32	Active	C	[HOMOMER: chains C, R] [DB TRUNCATION: AI correctly identified chains C, R, but DB requires 1. Auto-selected primary chain C based on: Homomer (2 identical GPCR chains) — Rank 4: Preserving AI's originally correct choice (Chain C)]	2025-01-15	D	cxcr2_human	R
8XXH	cxcr2_human	ELECTRON MICROSCOPY	2.8	Active	R		2025-01-15	E		
8XXR	cxcr2_human	ELECTRON MICROSCOPY	3.17	Active	R	Engineered receptor with N-terminal M4 receptor fusion (residues 2-23) and truncated miniGαoA protein. CXCL6 density was present in the map but not modeled in this overall coordinate file.	2025-01-15	A		
8XXV	pd2r2_human	ELECTRON MICROSCOPY	2.33	Active	A		2024-12-04	A		
8XXX	cxcr2_human	ELECTRON MICROSCOPY	3.17	Active	R		2025-01-15	B		
8XXY	cxcr3_human	ELECTRON MICROSCOPY	3.68	Active	R		2025-02-26	A		
8XXZ	cxcr3_human	ELECTRON MICROSCOPY	3.3	Active	R		2025-02-26	E		
8XYD	ptafr_human	ELECTRON MICROSCOPY	2.9	Active	A		2024-11-13	A		
8XYI	cxcr3_human	ELECTRON MICROSCOPY	3.16	Active	R		2025-02-26	A		
8XYK	cxcr3_human	ELECTRON MICROSCOPY	3.03	Active	R		2025-02-26	A		
8XZF	apj_human	ELECTRON MICROSCOPY	3.0	Active	R		2024-03-20	A		
8XZG	apj_human	ELECTRON MICROSCOPY	3.2	Active	R		2024-03-27	E		
8XZH	apj_human	ELECTRON MICROSCOPY	2.6	Active	R		2024-03-20	A		
8XZI	apj_human	ELECTRON MICROSCOPY	2.7	Active	R		2024-03-20	A		
8XZJ	apj_human	ELECTRON MICROSCOPY	3.0	Active	R		2024-03-20	A		
8Y01	opsg_human	ELECTRON MICROSCOPY	2.48	Active	R	Active-state MWS-opsin bound to all-trans retinal and Gi heterotrimer. The receptor contains an E129Q (3.28) mutation to stabilize the active conformation.	2025-02-12	A		
8Y02	opsb_human	ELECTRON MICROSCOPY	2.61	Active	R		2025-06-11	D		
8Y0H	cxcr3_human	ELECTRON MICROSCOPY	3.53	Active	R		2025-02-26	A		
8Y0N	cxcr3_human	ELECTRON MICROSCOPY	3.07	Active	R		2025-02-26	E		
8Y45	oprd_human	ELECTRON MICROSCOPY	3.45	Active	A		2024-11-27	A		
8Y51	brs3_human	ELECTRON MICROSCOPY	3.3	Active	R		2025-02-12	D		
8Y62	fpr2_human	ELECTRON MICROSCOPY	3.2	Active	R		2025-02-05	E		
8Y63	fpr2_human	ELECTRON MICROSCOPY	3.2	Active	R		2025-02-05	A		
8Y6W	ffar2_human	ELECTRON MICROSCOPY	3.19	Active	R		2025-04-02	E		
8Y6Y	ffar2_human	ELECTRON MICROSCOPY	3.36	Inactive	A		2025-04-02	A		
8Y71	oprd_human	ELECTRON MICROSCOPY	2.97	Active	R		2026-01-07	E		
8Y72	oprm_human	ELECTRON MICROSCOPY	2.65	Active	R		2025-08-06	E		
8Y73	oprm_human	ELECTRON MICROSCOPY	2.84	Active	R		2025-08-06	E		
8YFO	pth1r_human	ELECTRON MICROSCOPY	2.71	Active	R	Active state PTH1R in complex with Ac-LA-PTH and Gs protein.	2025-09-03	F		
8YG4	pth1r_human	ELECTRON MICROSCOPY	2.59	Active	R		2025-09-03	F		
8YIC	s1pr1_human	ELECTRON MICROSCOPY	3.47	Active	R		2024-12-11	D		
8YKV	sucr1_human	ELECTRON MICROSCOPY	2.48	Active	R		2024-05-29	E		
8YKW	sucr1_human	ELECTRON MICROSCOPY	2.75	Active	R		2024-05-29	E		
8YKX	sucr1_human	ELECTRON MICROSCOPY	2.69	Active	R		2024-05-29	A		
8YN3	hrh2_human	ELECTRON MICROSCOPY	2.56	Active	R		2024-10-09	E		
8YN5	hrh3_human	ELECTRON MICROSCOPY	2.7	Active	R		2024-10-09	E		
8YN6	hrh3_human	ELECTRON MICROSCOPY	2.77	Active	R		2024-10-09	E		
8YN7	hrh3_human	ELECTRON MICROSCOPY	2.77	Active	R		2024-10-16	E		
8YN8	hrh3_human	ELECTRON MICROSCOPY	2.77	Active	R		2024-10-16	E		
8YN9	hrh4_human	ELECTRON MICROSCOPY	2.3	Active	R		2024-10-09	E		
8YNA	hrh4_human	ELECTRON MICROSCOPY	2.63	Active	R		2024-10-09	E		
8YNF	ackr1_human	ELECTRON MICROSCOPY	3.65	Active	A	[HOMOMER: chains A, B] [DB TRUNCATION: AI correctly identified chains A, B, but DB requires 1. Auto-selected primary chain A based on: Homomer (2 identical GPCR chains) — Rank 4: Preserving AI's originally correct choice (Chain A)]	2025-09-17	D	ackr1_human	B
8YNT	mchr1_human	ELECTRON MICROSCOPY	3.43	Inactive	R		2024-12-18	D		
8YUT	hrh2_human	ELECTRON MICROSCOPY	2.7	Active	R		2024-06-05	E		
8YUV	hrh3_human	ELECTRON MICROSCOPY	3.0	Active	R		2024-06-05	E		
8YW3	glp1r_human	ELECTRON MICROSCOPY	2.68	Active	R		2024-09-18	D		
8YW4	gipr_human	ELECTRON MICROSCOPY	3.26	Active	R		2024-09-18	E		
8YW5	glr_human	ELECTRON MICROSCOPY	2.84	Active	R		2024-08-07	B		
8YWF	glp1r_human	ELECTRON MICROSCOPY	2.74	Active	R	GLP1R-Gs complex with Retatrutide	2025-04-16	F		
8YZK	gpc5d_human	ELECTRON MICROSCOPY	3.4	Inactive	A	[HOMOMER: chains A, B] [DB TRUNCATION: AI correctly identified chains A, B, but DB requires 1. Auto-selected primary chain A based on: Homomer (2 identical GPCR chains) — Rank 4: Preserving AI's originally correct choice (Chain A)]	2024-07-03	A	gpc5d_human	B
8Z3O	gpr68_human	ELECTRON MICROSCOPY	3.3	Active	R		2025-04-23	A		
8Z3Q	gpr4_human	ELECTRON MICROSCOPY	2.76	Active	R		2025-04-23	E		
8Z3Y	gpr4_human	ELECTRON MICROSCOPY	3.2	Active	R		2025-06-04	E		
8Z5H	gpr68_human	ELECTRON MICROSCOPY	3.3	Active	R		2025-04-23	D		
8Z65	gpr4_human	ELECTRON MICROSCOPY	2.97	Active	R		2025-04-23	E		
8Z66	gpr4_human	ELECTRON MICROSCOPY	3.06	Inactive	R		2025-04-23	A		
8Z68	gpr68_human	ELECTRON MICROSCOPY	2.64	Active	R	Active-state GPR68-Gs complex at pH 6.8.	2025-04-23	E		
8Z74	apj_human	ELECTRON MICROSCOPY	3.01	Inactive	D	[HOMOMER: chains C, D] [DB TRUNCATION: AI correctly identified chains C, D, but DB requires 1. Auto-selected primary chain D based on: Homomer (2 identical GPCR chains) — Rank 2: Ligand binds exclusively to GPCR Chain D]	2025-01-22	D	apj_human	C
8Z7J	apj_human	ELECTRON MICROSCOPY	3.12	Active	R		2025-01-22	D		
8Z87	hcar1_human	ELECTRON MICROSCOPY	2.73	Active	R		2025-11-05	A		
8Z8A	hcar1_human	ELECTRON MICROSCOPY	2.82	Active	R		2025-10-29	A		
8Z8B	hcar1_human	ELECTRON MICROSCOPY	2.65	Active	R		2025-10-29	A		
8ZBI	ssr3_human	ELECTRON MICROSCOPY	2.79	Active	D	SSTR3-Gi1 complex stabilized by scFv16 and BRIL fusion.	2025-04-30	E		
8ZBJ	ssr5_human	ELECTRON MICROSCOPY	2.94	Active	R	SSTR5-Gi1 complex stabilized by scFv16 and containing Somatostatin-14 peptide.	2025-04-30	E		
8ZBW	fpr2_human	ELECTRON MICROSCOPY	2.58	Active	R		2025-09-10	D		
8ZCE	gpr4_human	ELECTRON MICROSCOPY	3.1	Active	R		2025-04-23	E		
8ZCF	gpr4_human	ELECTRON MICROSCOPY	2.9	Active	R		2025-04-23	E		
8ZCJ	ssr5_human	ELECTRON MICROSCOPY	3.09	Active	G		2024-07-10	E		
8ZD1	gpr4_xentr	ELECTRON MICROSCOPY	2.6	Active	R	Active-state xtGPR4-Gs complex solved at pH 6.2. G alpha subunit contains a dominant-negative G226A mutation for stabilization.	2025-02-26	D		
8ZF4	gpr4_xentr	ELECTRON MICROSCOPY	3.05	Active	R		2025-02-26	A		
8ZF6	gpr4_xentr	ELECTRON MICROSCOPY	2.98	Active	R		2025-02-26	D		
8ZF7	gpr4_xentr	ELECTRON MICROSCOPY	3.15	Active	R		2025-02-26	A		
8ZF9	gpr4_mouse	ELECTRON MICROSCOPY	2.56	Active	R		2025-02-26	F		
8ZFC	gpr4_mouse	ELECTRON MICROSCOPY	2.68	Active	R		2025-02-26	E		
8ZFE	gpr4_mouse	ELECTRON MICROSCOPY	2.56	Active	R		2025-02-26	A		
8ZFZ	gpr4_danre	ELECTRON MICROSCOPY	3.3	Active	R		2025-01-22	D		
8ZJG	cml1_human	ELECTRON MICROSCOPY	3.18	Active	A		2025-01-22	A		
8ZME	par2_human	ELECTRON MICROSCOPY	3.2	Active	R		2025-05-28	E		
8ZMF	5ht2c_human	X-RAY DIFFRACTION	3.6	Inactive	A		2024-08-28	A		
8ZMG	5ht2a_human	X-RAY DIFFRACTION	3.4	Inactive	A	[HOMOMER: chains A, B] [DB TRUNCATION: AI correctly identified chains A, B, but DB requires 1. Auto-selected primary chain A based on: Homomer (2 identical GPCR chains) — Rank 4: Preserving AI's originally correct choice (Chain A)] [WARNING: Ligands are bound to truncated chains B!]	2024-08-28	A	5ht2a_human	B
8ZPL	cxcr4_human	ELECTRON MICROSCOPY	3.01	Inactive	R		2025-02-26	B		
8ZPM	cxcr4_human	ELECTRON MICROSCOPY	3.2	Inactive	R		2025-02-26	A		
8ZPN	cxcr4_human	ELECTRON MICROSCOPY	3.31	Inactive	R	Engineered CXCR4 with BRIL fusion and ICL3 replaced by KOR ICL3 for stabilization.	2025-02-26	A		
8ZQE	gpr15_human	ELECTRON MICROSCOPY	2.9	Active	R		2024-07-10	E		
8ZR5	gp119_human	ELECTRON MICROSCOPY	3.31	Active	C	Receptor-Gs-ligand complex stabilized by Nanobody 35.	2024-06-19	E		
8ZRK	gp119_human	ELECTRON MICROSCOPY	2.82	Active	R	GPR119-Gs complex with GSK-1292263 agonist.	2024-06-19	E		
8ZRT	ednrb_human	ELECTRON MICROSCOPY	3.62	Active	R		2024-10-02	A		
8ZSJ	taar1_human	ELECTRON MICROSCOPY	2.8	Active	R		2024-07-24	E		
8ZSP	taar1_human	ELECTRON MICROSCOPY	3.14	Active	R		2024-07-24	E		
8ZSS	taar1_human	ELECTRON MICROSCOPY	3.07	Active	R		2024-07-24	E		
8ZSV	taar1_mouse	ELECTRON MICROSCOPY	2.96	Active	R		2024-07-24	E		
8ZVZ	pd2r_human	ELECTRON MICROSCOPY	2.35	Active	D		2025-05-28	C		
8ZW0	pd2r_human	ELECTRON MICROSCOPY	2.72	Active	D		2025-05-28	C		
8ZWF	c3ar_human	ELECTRON MICROSCOPY	3.0	Active	A		2025-05-14	A		
8ZWG	c3ar_human	ELECTRON MICROSCOPY	2.87	Active	A		2025-05-14	A		
8ZX4	gpr55_human	ELECTRON MICROSCOPY	2.85	Active	R		2024-11-13	D		
8ZX5	gpr55_human	ELECTRON MICROSCOPY	3.03	Active	R		2024-11-13	D		
8ZYT	ntr1_human	ELECTRON MICROSCOPY	2.65	Active	R		2025-04-09	D		
8ZYY	ntr1_human	ELECTRON MICROSCOPY	2.83	Active	R		2025-04-09	E		
9ARX	5ht2a_human	ELECTRON MICROSCOPY	3.24	Active	A		2025-04-02	A		
9ARZ	5ht2a_human	ELECTRON MICROSCOPY	3.37	Active	A	Local refinement of the receptor-ligand complex.	2025-04-02	A		
9AS1	5ht2a_human	ELECTRON MICROSCOPY	3.38	Active	A		2025-04-02	A		
9AS3	5ht2a_human	ELECTRON MICROSCOPY	3.18	Active	A		2025-04-02	A		
9AS5	5ht2a_human	ELECTRON MICROSCOPY	3.34	Active	A		2025-04-02	A		
9AS7	5ht2a_human	ELECTRON MICROSCOPY	2.72	Active	A		2025-04-02	A		
9AS9	5ht2a_human	ELECTRON MICROSCOPY	3.47	Intermediate	A	Local refinement of the receptor-ligand complex.	2025-04-02	A		
9AUC	calcr_human	ELECTRON MICROSCOPY	2.4	Active	R		2024-04-24	G		
9B54	cnr1_human	ELECTRON MICROSCOPY	2.86	Active	R		2025-03-05	D		
9B65	cnr1_human	ELECTRON MICROSCOPY	3.03	Active	R		2025-03-05	D		
9B9Y	cnr1_human	ELECTRON MICROSCOPY	3.5	Inactive	R		2024-11-20	A		
9B9Z	cnr1_human	ELECTRON MICROSCOPY	3.3	Inactive	R		2024-11-20	B		
9BA0	cnr1_human	ELECTRON MICROSCOPY	3.13	Inactive	R		2024-11-20	A		
9BHL	gpr65_human	ELECTRON MICROSCOPY	2.8	Active	R		2025-01-22	D		
9BHM	gpr68_human	ELECTRON MICROSCOPY	2.9	Active	R		2025-01-22	A		
9BIP	gpr4_human	ELECTRON MICROSCOPY	2.8	Active	R		2025-01-15	E		
9BJK	oprm_mouse	ELECTRON MICROSCOPY	3.26	Inactive	R	muOR-kappaOR(ICL3) chimera used to enable Nb6 binding.	2024-07-17	B		
9BLB	calcr_human	ELECTRON MICROSCOPY	3.2	Active	R		2025-04-16	B		
9BLC	calcr_human	ELECTRON MICROSCOPY	3.3	Active	R		2025-04-16	B		
9BLW	calcr_human	ELECTRON MICROSCOPY	3.2	Active	R		2025-04-16	G		
9BQJ	oprm_mouse	ELECTRON MICROSCOPY	3.3	Active	D		2024-09-11	C		
9BS9	drd2_human	ELECTRON MICROSCOPY	2.28	Active	R	Local refinement of the receptor and ligand.	2025-09-17	A		
9BSB	drd2_human	ELECTRON MICROSCOPY	2.32	Active	R		2025-09-17	C		
9BTW	calcr_human	ELECTRON MICROSCOPY	3.0	Active	R		2025-04-16	C		
9BUC	calcr_human	ELECTRON MICROSCOPY	3.4	Active	R		2025-04-23	B		
9BUD	calcr_human	ELECTRON MICROSCOPY	2.5	Active	R		2025-04-23	B		
9BUE	calcr_human	ELECTRON MICROSCOPY	3.6	Active	R		2025-04-16	F		
9BUY	adrb2_human	ELECTRON MICROSCOPY	2.9	Active	R		2025-05-28	E		
9BYO	glp1r_human	ELECTRON MICROSCOPY	2.31	Active	R		2025-06-11	A		
9C0K	glp1r_human	ELECTRON MICROSCOPY	2.72	Active	R		2025-06-11	A		
9C2F	casr_human	ELECTRON MICROSCOPY	2.8	Active	A	[HOMOMER: chains A, B] [DB TRUNCATION: AI correctly identified chains A, B, but DB requires 1. Auto-selected primary chain A based on: Homomer (2 identical GPCR chains) — Rank 4: Preserving AI's originally correct choice (Chain A)] [WARNING: Ligands are bound to truncated chains B!]	2024-10-02	A	casr_human	B
9CGJ	oprd_human	ELECTRON MICROSCOPY	2.8	Active	A		2025-04-02	A		
9CGK	oprd_human	ELECTRON MICROSCOPY	2.62	Active	A		2025-04-02	A		
9CHU	adrb2_human	ELECTRON MICROSCOPY	3.49	Inactive	A		2024-11-13	A		
9CHV	adrb2_human	ELECTRON MICROSCOPY	3.95	Inactive	A		2024-11-13	A		
9CHX	adrb2_human	ELECTRON MICROSCOPY	3.5	Inactive	A		2024-11-13	A		
9CIB	hcar2_mouse	ELECTRON MICROSCOPY	2.62	Active	R	Local Refinement of the mouse HCA2 DREADD (HCAD, R108K/D121A mutations) in an active state.	2025-05-14	A		
9CM7	ffar2_human	ELECTRON MICROSCOPY	3.29	Active	R		2025-06-25	A		
9D61	oprk_human	ELECTRON MICROSCOPY	3.58	Active	A		2025-01-15	A		
9DGI	cnr1_human	ELECTRON MICROSCOPY	3.35	Active	R		2025-04-30	A		
9DYE	5ht1a_human	ELECTRON MICROSCOPY	2.9	Active	R		2025-08-13	D		
9DYF	5ht1a_human	ELECTRON MICROSCOPY	2.74	Active	R		2025-08-13	D		
9E2A	glp1r_human	ELECTRON MICROSCOPY	3.3	Active	R		2025-10-29	F		
9E51	agrl2_human	ELECTRON MICROSCOPY	2.9	Active	A		2025-11-12	D		
9E82	ackr3_human	ELECTRON MICROSCOPY	3.4	Active	R		2025-04-02	E		
9E9S	pd2r_human	ELECTRON MICROSCOPY	2.68	Active	D		2025-09-03	D		
9EBH	aa3r_human	ELECTRON MICROSCOPY	3.6	Active	R		2025-08-20	E		
9EBN	glp1r_human	ELECTRON MICROSCOPY	3.44	Active	R		2025-03-26	E		
9EBO	glp1r_human	ELECTRON MICROSCOPY	3.13	Active	R		2025-03-26	F		
9ECJ	p2ry8_human	ELECTRON MICROSCOPY	2.9	Active	B	GPCR-G protein complex	2025-11-05	A		
9EE5	pd2r_human	ELECTRON MICROSCOPY	2.89	Inactive	A		2025-09-03	D		
9EE8	aa2ar_human	ELECTRON MICROSCOPY	2.63	Intermediate	A		2025-04-09	A		
9EE9	aa2ar_human	ELECTRON MICROSCOPY	3.16	Intermediate	A		2025-04-09	A		
9EEA	aa2ar_human	ELECTRON MICROSCOPY	3.36	Intermediate	A		2025-04-09	A		
9EGO	cnr1_human	ELECTRON MICROSCOPY	3.2	Active	R		2025-04-30	D		
9EHS	aa3r_human	ELECTRON MICROSCOPY	3.2	Inactive	R		2025-08-20	D		
9EI5	pd2r_human	ELECTRON MICROSCOPY	2.84	Inactive	A	Engineered inactive state construct with bRIL fused in ICL3 (replacing residues R234-P257) and mutations C130(3.50)R, H263(6.33)A, and D319(7.49)N.	2025-09-03	A		
9EJC	vgpcr_hhv8p	ELECTRON MICROSCOPY	2.98	Active	E		2025-09-03	C		
9EKH	pd2r_human	ELECTRON MICROSCOPY	2.89	Inactive	A		2025-09-03	A		
9EPR	b1b1u5_9arac	ELECTRON MICROSCOPY	4.9	Active	R		2024-10-30	D		
9ERX	cnr1_human	ELECTRON MICROSCOPY	2.9	Active	R		2024-06-26	D		
9EW2	fzd7_human	ELECTRON MICROSCOPY	3.2	Active	R		2024-10-02	E		
9F33	drd3_human	ELECTRON MICROSCOPY	3.05	Active	R		2024-09-18	E		
9F34	drd3_human	ELECTRON MICROSCOPY	3.09	Active	R		2024-09-18	E		
9FTE	agrv1_mouse	ELECTRON MICROSCOPY	3.82	Inactive	A		2026-01-14	A		
9FUP	aa2ar_human	X-RAY DIFFRACTION	2.5	Inactive	A		2025-01-22	A		
9GE3	gpr55_human	ELECTRON MICROSCOPY	2.87	Active	R		2025-03-05	E		
9H2X	aa2ar_human	X-RAY DIFFRACTION	1.75	Inactive	A		2025-06-18	A		
9H37	aa2ar_human	X-RAY DIFFRACTION	1.715	Inactive	A		2025-06-18	A		
9HAP	v2r_human	ELECTRON MICROSCOPY	2.5	Inactive	R		2025-06-04	D		
9HB3	v2r_human	ELECTRON MICROSCOPY	2.5	Inactive	R		2025-06-04	E		
9HC0	grm5_human	X-RAY DIFFRACTION	2.33	Inactive	A		2025-06-25	A		
9HC3	grm5_human	X-RAY DIFFRACTION	2.9	Inactive	A		2025-06-25	A		
9HYI	5ht1a_human	ELECTRON MICROSCOPY	2.3	Active	R		2026-01-21	D		
9I3T	opsg_human	ELECTRON MICROSCOPY	3.7	Inactive	A		2026-06-24	A		
9I52	drd1_human	ELECTRON MICROSCOPY	2.8	Active	R		2025-07-16	A		
9I54	drd1_human	ELECTRON MICROSCOPY	2.72	Active	R		2025-07-16	D		
9IBW	opsb_human	ELECTRON MICROSCOPY	3.22	Inactive	A		2026-06-24	A		
9II2	grm3_human	ELECTRON MICROSCOPY	3.7	Inactive	B	[HOMOMER: chains B, R] [DB TRUNCATION: AI correctly identified chains B, R, but DB requires 1. Auto-selected primary chain B based on: Homomer (2 identical GPCR chains) — Rank 4: Preserving AI's originally correct choice (Chain B)] [WARNING: Ligands are bound to truncated chains R!]	2025-03-05	D	grm3_human	R
9II3	grm3_human	ELECTRON MICROSCOPY	3.9	Inactive	B	[HOMOMER: chains B, R] [DB TRUNCATION: AI correctly identified chains B, R, but DB requires 1. Auto-selected primary chain B based on: Homomer (2 identical GPCR chains) — Rank 4: Preserving AI's originally correct choice (Chain B)] [WARNING: Ligands are bound to truncated chains R!]	2025-03-05	D	grm3_human	R
9IJ9	t2r14_human	ELECTRON MICROSCOPY	2.7	Active	R		2024-07-24	D		
9IJA	t2r14_human	ELECTRON MICROSCOPY	3.05	Active	R		2024-07-24	A		
9IJR	gpr52_human	ELECTRON MICROSCOPY	3.86	Active	A		2025-09-03	A		
9IJS	gpr52_human	ELECTRON MICROSCOPY	3.64	Active	A		2025-09-03	A		
9IK8	ssr1_human	ELECTRON MICROSCOPY	2.82	Active	D		2025-04-30	A		
9IK9	ssr1_human	ELECTRON MICROSCOPY	3.37	Active	D		2025-04-30	E		
9IMA	gpc5d_human	ELECTRON MICROSCOPY	2.65	Inactive	A	[HOMOMER: chains A, B] [DB TRUNCATION: AI correctly identified chains A, B, but DB requires 1. Auto-selected primary chain A based on: Homomer (2 identical GPCR chains) — Rank 4: Preserving AI's originally correct choice (Chain A)] [WARNING: Ligands are bound to truncated chains B!]	2024-09-11	D	gpc5d_human	B
9IPV	c3ar_human	ELECTRON MICROSCOPY	2.53	Active	R		2025-04-23	D		
9IPY	c3ar_human	ELECTRON MICROSCOPY	3.5	Intermediate	R		2025-04-23	A		
9IQR	ada2a_human	ELECTRON MICROSCOPY	3.4	Inactive	B		2025-07-23	B		
9IQS	acm4_human	ELECTRON MICROSCOPY	3.6	Inactive	B		2025-07-23	B		
9IQV	ada1a_human	ELECTRON MICROSCOPY	3.3	Inactive	B		2025-07-23	B		
9ISI	c3ar_human	ELECTRON MICROSCOPY	3.56	Inactive	B		2025-04-23	A		
9IV1	agrd1_human	ELECTRON MICROSCOPY	2.98	Active	R		2025-02-12	D		
9IV6	gpr4_human	ELECTRON MICROSCOPY	2.71	Active	R	Receptor-G protein complex at neutral pH.	2025-07-30	A		
9IVG	glp1r_human	ELECTRON MICROSCOPY	3.0	Active	R		2024-11-27	B		
9IVM	glp1r_human	ELECTRON MICROSCOPY	3.22	Active	R		2024-11-13	F		
9IXJ	hrh2_human	ELECTRON MICROSCOPY	2.92	Active	R		2025-07-30	E		
9IY8	gpr55_human	ELECTRON MICROSCOPY	3.01	Active	R		2025-01-01	C		
9IYA	gpr55_human	ELECTRON MICROSCOPY	3.04	Inactive	A		2025-01-01	A		
9IZA	hcar2_human	ELECTRON MICROSCOPY	3.06	Active	A		2025-04-02	A		
9IZC	hcar2_human	ELECTRON MICROSCOPY	2.68	Active	A		2025-04-02	A		
9IZD	hcar1_human	ELECTRON MICROSCOPY	3.16	Active	A		2025-04-02	A		
9IZF	lpar1_human	ELECTRON MICROSCOPY	3.14	Active	R		2025-01-01	A		
9IZH	lpar1_human	ELECTRON MICROSCOPY	3.04	Active	R		2025-01-01	A		
9J05	p2y14_human	ELECTRON MICROSCOPY	3.2	Inactive	A		2025-08-06	A		
9J0B	p2y14_human	ELECTRON MICROSCOPY	2.88	Active	R		2025-06-04	D		
9J0F	p2y14_human	ELECTRON MICROSCOPY	2.76	Active	R		2025-06-04	D		
9J0I	p2y14_human	ELECTRON MICROSCOPY	2.76	Active	R		2025-06-04	D		
9J1P	glp1r_human	ELECTRON MICROSCOPY	2.99	Active	R		2025-02-26	F		
9J8Z	hcar1_human	ELECTRON MICROSCOPY	3.36	Active	A		2025-04-02	E		
9JCQ	gpr4_human	ELECTRON MICROSCOPY	2.59	Active	D		2025-07-09	E		
9JEA	acm1_human	ELECTRON MICROSCOPY	3.4	Inactive	A	Complex with atropine; receptor contains de novo design protein segments.	2025-07-09	A		
9JED	hrh4_human	ELECTRON MICROSCOPY	2.58	Active	R		2025-09-10	D		
9JEQ	hrh3_human	ELECTRON MICROSCOPY	3.05	Active	R		2025-09-24	D		
9JF4	nmbr_human	ELECTRON MICROSCOPY	3.6	Inactive	A		2025-07-09	A		
9JFU	gpr4_human	ELECTRON MICROSCOPY	3.23	Inactive	R		2025-04-23	D		
9JFW	gpr4_human	ELECTRON MICROSCOPY	3.13	Active	R	N-terminal Endoglucanase H fusion, HA and Flag tags; C-terminal truncation (355-362); dominant-negative Gs protein.	2025-04-23	E		
9JFY	npff2_human	ELECTRON MICROSCOPY	3.21	Active	R		2025-04-09	A		
9JG0	npff2_human	ELECTRON MICROSCOPY	2.91	Inactive	R		2025-04-09	A		
9JG1	hrh4_human	ELECTRON MICROSCOPY	3.62	Inactive	R	Engineered receptor with S101(3.39)K mutation and TM5-BRIL-TM6 fusion.	2025-12-03	A		
9JGK	5ht2b_human	ELECTRON MICROSCOPY	3.6	Inactive	A		2025-07-16	A		
9JH3	apj_human	ELECTRON MICROSCOPY	2.93	Active	R		2025-04-23	C		
9JHJ	fpr2_human	ELECTRON MICROSCOPY	3.2	Active	R		2025-03-19	A		
9JIC	hcar3_human	ELECTRON MICROSCOPY	3.4	Active	A		2025-12-17	A		
9JID	hcar3_human	ELECTRON MICROSCOPY	2.78	Active	A		2025-12-17	A		
9JKQ	taar1_human	ELECTRON MICROSCOPY	2.66	Active	R		2024-10-16	E		
9JKS	hcar3_human	ELECTRON MICROSCOPY	3.31	Active	A		2025-10-29	A		
9JKT	hcar3_human	ELECTRON MICROSCOPY	3.05	Active	A		2025-10-29	A		
9JKV	hcar3_human	ELECTRON MICROSCOPY	3.26	Active	A		2025-10-29	A		
9JKX	hcar3_human	ELECTRON MICROSCOPY	3.18	Active	A		2025-10-29	A		
9JKY	hcar2_human	ELECTRON MICROSCOPY	2.72	Active	A		2025-10-29	A		
9JLC	mas_human	ELECTRON MICROSCOPY	2.98	Active	R		2025-09-24	D		
9JQX	q9bml7_drome	ELECTRON MICROSCOPY	3.61	Inactive	A	[HETEROMER: chains A, B] [DB TRUNCATION: AI correctly identified chains A, B, but DB requires 1. Auto-selected primary chain A based on: Rank 2: Ligand binds exclusively to GPCR Chain A]	2025-10-01	A	q9bml6_drome	B
9JQY	pe2r4_human	ELECTRON MICROSCOPY	2.92	Inactive	A		2025-10-22	C		
9JQZ	pe2r4_human	ELECTRON MICROSCOPY	2.65	Inactive	A		2025-10-22	B		
9JR0	q9bml6_drome	ELECTRON MICROSCOPY	3.06	Active	B	[HETEROMER: chains A, B] [DB TRUNCATION: AI correctly identified chains A, B, but DB requires 1. Auto-selected primary chain B based on: Rank 0: G protein-coupling protomer (structure geometry) on Chain B] [WARNING: Ligands are bound to truncated chains A!]	2025-10-22	B	q9bml7_drome	A
9JRO	pe2r2_human	ELECTRON MICROSCOPY	3.5	Inactive	A		2025-10-22	D		
9JRT	pe2r2_human	ELECTRON MICROSCOPY	3.28	Inactive	A		2025-10-22	A		
9JVM	gpr4_xentr	ELECTRON MICROSCOPY	2.36	Inactive	R		2025-02-26	A		
9K1C	ffar1_human	ELECTRON MICROSCOPY	3.2	Active	R		2024-12-11	A		
9K20	p2ry2_human	ELECTRON MICROSCOPY	2.65	Active	A		2025-06-11	A		
9K26	prlhr_human	ELECTRON MICROSCOPY	3.0	Active	A	Cryo-EM structure of PRLHR-Gi complex.	2025-01-29	A		
9K27	prlhr_human	ELECTRON MICROSCOPY	2.68	Active	A	Active state complex with Gq and peptide agonist.	2025-01-29	A		
9K3F	mc3r_human	ELECTRON MICROSCOPY	2.75	Active	R		2025-08-06	A		
9K3H	mc5r_human	ELECTRON MICROSCOPY	2.86	Active	R		2025-08-06	A		
9K3K	mc4r_human	ELECTRON MICROSCOPY	3.12	Active	R		2025-08-06	A		
9K3L	acthr_human	ELECTRON MICROSCOPY	3.01	Active	R		2025-08-06	E		
9K3P	mshr_human	ELECTRON MICROSCOPY	2.98	Active	R		2025-08-06	A		
9K6L	t2r16_human	ELECTRON MICROSCOPY	2.77	Active	R		2025-04-02	E		
9KB6	lgr4_human	ELECTRON MICROSCOPY	3.53	Inactive	A		2025-10-15	A		
9KB7	lgr4_human	ELECTRON MICROSCOPY	3.97	Inactive	A		2025-10-15	A		
9KFI	rl3r1_human	ELECTRON MICROSCOPY	2.91	Active	C		2025-08-13	A		
9KFJ	rl3r1_human	ELECTRON MICROSCOPY	3.1	Active	C		2025-08-13	A		
9KFK	rl3r2_human	ELECTRON MICROSCOPY	2.95	Active	R		2025-08-13	C		
9KFT	fpr1_human	ELECTRON MICROSCOPY	3.06	Active	R		2025-11-12	D		
9KGK	lgr4_human	ELECTRON MICROSCOPY	2.63	Inactive	A		2025-07-16	A		
9KHH	lgr4_human	ELECTRON MICROSCOPY	3.65	Active	C	[HOMOMER: chains C, D] [DB TRUNCATION: AI correctly identified chains C, D, but DB requires 1. Auto-selected primary chain C based on: Homomer (2 identical GPCR chains) — Rank 4: Preserving AI's originally correct choice (Chain C)]	2025-07-16	E	lgr4_human	D
9KO2	ccr7_human	ELECTRON MICROSCOPY	2.98	Active	R		2025-11-26	D		
9KO4	ccr7_human	ELECTRON MICROSCOPY	3.3	Active	R	CCR7-CCL21-Gi complex stabilized by scFv16.	2025-11-26	B		
9KO6	ccr7_human	ELECTRON MICROSCOPY	3.3	Active	R		2025-11-26	B		
9KPF	t2r16_human	ELECTRON MICROSCOPY	3.15	Active	R		2025-04-02	D		
9KT6	hcar3_human	ELECTRON MICROSCOPY	3.01	Active	R		2025-12-10	D		
9KT7	hcar2_human	ELECTRON MICROSCOPY	2.8	Active	R		2025-12-10	A		
9KT8	hcar2_human	ELECTRON MICROSCOPY	2.73	Active	R		2025-12-10	E		
9KT9	hcar1_human	ELECTRON MICROSCOPY	2.7	Active	R		2025-12-10	E		
9KUG	c5ar1_human	ELECTRON MICROSCOPY	3.07	Active	A		2025-11-26	A		
9KUT	c3ar_human	ELECTRON MICROSCOPY	3.29	Active	C		2025-11-26	E		
9KV6	c3ar_mouse	ELECTRON MICROSCOPY	2.88	Active	E		2025-11-26	B		
9KV8	c3ar_mouse	ELECTRON MICROSCOPY	3.17	Active	C		2025-11-26	A		
9KVG	5ht1a_human	ELECTRON MICROSCOPY	2.63	Active	R	Engineered receptor fused with BRIL and containing L125W stabilization mutation; complexed with mutated dominant-negative G protein and scFv16.	2025-12-03	E		
9KVH	5ht1a_human	ELECTRON MICROSCOPY	2.59	Active	R		2025-12-03	E		
9KVI	5ht1a_human	ELECTRON MICROSCOPY	2.54	Active	R		2025-12-03	E		
9KVP	c3ar_human	ELECTRON MICROSCOPY	2.79	Active	C		2025-11-26	E		
9KVS	c3ar_human	ELECTRON MICROSCOPY	2.81	Inactive	C		2026-06-10	A		
9KWG	c5ar1_mouse	ELECTRON MICROSCOPY	3.15	Active	A		2025-11-26	A		
9KWX	c5ar1_mouse	ELECTRON MICROSCOPY	3.13	Active	A		2025-11-26	A		
9KX6	c5ar1_mouse	ELECTRON MICROSCOPY	3.11	Active	A		2025-11-26	A		
9KXS	c5ar1_mouse	ELECTRON MICROSCOPY	3.31	Active	A		2025-11-26	A		
9KZ2	c3ar_human	ELECTRON MICROSCOPY	3.43	Active	C		2025-11-26	F		
9KZ8	c3ar_mouse	ELECTRON MICROSCOPY	3.3	Active	C		2025-11-26	A		
9L0H	c3ar_mouse	ELECTRON MICROSCOPY	3.57	Active	E		2025-11-26	A		
9L16	ccr7_human	ELECTRON MICROSCOPY	3.5	Active	R		2025-12-17	B		
9L3W	cml1_human	ELECTRON MICROSCOPY	3.5	Active	R		2025-03-12	E		
9L3Y	cml2_human	ELECTRON MICROSCOPY	3.6	Active	R		2025-03-12	A		
9L3Z	cml1_human	ELECTRON MICROSCOPY	3.9	Inactive	A	CMKLR1 inactive state structure with stabilizing ICL3-BRIL fusion and F259(6.43)D mutation.	2025-03-12	C		
9L60	oprk_human	ELECTRON MICROSCOPY	2.9	Active	D		2025-12-31	D		
9L79	gp119_human	ELECTRON MICROSCOPY	2.98	Active	R		2025-12-31	A		
9L80	gp119_human	ELECTRON MICROSCOPY	3.33	Active	R		2025-12-31	E		
9L9O	mtr1l_human	ELECTRON MICROSCOPY	2.98	Inactive	A		2026-02-18	D		
9LFA	bkrb1_human	ELECTRON MICROSCOPY	3.5	Inactive	A		2026-05-27	A		
9LFC	bkrb1_human	ELECTRON MICROSCOPY	3.6	Inactive	A		2026-05-27	A		
9LFD	bkrb2_human	ELECTRON MICROSCOPY	3.6	Inactive	A		2026-05-27	A		
9LGM	gpr4_human	ELECTRON MICROSCOPY	2.84	Intermediate	R		2025-04-23	E		
9LKB	a2rt31_mouse	ELECTRON MICROSCOPY	3.7	Active	R		2026-01-21	C		
9LKD	a2rt31_mouse	ELECTRON MICROSCOPY	3.6	Active	R		2026-01-21	A		
9LL7	5ht2a_human	ELECTRON MICROSCOPY	2.84	Active	R		2026-01-14	D		
9LL8	5ht2a_human	ELECTRON MICROSCOPY	2.62	Active	R		2026-01-14	D		
9LLE	drd1_human	ELECTRON MICROSCOPY	2.9	Active	R		2026-03-04	A		
9LLF	drd1_human	ELECTRON MICROSCOPY	2.64	Active	R		2026-03-04	A		
9LLG	drd1_human	ELECTRON MICROSCOPY	2.77	Inactive	R	D1 dopamine receptor in complex with an orthosteric antagonist and a designed protein negative allosteric modulator.	2026-03-04	A		
9LLH	drd1_human	ELECTRON MICROSCOPY	2.73	Active	R		2026-03-04	F		
9LLI	drd1_human	ELECTRON MICROSCOPY	3.0	Inactive	R	Complex with de novo designed GEMs and Flupentixol	2026-03-04	A		
9LLZ	grm6_human	ELECTRON MICROSCOPY	3.2	Active	A	[HOMOMER: chains A, B] [DB TRUNCATION: AI correctly identified chains A, B, but DB requires 1. Auto-selected primary chain A based on: Homomer (2 identical GPCR chains) — Rank 4: Preserving AI's originally correct choice (Chain A)] [WARNING: Ligands are bound to truncated chains B!]	2026-03-18	B	grm6_human	B
9LM0	grm6_human	ELECTRON MICROSCOPY	3.82	Inactive	A	[HOMOMER: chains A, B] [DB TRUNCATION: AI correctly identified chains A, B, but DB requires 1. Auto-selected primary chain A based on: Homomer (2 identical GPCR chains) — Rank 4: Preserving AI's originally correct choice (Chain A)]	2026-03-18	B	grm6_human	B
9LMO	gpr4_human	ELECTRON MICROSCOPY	3.2	Inactive	R		2025-07-09	D		
9LMP	gpr4_human	ELECTRON MICROSCOPY	2.65	Inactive	R		2025-07-02	C		
9LQU	apj_human	ELECTRON MICROSCOPY	2.7	Inactive	A	[HOMOMER: chains A, B] [DB TRUNCATION: AI correctly identified chains A, B, but DB requires 1. Auto-selected primary chain A based on: Homomer (2 identical GPCR chains) — Rank 4: Preserving AI's originally correct choice (Chain A)] [WARNING: Ligands are bound to truncated chains B!]	2026-02-04	D	apj_human	B
9LQW	apj_human	ELECTRON MICROSCOPY	2.7	Inactive	A	[HOMOMER: chains A, B] [DB TRUNCATION: AI correctly identified chains A, B, but DB requires 1. Auto-selected primary chain A based on: Homomer (2 identical GPCR chains) — Rank 4: Preserving AI's originally correct choice (Chain A)] [WARNING: Ligands are bound to truncated chains B!]	2026-02-04	A	apj_human	B
9LQX	apj_human	ELECTRON MICROSCOPY	2.7	Inactive	B	[HOMOMER: chains A, B] [DB TRUNCATION: AI correctly identified chains A, B, but DB requires 1. Auto-selected primary chain B based on: Homomer (2 identical GPCR chains) — Rank 2: Ligand binds exclusively to GPCR Chain B] [WARNING: Ligands are bound to truncated chains A!]	2026-02-04	B	apj_human	A
9LQY	apj_human	ELECTRON MICROSCOPY	2.4	Active	A	[HOMOMER: chains A, B] [DB TRUNCATION: AI correctly identified chains A, B, but DB requires 1. Auto-selected primary chain A based on: Homomer (2 identical GPCR chains) — Rank 4: Preserving AI's originally correct choice (Chain A)] [WARNING: Ligands are bound to truncated chains B!]	2026-02-04	A	apj_human	B
9LQZ	apj_human	ELECTRON MICROSCOPY	2.6	Active	A	[HOMOMER: chains A, B] [DB TRUNCATION: AI correctly identified chains A, B, but DB requires 1. Auto-selected primary chain A based on: Homomer (2 identical GPCR chains) — Rank 4: Preserving AI's originally correct choice (Chain A)] [WARNING: Ligands are bound to truncated chains B!]	2026-02-04	A	apj_human	B
9LR2	apj_human	ELECTRON MICROSCOPY	3.1	Active	R	[HOMOMER: chains Q, R] [DB TRUNCATION: AI correctly identified chains Q, R, but DB requires 1. Auto-selected primary chain R based on: Homomer (2 identical GPCR chains) — Rank 0: G protein-coupling protomer (structure geometry) on Chain R] [WARNING: Ligands are bound to truncated chains Q!]	2026-02-04	B	apj_human	Q
9LR3	apj_human	ELECTRON MICROSCOPY	2.8	Active	R		2026-02-04	B		
9LRB	hrh1_human	ELECTRON MICROSCOPY	2.77	Active	R		2025-06-11	E		
9LRC	hrh4_human	ELECTRON MICROSCOPY	2.84	Active	R		2025-06-11	A		
9LRD	hrh1_human	ELECTRON MICROSCOPY	3.23	Active	R		2025-06-11	E		
9LRE	hrh4_human	ELECTRON MICROSCOPY	2.84	Active	R		2025-06-11	E		
9LW5	adrb2_human	ELECTRON MICROSCOPY	2.87	Active	R		2026-02-18	F		
9LXR	pth1r_human	ELECTRON MICROSCOPY	3.07	Active	R		2025-09-10	E		
9LY2	pth1r_human	ELECTRON MICROSCOPY	3.1	Active	R	Receptor is a chimera of PTH1R (main body) and V2R (C-tail) to facilitate arrestin binding.	2026-03-04	E		
9LY3	pth1r_human	ELECTRON MICROSCOPY	3.4	Active	R	PTH1R-V2R C-tail chimera in complex with Beta-arrestin1 and Fab30.	2026-03-04	E		
9LYB	gpr3_human	ELECTRON MICROSCOPY	3.16	Active	R		2025-04-09	E		
9LYC	gpr3_human	ELECTRON MICROSCOPY	3.06	Active	A	[HOMOMER: chains A, D] [DB TRUNCATION: AI correctly identified chains A, D, but DB requires 1. Auto-selected primary chain A based on: Homomer (2 identical GPCR chains) — Rank 0: G protein-coupling protomer (structure geometry) on Chain A]	2025-04-09	A	gpr3_human	D
9LYD	gpr3_human	ELECTRON MICROSCOPY	3.66	Active	Q	[HOMOMER: chains Q, R] [DB TRUNCATION: AI correctly identified chains Q, R, but DB requires 1. Auto-selected primary chain Q based on: Homomer (2 identical GPCR chains) — Rank 4: Preserving AI's originally correct choice (Chain Q)]	2025-04-09	A	gpr3_human	R
9LZ0	pth1r_human	ELECTRON MICROSCOPY	3.8	Active	R		2026-03-18	E		
9LZ2	pth1r_human	ELECTRON MICROSCOPY	3.0	Active	R	Chimeric receptor with PTH1R 7TM and V2R C-terminal tail.	2026-03-11	E		
9M0D	ntr1_human	ELECTRON MICROSCOPY	3.41	Active	R	Engineered receptor fusion and modified beta-arrestin.	2025-04-09	A		
9M0R	npff1_human	ELECTRON MICROSCOPY	2.47	Active	R		2025-07-23	E		
9M0Z	q5qnq1_danre	ELECTRON MICROSCOPY	2.74	Active	R		2026-03-04	A		
9M1O	npff2_human	ELECTRON MICROSCOPY	2.49	Active	R		2025-07-23	A		
9M1P	q5qnq1_danre	ELECTRON MICROSCOPY	2.8	Active	R		2026-03-04	A		
9M2F	npff1_human	ELECTRON MICROSCOPY	2.93	Active	R		2025-07-23	E		
9M2O	q5qnq1_danre	ELECTRON MICROSCOPY	2.59	Active	R		2026-03-04	A		
9M2S	ta13c_danre	ELECTRON MICROSCOPY	2.78	Active	R		2026-03-04	A		
9M3Q	ta13c_danre	ELECTRON MICROSCOPY	2.74	Active	R		2026-03-11	A		
9M3S	q5qnp9_danre	ELECTRON MICROSCOPY	2.83	Active	R		2026-03-11	E		
9M40	q5qnp8_danre	ELECTRON MICROSCOPY	2.72	Active	R		2026-03-11	A		
9M4Q	ada1a_human	ELECTRON MICROSCOPY	2.99	Inactive	A		2025-07-02	A		
9M4T	ada1a_human	ELECTRON MICROSCOPY	3.19	Inactive	A		2025-07-02	A		
9M8P	gpr3_human	ELECTRON MICROSCOPY	3.42	Intermediate	A	[HOMOMER: chains A, B] [DB TRUNCATION: AI correctly identified chains A, B, but DB requires 1. Auto-selected primary chain A based on: Homomer (2 identical GPCR chains) — Rank 4: Preserving AI's originally correct choice (Chain A)] [WARNING: Ligands are bound to truncated chains B!]	2025-09-24	A	gpr3_human	B
9M8V	gpr3_human	ELECTRON MICROSCOPY	3.83	Intermediate	A	[HOMOMER: chains A, E] [DB TRUNCATION: AI correctly identified chains A, E, but DB requires 1. Auto-selected primary chain A based on: Homomer (2 identical GPCR chains) — Rank 0: G protein-coupling protomer (structure geometry) on Chain A]	2025-09-24	A	gpr3_human	E
9MB9	grm8_human	ELECTRON MICROSCOPY	2.97	Active	R	[HOMOMER: chains D, R] [DB TRUNCATION: AI correctly identified chains D, R, but DB requires 1. Auto-selected primary chain R based on: Homomer (2 identical GPCR chains) — Rank 0: G protein-coupling protomer (structure geometry) on Chain R] [WARNING: Ligands are bound to truncated chains D!]	2025-10-01	B	grm8_human	D
9MBA	grm8_human	ELECTRON MICROSCOPY	3.14	Inactive	D	[HOMOMER: chains D, R] [DB TRUNCATION: AI correctly identified chains D, R, but DB requires 1. Auto-selected primary chain D based on: Homomer (2 identical GPCR chains) — Rank 4: Preserving AI's originally correct choice (Chain D)] [WARNING: Ligands are bound to truncated chains R!]	2025-10-01	C	grm8_human	R
9MBB	grm8_human	ELECTRON MICROSCOPY	3.25	Inactive	A	[HOMOMER: chains A, B] [DB TRUNCATION: AI correctly identified chains A, B, but DB requires 1. Auto-selected primary chain A based on: Homomer (2 identical GPCR chains) — Rank 4: Preserving AI's originally correct choice (Chain A)] [WARNING: Ligands are bound to truncated chains B!]	2025-10-01	A	grm8_human	B
9MBC	grm8_human	ELECTRON MICROSCOPY	2.97	Active	A	[HOMOMER: chains A, B] [DB TRUNCATION: AI correctly identified chains A, B, but DB requires 1. Auto-selected primary chain A based on: Homomer (2 identical GPCR chains) — Rank 4: Preserving AI's originally correct choice (Chain A)] [WARNING: Ligands are bound to truncated chains B!]	2025-10-01	A	grm8_human	B
9MBD	grm8_human	ELECTRON MICROSCOPY	3.32	Inactive	A	Engineered, C-terminally truncated receptor (residues 1-852) with C246S mutation. [HOMOMER: chains A, B] [DB TRUNCATION: AI correctly identified chains A, B, but DB requires 1. Auto-selected primary chain A based on: Homomer (2 identical GPCR chains) — Rank 4: Preserving AI's originally correct choice (Chain A)]	2025-10-01	A	grm8_human	B
9MDU	cxcr4_human	ELECTRON MICROSCOPY	2.9	Inactive	A	[HOMOMER: chains A, B, C, D] [DB TRUNCATION: AI correctly identified chains A, B, C, D, but DB requires 1. Auto-selected primary chain A based on: Homomer (4 identical GPCR chains) — Rank 4: Preserving AI's originally correct choice (Chain A)]	2025-09-10	B	cxcr4_human	B, C, D
9MEJ	cxcr4_human	ELECTRON MICROSCOPY	3.99	Inactive	A	Engineered with C-terminal Flag-tag. Stoichiometry of 4:1 (CXCR4:gp120). [HOMOMER: chains A, B, C, D] [DB TRUNCATION: AI correctly identified chains A, B, C, D, but DB requires 1. Auto-selected primary chain A based on: Homomer (4 identical GPCR chains) — Rank 4: Preserving AI's originally correct choice (Chain A)]	2025-09-10	A	cxcr4_human	B, C, D
9MEN	cxcr4_human	ELECTRON MICROSCOPY	3.57	Inactive	A	[HOMOMER: chains A, B, C, D] [DB TRUNCATION: AI correctly identified chains A, B, C, D, but DB requires 1. Auto-selected primary chain A based on: Homomer (4 identical GPCR chains) — Rank 4: Preserving AI's originally correct choice (Chain A)]	2025-09-10	A	cxcr4_human	B, C, D
9MEU	cxcr4_human	ELECTRON MICROSCOPY	3.46	Inactive	A	[HOMOMER: chains A, B, C, D] [DB TRUNCATION: AI correctly identified chains A, B, C, D, but DB requires 1. Auto-selected primary chain A based on: Homomer (4 identical GPCR chains) — Rank 4: Preserving AI's originally correct choice (Chain A)]	2025-09-10	B	cxcr4_human	B, C, D
9MQH	oprm_human	ELECTRON MICROSCOPY	3.9	Inactive	A		2025-02-12	A		
9MQJ	oprm_human	ELECTRON MICROSCOPY	3.23	Inactive	A		2025-02-12	A		
9MZE	glp1r_human	ELECTRON MICROSCOPY	2.2	Active	R		2026-04-22	E		
9MZF	glp1r_human	ELECTRON MICROSCOPY	2.5	Active	R		2026-04-22	E		
9MZG	glr_human	ELECTRON MICROSCOPY	3.0	Active	R		2026-04-22	B		
9N04	glr_human	ELECTRON MICROSCOPY	2.3	Active	R		2026-04-22	E		
9N05	glp1r_human	ELECTRON MICROSCOPY	2.2	Active	R		2026-04-22	E		
9N0E	glr_human	ELECTRON MICROSCOPY	2.3	Active	R	GCGR-Gs complex with oxyntomodulin peptide.	2026-04-22	E		
9N1P	glp1r_human	ELECTRON MICROSCOPY	2.9	Active	R		2026-04-22	F		
9N1Q	glr_human	ELECTRON MICROSCOPY	3.0	Active	R		2026-04-22	F		
9N2I	glr_human	ELECTRON MICROSCOPY	3.0	Active	R		2026-04-22	A		
9NNZ	opsd_bovin	ELECTRON MICROSCOPY	3.94	Inactive	B		2026-02-18	B		
9NOR	ts1r2_human	ELECTRON MICROSCOPY	3.4	Active	A	[HETEROMER: chains A, B] [DB TRUNCATION: AI correctly identified chains A, B, but DB requires 1. Auto-selected primary chain A based on: Rank 4: Preserving AI's originally correct choice (Chain A)]	2025-05-14	B	ts1r3_human	B
9NOS	ts1r2_human	ELECTRON MICROSCOPY	3.5	Active	A	[HETEROMER: chains A, B] [DB TRUNCATION: AI correctly identified chains A, B, but DB requires 1. Auto-selected primary chain A based on: Rank 4: Preserving AI's originally correct choice (Chain A)]	2025-05-14	B	ts1r3_human	B
9NOY	ts1r2_human	ELECTRON MICROSCOPY	3.7	Inactive	A		2025-05-21	A		
9NS9	ffar2_human	ELECTRON MICROSCOPY	3.3	Active	R		2025-06-25	A		
9NYX	opsd_bovin	ELECTRON MICROSCOPY	3.1	Inactive	B	[HOMOMER: chains B, D] [DB TRUNCATION: AI correctly identified chains B, D, but DB requires 1. Auto-selected primary chain B based on: Homomer (2 identical GPCR chains) — Rank 4: Preserving AI's originally correct choice (Chain B)] [WARNING: Ligands are bound to truncated chains D!]	2026-02-04	C	opsd_bovin	D
9O36	oprm_mouse	ELECTRON MICROSCOPY	2.3	Active	R		2026-04-01	E		
9ODE	oprm_mouse	ELECTRON MICROSCOPY	2.5	Active	D		2026-03-04	C		
9ODF	oprm_mouse	ELECTRON MICROSCOPY	2.4	Active	D		2026-03-04	C		
9ODK	oprm_mouse	ELECTRON MICROSCOPY	3.9	Active	R		2026-01-07	D		
9ODL	oprm_mouse	ELECTRON MICROSCOPY	3.6	Active	R		2026-01-07	D		
9ODM	oprm_mouse	ELECTRON MICROSCOPY	2.8	Active	R		2026-03-04	D		
9ODN	oprm_mouse	ELECTRON MICROSCOPY	2.4	Active	R		2026-03-04	C		
9OMO	grm7_human	ELECTRON MICROSCOPY	4.1	Inactive	A	[HOMOMER: chains A, B] [DB TRUNCATION: AI correctly identified chains A, B, but DB requires 1. Auto-selected primary chain A based on: Homomer (2 identical GPCR chains) — Rank 4: Preserving AI's originally correct choice (Chain A)]	2025-07-09	A	grm7_human	B
9OMP	grm7_human	ELECTRON MICROSCOPY	4.3	Inactive	A	[HOMOMER: chains A, B] [DB TRUNCATION: AI correctly identified chains A, B, but DB requires 1. Auto-selected primary chain A based on: Homomer (2 identical GPCR chains) — Rank 4: Preserving AI's originally correct choice (Chain A)]	2025-07-09	A	grm7_human	B
9OPX	ts1r2_human	ELECTRON MICROSCOPY	3.63	Inactive	A	[HETEROMER: chains A, B] [DB TRUNCATION: AI correctly identified chains A, B, but DB requires 1. Auto-selected primary chain A based on: Rank 4: Preserving AI's originally correct choice (Chain A)]	2025-09-03	A	ts1r3_mouse	B
9OPY	ts1r2_human	ELECTRON MICROSCOPY	3.51	Inactive	A	[HETEROMER: chains A, B] [DB TRUNCATION: AI correctly identified chains A, B, but DB requires 1. Auto-selected primary chain A based on: Rank 4: Preserving AI's originally correct choice (Chain A)]	2025-09-03	A	ts1r3_mouse	B
9OQ0	ts1r2_human	ELECTRON MICROSCOPY	3.67	Intermediate	A	[HETEROMER: chains A, B] [DB TRUNCATION: AI correctly identified chains A, B, but DB requires 1. Auto-selected primary chain A based on: Rank 4: Preserving AI's originally correct choice (Chain A)]	2025-08-27	A	ts1r3_mouse	B
9OXA	t2r43_human	ELECTRON MICROSCOPY	2.9	Active	R		2026-04-22	A		
9P0K	cxcr3_human	ELECTRON MICROSCOPY	3.5	Active	A		2026-04-29	A		
9P0L	cxcr3_human	ELECTRON MICROSCOPY	3.1	Active	A		2026-04-29	A		
9P0M	cxcr3_human	ELECTRON MICROSCOPY	2.95	Active	A	The receptor contains a V260A (6.40) mutation to improve expression yields.	2026-04-29	A		
9P1T	aa2ar_human	ELECTRON MICROSCOPY	3.15	Inactive	A		2025-12-24	A		
9P7Z	ntr1_human	ELECTRON MICROSCOPY	2.1	Active	R		2026-03-25	A		
9P80	ntr1_human	ELECTRON MICROSCOPY	2.3	Intermediate	R		2026-03-25	C		
9P81	ntr1_human	ELECTRON MICROSCOPY	2.6	Active	R	C-open-GTP state; canonical orientation with an open AHD.	2026-03-25	D		
9P82	ntr1_human	ELECTRON MICROSCOPY	2.4	Active	R		2026-03-25	A		
9P83	ntr1_human	ELECTRON MICROSCOPY	3.2	Active	R		2026-03-25	A		
9P84	ntr1_human	ELECTRON MICROSCOPY	2.7	Active	R		2026-03-25	B		
9P86	ntr1_human	ELECTRON MICROSCOPY	2.9	Active	R		2026-03-25	D		
9P87	ntr1_human	ELECTRON MICROSCOPY	2.8	Active	R		2026-03-25	D		
9P88	ntr1_human	ELECTRON MICROSCOPY	2.9	Active	R		2026-03-25	E		
9P89	ntr1_human	ELECTRON MICROSCOPY	3.9	Active	R		2026-03-25	E		
9P92	pacr_human	ELECTRON MICROSCOPY	3.8	Active	R		2025-11-19	E		
9P93	pacr_human	ELECTRON MICROSCOPY	3.2	Active	R		2025-11-19	E		
9P94	pacr_human	ELECTRON MICROSCOPY	3.0	Active	R		2025-11-19	E		
9PA1	oprk_human	ELECTRON MICROSCOPY	2.63	Active	A		2026-07-01	A		
9PA2	oprm_human	ELECTRON MICROSCOPY	2.86	Active	R		2026-07-01	A		
9PA3	oprm_human	ELECTRON MICROSCOPY	3.05	Active	R		2026-07-01	D		
9PA4	oprk_human	ELECTRON MICROSCOPY	2.5	Active	A		2026-07-01	A		
9PA5	oprm_human	ELECTRON MICROSCOPY	2.92	Active	R		2026-07-01	B		
9PA6	oprk_human	ELECTRON MICROSCOPY	3.43	Active	A		2026-07-01	A		
9PLN	ada2a_human	ELECTRON MICROSCOPY	2.8	Active	R		2025-08-20	A		
9PLO	ada2a_human	ELECTRON MICROSCOPY	2.74	Active	R		2025-07-30	D		
9PPQ	oprm_human	ELECTRON MICROSCOPY	3.34	Active	R		2026-03-04	A		
9PPW	oprd_human	ELECTRON MICROSCOPY	3.32	Active	A		2026-03-04	A		
9PPX	oprd_human	ELECTRON MICROSCOPY	3.04	Active	A		2026-03-04	A		
9PPY	oprd_human	ELECTRON MICROSCOPY	3.1	Active	A		2026-03-04	A		
9PPZ	oprd_human	ELECTRON MICROSCOPY	3.19	Active	A		2026-03-04	A		
9PQ0	oprd_human	ELECTRON MICROSCOPY	3.12	Active	A		2026-03-04	A		
9PQD	ada2a_human	ELECTRON MICROSCOPY	3.29	Active	R		2025-08-20	A		
9PXV	oprm_human	ELECTRON MICROSCOPY	3.02	Active	R		2025-11-12	E		
9PXW	oprm_human	ELECTRON MICROSCOPY	3.8	Intermediate	R		2025-11-12	D		
9PXX	oprm_human	ELECTRON MICROSCOPY	3.1	Active	R		2025-11-12	D		
9PXY	oprm_human	ELECTRON MICROSCOPY	3.0	Active	R		2025-11-12	A		
9PY3	oprm_human	ELECTRON MICROSCOPY	3.2	Active	R		2025-11-12	C		
9PY4	oprm_human	ELECTRON MICROSCOPY	2.78	Active	R		2025-11-12	D		
9QC1	ntr1_rat	X-RAY DIFFRACTION	3.124	Active	A		2026-02-11	A		
9QD4	ntr1_rat	X-RAY DIFFRACTION	3.112	Active	A	DARPin fusion	2026-02-11	A		
9QP4	opsb_human	ELECTRON MICROSCOPY	3.06	Intermediate	A		2026-06-24	A		
9R41	5ht1a_human	ELECTRON MICROSCOPY	3.8	Active	R		2026-05-20	D		
9R42	drd3_human	ELECTRON MICROSCOPY	3.24	Active	R		2026-05-20	D		
9RHG	fzd7_human	ELECTRON MICROSCOPY	2.5	Inactive	B	[HOMOMER: chains A, B] [DB TRUNCATION: AI correctly identified chains A, B, but DB requires 1. Auto-selected primary chain B based on: Homomer (2 identical GPCR chains) — Rank 2: Ligand binds exclusively to GPCR Chain B]	2025-12-24	A	fzd7_human	A
9RKF	adrb2_human	X-RAY DIFFRACTION	2.45	Inactive	A		2026-04-22	A		
9RKG	adrb2_human	X-RAY DIFFRACTION	2.45	Inactive	A		2026-04-22	A		
9RKH	adrb2_human	X-RAY DIFFRACTION	2.5	Inactive	A		2026-04-22	A		
9S37	lgr4_human	ELECTRON MICROSCOPY	3.94	Inactive	D		2025-07-30	B		
9T9P	aa2ar_human	ELECTRON MICROSCOPY	3.0	Inactive	B		2026-05-27	B		
9U4J	gpr4_human	ELECTRON MICROSCOPY	3.4	Inactive	A		2026-03-25	A		
9U80	v2r_human	ELECTRON MICROSCOPY	2.94	Inactive	R		2025-12-10	C		
9U81	v2r_human	ELECTRON MICROSCOPY	3.08	Inactive	R		2025-12-10	C		
9U9V	adrb2_human	ELECTRON MICROSCOPY	2.85	Active	R		2025-09-03	E		
9UGL	5ht2c_human	ELECTRON MICROSCOPY	2.65	Inactive	A	Inactive state 5-HT2C receptor.	2026-04-15	A		
9UJM	5ht2a_human	ELECTRON MICROSCOPY	3.07	Inactive	C		2026-04-29	A		
9UMJ	c3ar_mouse	ELECTRON MICROSCOPY	3.38	Active	C		2025-11-26	B		
9UMR	c5ar1_human	ELECTRON MICROSCOPY	3.15	Active	D	C5aR1-Go-ScFv16 complex with C5a-pep agonist. The receptor is fused to a fragment of the M4 receptor at the N-terminus.	2025-11-26	A		
9UMX	c5ar1_human	ELECTRON MICROSCOPY	3.2	Active	A		2025-11-26	A		
9UPM	q9xsx4_macfa	ELECTRON MICROSCOPY	3.21	Inactive	A	Thermostabilized Q114N mutant. Retinal is captured at a membrane-facing uptake site (pore 2) rather than the orthosteric pocket.	2026-06-24	A		
9UPN	q9xsx2_macfa	ELECTRON MICROSCOPY	3.37	Inactive	A		2026-06-24	A		
9UPO	q9xsx2_macfa	ELECTRON MICROSCOPY	3.71	Inactive	A		2026-06-24	A		
9UPU	cxcr4_human	ELECTRON MICROSCOPY	2.8	Active	R		2026-04-29	F		
9UPV	cxcr4_human	ELECTRON MICROSCOPY	2.7	Active	R		2026-04-29	D		
9UT8	ts1r2_human	ELECTRON MICROSCOPY	3.41	Inactive	A	[HETEROMER: chains A, B] [DB TRUNCATION: AI correctly identified chains A, B, but DB requires 1. Auto-selected primary chain A based on: Rank 4: Preserving AI's originally correct choice (Chain A)]	2025-07-16	A	ts1r3_human	B
9UTA	ts1r2_human	ELECTRON MICROSCOPY	3.77	Inactive	A	[HETEROMER: chains A, B] [DB TRUNCATION: AI correctly identified chains A, B, but DB requires 1. Auto-selected primary chain A based on: Rank 4: Preserving AI's originally correct choice (Chain A)]	2025-07-16	A	ts1r3_human	B
9UVT	bkrb2_human	ELECTRON MICROSCOPY	3.29	Inactive	A		2026-05-06	C		
9UVU	bkrb2_human	ELECTRON MICROSCOPY	3.69	Inactive	A		2026-05-06	B		
9UVV	v2r_human	ELECTRON MICROSCOPY	3.02	Inactive	A		2026-05-06	A		
9UVW	v2r_human	ELECTRON MICROSCOPY	2.89	Inactive	A		2026-05-06	A		
9UVX	v2r_human	ELECTRON MICROSCOPY	3.31	Inactive	A		2026-05-06	A		
9UVY	v2r_human	ELECTRON MICROSCOPY	2.98	Inactive	A		2026-05-06	A		
9UVZ	lpar2_human	ELECTRON MICROSCOPY	2.99	Inactive	A		2026-05-06	A		
9UWD	pd2r_human	ELECTRON MICROSCOPY	3.41	Inactive	A		2025-05-28	A		
9UWI	v1ar_human	ELECTRON MICROSCOPY	2.8	Inactive	A	[HOMOMER: chains A, B] [DB TRUNCATION: AI correctly identified chains A, B, but DB requires 1. Auto-selected primary chain A based on: Homomer (2 identical GPCR chains) — Rank 4: Preserving AI's originally correct choice (Chain A)] [WARNING: Ligands are bound to truncated chains B!]	2026-01-28	A	v1ar_human	B
9UWJ	v1ar_human	ELECTRON MICROSCOPY	3.0	Inactive	A	[HOMOMER: chains A, B] [DB TRUNCATION: AI correctly identified chains A, B, but DB requires 1. Auto-selected primary chain A based on: Homomer (2 identical GPCR chains) — Rank 4: Preserving AI's originally correct choice (Chain A)] [WARNING: Ligands are bound to truncated chains B!]	2026-02-04	A	v1ar_human	B
9UWL	v1ar_human	ELECTRON MICROSCOPY	2.6	Inactive	A	[HOMOMER: chains A, B] [DB TRUNCATION: AI correctly identified chains A, B, but DB requires 1. Auto-selected primary chain A based on: Homomer (2 identical GPCR chains) — Rank 4: Preserving AI's originally correct choice (Chain A)] [WARNING: Ligands are bound to truncated chains B!]	2026-02-04	A	v1ar_human	B
9UWV	oprk_human	ELECTRON MICROSCOPY	3.3	Active	R		2026-05-27	E		
9UXN	oxgr1_human	ELECTRON MICROSCOPY	2.7	Active	R		2026-05-27	A		
9UXO	oxgr1_human	ELECTRON MICROSCOPY	2.97	Active	R		2026-05-27	A		
9UXP	oxgr1_human	ELECTRON MICROSCOPY	2.9	Active	R		2026-05-27	A		
9UXQ	oxgr1_human	ELECTRON MICROSCOPY	2.89	Active	R	Local refinement focused on the receptor portion of the AKG-bound OXGR1-Gq complex.	2026-05-27	A		
9UXX	oprk_human	ELECTRON MICROSCOPY	3.6	Active	R	[HOMOMER: chains R, r] [DB TRUNCATION: AI correctly identified chains R, r, but DB requires 1. Auto-selected primary chain R based on: Homomer (2 identical GPCR chains) — Rank 4: Preserving AI's originally correct choice (Chain R)] [WARNING: Ligands are bound to truncated chains r!]	2026-05-27	C	oprk_human	r
9UYH	cml2_human	ELECTRON MICROSCOPY	3.3	Active	R		2025-11-19	D		
9UYI	cml2_human	ELECTRON MICROSCOPY	3.2	Active	R		2025-11-19	D		
9UYJ	cml2_human	ELECTRON MICROSCOPY	3.3	Active	R		2025-11-19	C		
9UYL	cml2_human	ELECTRON MICROSCOPY	3.3	Active	R	Conformation 4; Receptor is a GPR1-V2R chimera where the GPR1 C-tail (L323-Q355) is replaced by the V2R tail (A343-S371) to facilitate arrestin binding.	2025-11-19	A		
9UYM	cml2_human	ELECTRON MICROSCOPY	3.5	Active	R		2025-11-19	E		
9UYO	grm6_human	ELECTRON MICROSCOPY	3.39	Active	A	[HOMOMER: chains A, B] [DB TRUNCATION: AI correctly identified chains A, B, but DB requires 1. Auto-selected primary chain A based on: Homomer (2 identical GPCR chains) — Rank 4: Preserving AI's originally correct choice (Chain A)] [WARNING: Ligands are bound to truncated chains B!]	2026-03-18	B	grm6_human	B
9UYP	grm6_human	ELECTRON MICROSCOPY	3.51	Active	A	[HOMOMER: chains A, B] [DB TRUNCATION: AI correctly identified chains A, B, but DB requires 1. Auto-selected primary chain A based on: Homomer (2 identical GPCR chains) — Rank 4: Preserving AI's originally correct choice (Chain A)] [WARNING: Ligands are bound to truncated chains B!]	2026-03-18	A	grm6_human	B
9UYQ	grm6_human	ELECTRON MICROSCOPY	3.27	Active	A	[HOMOMER: chains A, B] [DB TRUNCATION: AI correctly identified chains A, B, but DB requires 1. Auto-selected primary chain A based on: Homomer (2 identical GPCR chains) — Rank 4: Preserving AI's originally correct choice (Chain A)] [WARNING: Ligands are bound to truncated chains B!]	2026-03-18	B	grm6_human	B
9V0U	agrd1_human	ELECTRON MICROSCOPY	3.51	Active	R		2025-07-30	A		
9V35	c5ar2_human	ELECTRON MICROSCOPY	2.97	Inactive	A		2026-07-01	A		
9V38	c5ar2_human	ELECTRON MICROSCOPY	3.25	Active	R		2026-07-01	A		
9V3C	c5ar2_human	ELECTRON MICROSCOPY	3.82	Active	A		2026-07-01	A		
9V3Y	c5ar2_human	ELECTRON MICROSCOPY	3.06	Active	R		2026-07-01	B		
9V4D	c5ar2_human	ELECTRON MICROSCOPY	3.07	Active	A		2026-07-01	A		
9V6O	oprk_human	ELECTRON MICROSCOPY	2.76	Active	R		2025-11-19	D		
9V82	mrgx4_human	ELECTRON MICROSCOPY	2.56	Inactive	R		2026-05-06	A		
9VAT	ntr1_human	ELECTRON MICROSCOPY	3.37	Active	R		2026-06-03	A		
9VAU	ntr1_human	ELECTRON MICROSCOPY	2.95	Active	R		2026-06-03	A		
9VAV	ntr1_human	ELECTRON MICROSCOPY	2.99	Active	R		2026-06-03	A		
9VAX	ntr1_human	ELECTRON MICROSCOPY	3.46	Active	R		2026-06-03	F		
9VAY	ntr1_human	ELECTRON MICROSCOPY	3.65	Active	R	Cryo-EM structure of hNTSR1-Gi1 complex in a nucleotide-free canonical (C) state (specifically state C2).	2026-06-03	E		
9VAZ	ntr1_human	ELECTRON MICROSCOPY	3.38	Active	R		2026-06-03	E		
9VB0	ntr1_human	ELECTRON MICROSCOPY	3.19	Active	R		2026-06-03	E		
9VB1	ntr1_human	ELECTRON MICROSCOPY	3.31	Active	R		2026-06-03	E		
9VB2	ntr1_human	ELECTRON MICROSCOPY	3.08	Active	R		2026-06-03	A		
9VB3	ntr1_human	ELECTRON MICROSCOPY	3.02	Active	R		2026-06-03	A		
9VB4	ntr1_human	ELECTRON MICROSCOPY	2.85	Active	R		2026-06-03	A		
9VB5	ntr1_human	ELECTRON MICROSCOPY	3.14	Active	R		2026-06-03	A		
9VB7	ntr1_human	ELECTRON MICROSCOPY	3.01	Active	R		2026-06-03	A		
9VBA	ntr1_human	ELECTRON MICROSCOPY	3.38	Active	R		2026-06-03	E		
9VI9	npff1_human	ELECTRON MICROSCOPY	3.02	Active	A		2025-12-03	A		
9VIF	npff1_human	ELECTRON MICROSCOPY	3.19	Active	A		2025-12-03	A		
9VJ5	5ht1a_human	ELECTRON MICROSCOPY	2.69	Active	R		2025-11-12	E		
9VJE	5ht1a_human	ELECTRON MICROSCOPY	2.47	Active	R		2025-11-12	E		
9VJF	5ht1a_human	ELECTRON MICROSCOPY	2.7	Active	R		2025-11-12	E		
9VJG	5ht1a_human	ELECTRON MICROSCOPY	2.67	Active	R		2025-11-12	E		
9VJT	oprm_human	ELECTRON MICROSCOPY	2.97	Active	R	Active state mu-opioid receptor complexed with levomethadone and Gi1.	2026-06-24	E		
9VMY	5ht1a_human	ELECTRON MICROSCOPY	2.86	Active	R		2025-11-12	E		
9VNF	5ht1a_human	ELECTRON MICROSCOPY	2.74	Active	R		2025-11-12	E		
9VNY	s1pr1_human	ELECTRON MICROSCOPY	3.69	Active	F		2026-01-28	E		
9VNZ	s1pr1_human	ELECTRON MICROSCOPY	2.79	Active	F		2026-01-28	E		
9VO0	s1pr1_human	ELECTRON MICROSCOPY	2.79	Active	F		2026-01-28	E		
9VO1	s1pr1_human	ELECTRON MICROSCOPY	2.97	Active	F		2026-01-28	D		
9VOR	mglyr_human	ELECTRON MICROSCOPY	3.47	Inactive	A	[HOMOMER: chains A, B] [DB TRUNCATION: AI correctly identified chains A, B, but DB requires 1. Auto-selected primary chain A based on: Homomer (2 identical GPCR chains) — Rank 4: Preserving AI's originally correct choice (Chain A)] [WARNING: Ligands are bound to truncated chains B!]	2025-12-31	A	mglyr_human	B
9VPN	apj_human	ELECTRON MICROSCOPY	4.0	Active	Q	[HOMOMER: chains Q, R] [DB TRUNCATION: AI correctly identified chains Q, R, but DB requires 1. Auto-selected primary chain Q based on: Homomer (2 identical GPCR chains) — Rank 4: Preserving AI's originally correct choice (Chain Q)]	2026-07-08	F	apj_human	R
9W0H	s1pr3_human	X-RAY DIFFRACTION	3.0	Inactive	A		2026-06-03	A		
9W0L	s1pr3_human	X-RAY DIFFRACTION	3.6	Inactive	A		2026-06-03	A		
9W0M	s1pr2_human	ELECTRON MICROSCOPY	3.8	Active	A		2026-06-03	A		
9W0O	s1pr3_human	ELECTRON MICROSCOPY	3.0	Active	D		2026-06-03	D		
9W0P	t2r14_human	ELECTRON MICROSCOPY	3.6	Active	R		2026-04-22	D		
9W0Q	t2r14_human	ELECTRON MICROSCOPY	3.2	Active	R		2026-04-22	D		
9W0R	t2r46_human	ELECTRON MICROSCOPY	2.7	Active	R		2026-04-22	A		
9W0S	t2r46_human	ELECTRON MICROSCOPY	3.3	Active	R		2026-04-22	D		
9W0T	t2r46_human	ELECTRON MICROSCOPY	3.3	Active	R		2026-04-22	D		
9W0U	t2r46_human	ELECTRON MICROSCOPY	2.9	Active	R		2026-04-22	D		
9W0W	t2r46_human	ELECTRON MICROSCOPY	3.2	Active	R		2026-04-22	A		
9W3F	adrb2_human	ELECTRON MICROSCOPY	3.04	Inactive	A		2026-06-10	A		
9W3L	gp151_human	ELECTRON MICROSCOPY	2.76	Inactive	A		2026-05-06	A		
9W49	oprk_human	ELECTRON MICROSCOPY	2.9	Active	R		2025-11-19	D		
9W6W	5ht5a_human	ELECTRON MICROSCOPY	3.13	Active	R		2025-11-26	E		
9WIJ	gpr84_human	ELECTRON MICROSCOPY	3.05	Inactive	A	Receptor-cytochrome b562 fusion protein.	2026-07-01	A		
9WIK	gpr84_human	ELECTRON MICROSCOPY	3.3	Active	R	GPCR-G protein complex stabilized by fusions and ScFv.	2026-07-01	D		
9WQK	grm5_human	ELECTRON MICROSCOPY	3.7	Active	X	[HOMOMER: chains X, Y] [DB TRUNCATION: AI correctly identified chains X, Y, but DB requires 1. Auto-selected primary chain X based on: Homomer (2 identical GPCR chains) — Rank 0: G protein-coupling protomer (structure geometry) on Chain X] [WARNING: Ligands are bound to truncated chains Y!]	2026-05-27	A	grm5_human	Y
9WQO	grm1_human	ELECTRON MICROSCOPY	2.9	Active	X	[HOMOMER: chains X, Y] [DB TRUNCATION: AI correctly identified chains X, Y, but DB requires 1. Auto-selected primary chain X based on: Homomer (2 identical GPCR chains) — Rank 4: Preserving AI's originally correct choice (Chain X)] [WARNING: Ligands are bound to truncated chains Y!]	2026-05-27	A	grm1_human	Y
9WST	oprm_mouse	ELECTRON MICROSCOPY	2.8	Active	R		2025-11-26	D		
9WSV	oprm_mouse	ELECTRON MICROSCOPY	2.8	Active	R	Chimeric mu-opioid receptor (muORV2R) with the C-terminal tail of the vasopressin V2 receptor to enhance arrestin coupling.	2025-11-26	A		
9WSW	oprm_mouse	ELECTRON MICROSCOPY	2.8	Active	R		2025-11-26	D		
9WSX	oprm_mouse	ELECTRON MICROSCOPY	2.8	Active	R	Active-state complex of μOR with β-arrestin-1 stabilized by Fab30; receptor is a muOR-V2R C-tail chimera.	2025-11-26	A		
9WXM	gpr15_human	ELECTRON MICROSCOPY	3.3	Active	R		2025-11-19	B		
9X20	glp1r_human	ELECTRON MICROSCOPY	3.18	Active	R		2026-05-06	B		
9X3Y	mas_human	ELECTRON MICROSCOPY	2.77	Active	R		2026-04-15	A		
9X41	mas_human	ELECTRON MICROSCOPY	3.31	Active	R		2026-05-20	A		
9XB1	v1ar_human	ELECTRON MICROSCOPY	2.8	Inactive	A	[HOMOMER: chains A, B] [DB TRUNCATION: AI correctly identified chains A, B, but DB requires 1. Auto-selected primary chain A based on: Homomer (2 identical GPCR chains) — Rank 4: Preserving AI's originally correct choice (Chain A)] [WARNING: Ligands are bound to truncated chains B!]	2026-02-04	A	v1ar_human	B
9XDQ	oprd_human	ELECTRON MICROSCOPY	2.79	Active	A		2026-07-08	A		
9XJW	gp119_human	ELECTRON MICROSCOPY	2.53	Active	R		2026-05-27	E		
9XQN	gpr75_human	ELECTRON MICROSCOPY	3.91	Active	A		2026-02-04	A		
9XXT	gp174_human	ELECTRON MICROSCOPY	2.0	Active	R		2026-04-15	A		
9YDU	p2y14_human	ELECTRON MICROSCOPY	3.19	Active	A		2025-11-19	E		
9YDV	p2y14_human	ELECTRON MICROSCOPY	3.05	Active	A		2025-11-19	E		
9YFU	gpr61_human	ELECTRON MICROSCOPY	3.08	Inactive	R		2026-03-25	A		
9ZZO	oprk_human	ELECTRON MICROSCOPY	2.6	Active	A		2026-06-17	C		
